stratum,source,cited_id,class,n_groups,printed_form
SCC_1875-1949,SCC_1928scr416,XC-G140568,ours_only_origin_undetermined|pubca:supported,0,reporter
SCC_1875-1949,SCC_1928scr416,XC-G218845,ours_only_origin_undetermined|pubca:supported,0,reporter
SCC_1875-1949,SCC_1923scr187,XC-G185719,ours_only_origin_undetermined|pubforeign:supported,0,reporter
SCC_1875-1949,SCC_1923scr187,XC-G201793,ours_only_origin_undetermined|pubforeign:supported,0,reporter
SCC_1875-1949,SCC_1923scr187,XC-G223810,ours_only_origin_undetermined|pubforeign:supported,0,reporter
SCC_1875-1949,SCC_1923scr187,XC-G226544,ours_only_origin_undetermined|pubforeign:supported,0,reporter
SCC_1875-1949,SCC_1934scr230,1928canlii479,Q_first_word_only,0,
SCC_1875-1949,SCC_1934scr230,1933canlii133,Q_first_word_only,0,
SCC_1875-1949,SCC_1934scr230,1933canlii354,Q_first_word_only,0,
SCC_1875-1949,SCC_1934scr230,1933canlii105,Q_first_word_only,0,
SCC_1875-1949,SCC_1934scr230,1933canlii359,Q_first_word_only,0,
SCC_1875-1949,SCC_1934scr230,XC-G071710,ours_only_origin_undetermined|pubforeign:heuristic_only,0,reporter
SCC_1875-1949,SCC_1934scr230,XC-G127438,ours_only_origin_undetermined|pubnone:supported,0,reporter
SCC_1875-1949,SCC_1934scr230,XC-G127485,ours_only_origin_undetermined|pubnone:supported,0,reporter
SCC_1875-1949,SCC_1934scr230,XC-G127586,ours_only_origin_undetermined|pubforeign:supported,0,reporter
SCC_1875-1949,SCC_1934scr230,XC-G127669,ours_only_origin_undetermined|pubnone:supported,0,reporter
SCC_1875-1949,SCC_1934scr230,XC-G128323,ours_only_origin_undetermined|pubnone:supported,0,reporter
SCC_1875-1949,SCC_1934scr230,XC-G128401,ours_only_origin_undetermined|pubforeign:supported,0,reporter
SCC_1875-1949,SCC_1934scr230,XC-G129644,ours_only_origin_undetermined|pubforeign:supported,0,reporter
SCC_1875-1949,SCC_1934scr230,XC-G129830,ours_only_origin_undetermined|pubforeign:supported,0,reporter
SCC_1875-1949,SCC_1934scr230,XC-G130143,ours_only_origin_undetermined|pubforeign:supported,0,reporter
SCC_1875-1949,SCC_1934scr230,XC-G130530,ours_only_origin_undetermined|pubforeign:supported,0,reporter
SCC_1875-1949,SCC_1934scr230,XC-G130544,ours_only_origin_undetermined|pubnone:supported,0,reporter
SCC_1875-1949,SCC_1934scr230,XC-G130788,ours_only_origin_undetermined|pubforeign:supported,0,reporter
SCC_1875-1949,SCC_1934scr230,XC-G131283,ours_only_origin_undetermined|pubforeign:supported,0,reporter
SCC_1875-1949,SCC_1934scr230,XC-G131311,ours_only_origin_undetermined|pubforeign:supported,0,reporter
SCC_1875-1949,SCC_1934scr230,XC-G131994,ours_only_origin_undetermined|pubnone:supported,0,reporter
SCC_1875-1949,SCC_1934scr230,XC-G132124,ours_only_origin_undetermined|pubnone:supported,0,reporter
SCC_1875-1949,SCC_1934scr230,XC-G132380,ours_only_origin_undetermined|pubnone:supported,0,reporter
SCC_1875-1949,SCC_1934scr230,XC-G132591,ours_only_origin_undetermined|pubforeign:supported,0,reporter
SCC_1875-1949,SCC_1934scr230,XC-G133068,ours_only_origin_undetermined|pubforeign:supported,0,reporter
SCC_1875-1949,SCC_1934scr230,XC-G133916,ours_only_origin_undetermined|pubforeign:supported,0,reporter
SCC_1875-1949,SCC_1934scr230,XC-G134539,ours_only_origin_undetermined|pubforeign:supported,0,reporter
SCC_1875-1949,SCC_1934scr230,XC-G134683,ours_only_origin_undetermined|pubca:supported,0,reporter
SCC_1875-1949,SCC_1934scr230,XC-G136638,ours_only_origin_undetermined|pubforeign:supported,0,reporter
SCC_1875-1949,SCC_1934scr230,XC-G137533,ours_only_origin_undetermined|pubforeign:supported,0,reporter
SCC_1875-1949,SCC_1934scr230,XC-G138578,ours_only_origin_undetermined|pubnone:supported,0,reporter
SCC_1875-1949,SCC_1934scr230,XC-G140888,ours_only_origin_undetermined|pubca:supported,0,reporter
SCC_1875-1949,SCC_1934scr230,XC-G141499,ours_only_origin_undetermined|pubnone:supported,0,reporter
SCC_1875-1949,SCC_1934scr230,XC-G141706,ours_only_origin_ca|pubca:supported,0,reporter
SCC_1875-1949,SCC_1934scr230,XC-G142100,ours_only_origin_ca|pubca:supported,0,reporter
SCC_1875-1949,SCC_1934scr230,XC-G142158,ours_only_origin_ca|pubca:supported,0,reporter
SCC_1875-1949,SCC_1934scr230,XC-G142252,ours_only_origin_ca|pubca:supported,0,reporter
SCC_1875-1949,SCC_1934scr230,XC-G142263,ours_only_origin_ca|pubca:supported,0,reporter
SCC_1875-1949,SCC_1934scr230,XC-G190571,ours_only_origin_undetermined|pubca:supported,0,reporter
SCC_1875-1949,SCC_1934scr230,XC-G190573,ours_only_origin_undetermined|pubca:supported,0,reporter
SCC_1875-1949,SCC_1943scr37,1941canlii420,Q_first_word_only,0,
SCC_1875-1949,SCC_1943scr37,1942canlii239,Q_first_word_only,0,
SCC_1875-1949,SCC_1943scr37,XC-G144212,ours_only_origin_undetermined|pubca:supported,0,reporter
SCC_1875-1949,SCC_1943scr37,XC-G144353,ours_only_origin_ca|pubca:supported,0,reporter
SCC_1875-1949,SCC_1943scr37,XC-G144377,ours_only_origin_undetermined|pubca:supported,0,reporter
SCC_1875-1949,SCC_1928scr95,XC-G140270,ours_only_origin_undetermined|pubca:supported,0,reporter
SCC_1875-1949,SCC_1939scr271,1879canlii25,Q_first_word_only,0,
SCC_1875-1949,SCC_1939scr271,1899canlii78,Q_first_word_only,0,
SCC_1875-1949,SCC_1939scr271,1915canlii35,both_loose,1,Pearce v. Calgary (City) <-> pearce v calgary
SCC_1875-1949,SCC_1939scr271,XC-G209892,ours_only_origin_ca|pubca:supported,0,reporter
SCC_1875-1949,SCC_1939scr271,XC-G215352,ours_only_origin_ca|pubca:supported,0,reporter
SCC_1875-1949,SCC_1924scr86,XC-G132034,ours_only_origin_undetermined|pubnone:supported,0,reporter
SCC_1875-1949,SCC_1924scr86,XC-G134508,ours_only_origin_undetermined|pubnone:supported,0,reporter
SCC_1875-1949,SCC_1924scr86,XC-G135163,ours_only_origin_undetermined|pubnone:supported,0,reporter
SCC_1875-1949,SCC_1924scr86,XC-G135670,ours_only_origin_undetermined|pubnone:supported,0,reporter
SCC_1875-1949,SCC_1924scr86,XC-G136363,ours_only_origin_undetermined|pubnone:supported,0,reporter
SCC_1875-1949,SCC_1924scr86,XC-G136786,ours_only_origin_undetermined|pubnone:supported,0,reporter
SCC_1875-1949,SCC_1924scr86,XC-G138330,ours_only_origin_undetermined|pubnone:supported,0,reporter
SCC_1875-1949,SCC_1924scr86,XC-G213100,ours_only_origin_undetermined|pubca:supported,0,reporter
SCC_1875-1949,SCC_1936scr649,1935canlii272,C4_extracted_but_elsewhere,0,[#] Ex CR #
SCC_1875-1949,SCC_1936scr649,XC-G142665,ours_only_origin_undetermined|pubforeign:supported,0,reporter
SCC_1875-1949,SCC_1936scr649,XC-G223377,ours_only_origin_undetermined|pubforeign:supported,0,reporter
SCC_1875-1949,SCC_1936scr649,XC-G237066,ours_only_origin_ca|pubca:supported,0,reporter
SCC_1875-1949,SCC_1935scr572,1932canlii318,both_loose,1,Geel v. Winnipeg Electric Company <-> winnipeg electric co v geel
SCC_1875-1949,SCC_1935scr572,1935canlii420,Q_first_word_only,0,
SCC_1875-1949,SCC_1935scr572,1934canlii30,both_loose,1,Poole & Thompson Limited v. McNally <-> poole and thompson ltd v mcnally
SCC_1875-1949,SCC_1935scr572,1931canlii69,both_strong,1,Winnipeg Electric Company v. Geel <-> winnipeg electric co v geel
SCC_1875-1949,SCC_1935scr572,XC-G138872,ours_only_origin_undetermined|pubforeign:supported,0,reporter
SCC_1875-1949,SCC_1935scr572,XC-G142612,ours_only_origin_undetermined|pubca:supported,0,reporter
SCC_1875-1949,SCC_1935scr572,XC-G142633,ours_only_origin_undetermined|pubca:supported,0,reporter
SCC_1875-1949,SCC_1930scr416,XC-G128125,ours_only_origin_undetermined|pubforeign:supported,0,reporter
SCC_1875-1949,SCC_1930scr416,XC-G130013,ours_only_origin_undetermined|pubforeign:heuristic_only,0,reporter
SCC_1875-1949,SCC_1930scr416,XC-G130336,ours_only_origin_undetermined|pubforeign:supported,0,reporter
SCC_1875-1949,SCC_1930scr416,XC-G130582,ours_only_origin_undetermined|pubforeign:supported,0,reporter
SCC_1875-1949,SCC_1930scr416,XC-G141072,ours_only_origin_undetermined|pubca:supported,0,reporter
SCC_1875-1949,SCC_1930scr416,XC-G213579,ours_only_origin_undetermined|pubca:supported,0,reporter
SCC_1875-1949,SCC_1930scr416,XC-G215108,ours_only_origin_undetermined|pubforeign:supported,0,reporter
SCC_1875-1949,SCC_1930scr416,XC-G225163,ours_only_origin_undetermined|pubforeign:supported,0,reporter
SCC_1875-1949,SCC_1930scr416,XC-G229383,ours_only_origin_undetermined|pubforeign:supported,0,reporter
SCC_1875-1949,SCC_1930scr416,XC-G233522,ours_only_origin_undetermined|pubforeign:supported,0,reporter
SCC_1875-1949,SCC_1944scr292,1929canlii12,both_strong,1,Carter v. Van Camp <-> carter v van camp
SCC_1875-1949,SCC_1944scr292,1931canlii301,Q_not_found,0,
SCC_1875-1949,SCC_1944scr292,1913canlii617,Q_not_found,0,
SCC_1875-1949,SCC_1944scr292,XC-G136834,ours_only_origin_undetermined|pubca:supported,0,reporter
SCC_1875-1949,SCC_1944scr292,XC-G141579,ours_only_origin_undetermined|pubnone:supported,0,reporter
SCC_1875-1949,SCC_1944scr292,XC-G143360,ours_only_origin_undetermined|pubforeign:supported,0,reporter
SCC_1875-1949,SCC_1944scr292,XC-G144001,ours_only_origin_undetermined|pubca:supported,0,reporter
SCC_1875-1949,SCC_1944scr292,XC-G205825,ours_only_origin_undetermined|pubca:supported,0,reporter
SCC_1875-1949,SCC_1933scr81,1913canlii1066,Q_first_word_only,0,
SCC_1875-1949,SCC_1933scr81,XC-G191631,ours_only_origin_undetermined|pubnone:supported,0,reporter
SCC_1875-1949,SCC_1926scr371,1925canlii1,both_strong,1,City of Kitchener v. Robe and Clothing Company <-> kitchener city of v robe and clothing co
SCC_1875-1949,SCC_1926scr371,1913canlii557,Q_not_found,0,
SCC_1875-1949,SCC_1926scr371,1908canlii456,Q_first_word_only,0,
SCC_1875-1949,SCC_1926scr371,1904canlii177,Q_first_word_only,0,
SCC_1875-1949,SCC_1926scr371,1903canlii29,Q_first_word_only,0,
SCC_1875-1949,SCC_1926scr371,1914canlii740,Q_first_word_only,0,
SCC_1875-1949,SCC_1926scr371,1884canlii54,both_strong,1,The Canada Southern Ry. Co. v. Phelps <-> canada southern ry co v phelps
SCC_1875-1949,SCC_1926scr371,1914canlii30,both_loose,1,Vancouver Power Co. v. Hounsome <-> vancouver v hounsome
SCC_1875-1949,SCC_1926scr371,1912canlii384,Q_first_word_only,0,
SCC_1875-1949,SCC_1926scr371,XC-G071604,ours_only_origin_undetermined|pubforeign:supported,0,reporter
SCC_1875-1949,SCC_1926scr371,XC-G127589,ours_only_origin_undetermined|pubnone:supported,0,reporter
SCC_1875-1949,SCC_1926scr371,XC-G128556,ours_only_origin_undetermined|pubforeign:supported,0,reporter
SCC_1875-1949,SCC_1926scr371,XC-G129898,ours_only_origin_undetermined|pubforeign:supported,0,reporter
SCC_1875-1949,SCC_1926scr371,XC-G129991,ours_only_origin_undetermined|pubforeign:supported,0,reporter
SCC_1875-1949,SCC_1926scr371,XC-G130683,ours_only_origin_undetermined|pubforeign:supported,0,reporter
SCC_1875-1949,SCC_1926scr371,XC-G132770,ours_only_origin_undetermined|pubforeign:supported,0,reporter
SCC_1875-1949,SCC_1926scr371,XC-G133065,ours_only_origin_undetermined|pubforeign:supported,0,reporter
SCC_1875-1949,SCC_1926scr371,XC-G133260,ours_only_origin_undetermined|pubforeign:supported,0,reporter
SCC_1875-1949,SCC_1926scr371,XC-G133381,ours_only_origin_undetermined|pubforeign:supported,0,reporter
SCC_1875-1949,SCC_1926scr371,XC-G133790,ours_only_origin_undetermined|pubforeign:supported,0,reporter
SCC_1875-1949,SCC_1926scr371,XC-G133794,ours_only_origin_undetermined|pubforeign:supported,0,reporter
SCC_1875-1949,SCC_1926scr371,XC-G133883,ours_only_origin_undetermined|pubforeign:supported,0,reporter
SCC_1875-1949,SCC_1926scr371,XC-G135074,ours_only_origin_undetermined|pubforeign:supported,0,reporter
SCC_1875-1949,SCC_1926scr371,XC-G136125,ours_only_origin_undetermined|pubforeign:supported,0,reporter
SCC_1875-1949,SCC_1926scr371,XC-G136135,ours_only_origin_undetermined|pubforeign:supported,0,reporter
SCC_1875-1949,SCC_1926scr371,XC-G136430,ours_only_origin_undetermined|pubforeign:supported,0,reporter
SCC_1875-1949,SCC_1926scr371,XC-G136444,ours_only_origin_undetermined|pubforeign:supported,0,reporter
SCC_1875-1949,SCC_1926scr371,XC-G136843,ours_only_origin_undetermined|pubca:supported,0,reporter
SCC_1875-1949,SCC_1926scr371,XC-G137126,ours_only_origin_undetermined|pubforeign:supported,0,reporter
SCC_1875-1949,SCC_1926scr371,XC-G139691,ours_only_origin_undetermined|pubforeign:supported,0,reporter
SCC_1875-1949,SCC_1926scr371,XC-G139696,ours_only_origin_undetermined|pubforeign:supported,0,reporter
SCC_1875-1949,SCC_1926scr371,XC-G153318,ours_only_origin_undetermined|pubca:supported,0,reporter
SCC_1875-1949,SCC_1926scr371,XC-G184152,ours_only_origin_undetermined|pubnone:supported,0,reporter
SCC_1875-1949,SCC_1926scr371,XC-G184849,ours_only_origin_undetermined|pubforeign:supported,0,reporter
SCC_1875-1949,SCC_1926scr371,XC-G189746,ours_only_origin_undetermined|pubca:supported,0,reporter
SCC_1875-1949,SCC_1926scr371,XC-G190716,ours_only_origin_ca|pubca:supported,0,reporter
SCC_1875-1949,SCC_1926scr371,XC-G191145,ours_only_origin_undetermined|pubforeign:supported,0,reporter
SCC_1875-1949,SCC_1926scr371,XC-G192931,ours_only_origin_undetermined|pubnone:supported,0,reporter
SCC_1875-1949,SCC_1926scr371,XC-G193088,ours_only_origin_undetermined|pubca:supported,0,reporter
SCC_1875-1949,SCC_1926scr371,XC-G194836,ours_only_origin_undetermined|pubforeign:supported,0,reporter
SCC_1875-1949,SCC_1926scr371,XC-G196553,ours_only_origin_undetermined|pubnone:supported,0,reporter
SCC_1875-1949,SCC_1926scr371,XC-G198049,ours_only_origin_undetermined|pubnone:supported,0,reporter
SCC_1875-1949,SCC_1926scr371,XC-G198408,ours_only_origin_undetermined|pubforeign:supported,0,reporter
SCC_1875-1949,SCC_1926scr371,XC-G198409,ours_only_origin_undetermined|pubforeign:supported,0,reporter
SCC_1875-1949,SCC_1926scr371,XC-G200087,ours_only_origin_undetermined|pubnone:supported,0,reporter
SCC_1875-1949,SCC_1926scr371,XC-G208078,ours_only_origin_undetermined|pubnone:supported,0,reporter
SCC_1875-1949,SCC_1926scr371,XC-G208152,ours_only_origin_undetermined|pubforeign:supported,0,reporter
SCC_1875-1949,SCC_1926scr371,XC-G211512,ours_only_origin_undetermined|pubforeign:supported,0,reporter
SCC_1875-1949,SCC_1926scr371,XC-G212327,ours_only_origin_ca|pubca:supported,0,reporter
SCC_1875-1949,SCC_1926scr371,XC-G212608,ours_only_origin_undetermined|pubforeign:supported,0,reporter
SCC_1875-1949,SCC_1926scr371,XC-G213541,ours_only_origin_ca|pubca:supported,0,reporter
SCC_1875-1949,SCC_1926scr371,XC-G214505,ours_only_origin_ca|pubca:supported,0,reporter
SCC_1875-1949,SCC_1926scr371,XC-G216319,ours_only_origin_undetermined|pubforeign:supported,0,reporter
SCC_1875-1949,SCC_1926scr371,XC-G216379,ours_only_origin_undetermined|pubforeign:supported,0,reporter
SCC_1875-1949,SCC_1926scr371,XC-G217097,ours_only_origin_undetermined|pubforeign:supported,0,reporter
SCC_1875-1949,SCC_1926scr371,XC-G217449,ours_only_origin_undetermined|pubforeign:supported,0,reporter
SCC_1875-1949,SCC_1926scr371,XC-G218658,ours_only_origin_ca|pubca:supported,0,reporter
SCC_1875-1949,SCC_1926scr371,XC-G219547,ours_only_origin_undetermined|pubforeign:supported,0,reporter
SCC_1875-1949,SCC_1926scr371,XC-G219935,ours_only_origin_undetermined|pubforeign:supported,0,reporter
SCC_1875-1949,SCC_1926scr371,XC-G221204,ours_only_origin_undetermined|pubnone:supported,0,reporter
SCC_1875-1949,SCC_1926scr371,XC-G221216,ours_only_origin_undetermined|pubforeign:supported,0,reporter
SCC_1875-1949,SCC_1926scr371,XC-G221708,ours_only_origin_undetermined|pubnone:supported,0,reporter
SCC_1875-1949,SCC_1926scr371,XC-G221734,ours_only_origin_undetermined|pubforeign:supported,0,reporter
SCC_1875-1949,SCC_1926scr371,XC-G222822,ours_only_origin_undetermined|pubforeign:supported,0,reporter
SCC_1875-1949,SCC_1926scr371,XC-G223333,ours_only_origin_undetermined|pubforeign:supported,0,reporter
SCC_1875-1949,SCC_1926scr371,XC-G223380,ours_only_origin_undetermined|pubca:supported,0,reporter
SCC_1875-1949,SCC_1926scr371,XC-G225257,ours_only_origin_undetermined|pubforeign:supported,0,reporter
SCC_1875-1949,SCC_1926scr371,XC-G228522,ours_only_origin_undetermined|pubforeign:supported,0,reporter
SCC_1875-1949,SCC_1926scr371,XC-G228933,ours_only_origin_undetermined|pubnone:supported,0,reporter
SCC_1875-1949,SCC_1926scr371,XC-G229390,ours_only_origin_undetermined|pubforeign:supported,0,reporter
SCC_1875-1949,SCC_1926scr371,XC-G229549,ours_only_origin_undetermined|pubforeign:supported,0,reporter
SCC_1875-1949,SCC_1926scr371,XC-G233532,ours_only_origin_undetermined|pubforeign:supported,0,reporter
SCC_1875-1949,SCC_1926scr371,XC-G233872,ours_only_origin_ca|pubca:supported,0,reporter
SCC_1875-1949,SCC_1926scr371,XC-G234282,ours_only_origin_undetermined|pubca:supported,0,reporter
SCC_1875-1949,SCC_1926scr371,XC-G236345,ours_only_origin_undetermined|pubforeign:supported,0,reporter
SCC_1875-1949,SCC_1949scr574,1948canlii595,both_strong,1,Bagg v. Minister of National Revenue <-> composers authors and publishers association of canada ltd v sandholm holdings ltd
SCC_1875-1949,SCC_1949scr574,XC-G135637,ours_only_origin_undetermined|pubforeign:supported,0,reporter
SCC_1875-1949,SCC_1949scr574,XC-G139716,ours_only_origin_undetermined|pubforeign:supported,0,reporter
SCC_1875-1949,SCC_1949scr574,XC-G145840,ours_only_origin_undetermined|pubnone:supported,0,reporter
SCC_1875-1949,SCC_1949scr574,XC-G223154,ours_only_origin_undetermined|pubnone:supported,0,reporter
SCC_1875-1949,SCC_1932scr54,1929canlii72,both_strong,1,Reference re Waters and Water-Powers <-> reference re waters and water powers
SCC_1875-1949,SCC_1932scr54,1884canlii45,C4_extracted_but_elsewhere,0,# SCR #
SCC_1875-1949,SCC_1932scr54,XC-G130759,ours_only_origin_ca|pubca:supported,0,reporter
SCC_1875-1949,SCC_1948scr37,1896canlii82,C4_extracted_but_elsewhere,0,# SCR #
SCC_1875-1949,SCC_1948scr37,1929canlii31,both_strong,1,In Re Henderson <-> re henderson
SCC_1875-1949,SCC_1948scr37,1885canlii66,both_loose,1,In re Trepanier <-> re trepanier
SCC_1875-1949,SCC_1948scr37,1932canlii31,both_strong,1,Samejima v. The King <-> samejima v the king
SCC_1875-1949,SCC_1948scr37,1905canlii145,Q_first_word_only,0,
SCC_1875-1949,SCC_1948scr37,1910canlii180,Q_first_word_only,0,
SCC_1875-1949,SCC_1948scr37,1901canlii111,Q_first_word_only,0,
SCC_1875-1949,SCC_1948scr37,1901canlii91,Q_first_word_only,0,
SCC_1875-1949,SCC_1948scr37,1903canlii114,Q_first_word_only,0,
SCC_1875-1949,SCC_1948scr37,1904canlii98,Q_not_found,0,
SCC_1875-1949,SCC_1948scr37,1932canlii77,both_strong,1,Vaaro and others v. The King <-> vaaro and others v the king
SCC_1875-1949,SCC_1948scr37,XC-G128177,ours_only_origin_undetermined|pubforeign:supported,0,reporter
SCC_1875-1949,SCC_1948scr37,XC-G133345,ours_only_origin_ca|pubca:supported,0,reporter
SCC_1875-1949,SCC_1948scr37,XC-G134925,ours_only_origin_undetermined|pubca:supported,0,reporter
SCC_1875-1949,SCC_1948scr37,XC-G186049,ours_only_origin_undetermined|pubforeign:supported,0,reporter
SCC_1875-1949,SCC_1948scr37,XC-G186636,ours_only_origin_undetermined|pubca:supported,0,reporter
SCC_1875-1949,SCC_1948scr37,XC-G192776,ours_only_origin_ca|pubca:supported,0,reporter
SCC_1875-1949,SCC_1948scr37,XC-G201608,ours_only_origin_undetermined|pubnone:supported,0,reporter
SCC_1875-1949,SCC_1948scr37,XC-G225417,ours_only_origin_undetermined|pubca:supported,0,reporter
SCC_1875-1949,SCC_1948scr37,XC-G225424,ours_only_origin_undetermined|pubca:supported,0,reporter
SCC_1875-1949,SCC_1948scr37,XC-G225957,ours_only_origin_undetermined|pubforeign:supported,0,reporter
SCC_1875-1949,SCC_1948scr37,XC-G228712,ours_only_origin_undetermined|pubca:supported,0,reporter
SCC_1875-1949,SCC_1925scr505,XC-G198304,ours_only_origin_undetermined|pubforeign:supported,0,reporter
SCC_1875-1949,SCC_1929scr52,1927canlii337,both_loose,2,Halifax (City) v. Fairbanks Estate <-> city of halifax v fairbanks / city of halifax v fairbanks estate
SCC_1875-1949,SCC_1929scr52,1925canlii338,both_loose,1,Manitoba (Attorney General) v. Canada (Attorney General) <-> a g for manitoba v a g for canada
SCC_1875-1949,SCC_1929scr52,1928canlii587,Q_first_word_only,0,
SCC_1875-1949,SCC_1929scr52,1913canlii396,both_loose,1,The King v. Cotton. (Consolidated Appeals.) <-> cotton v the king
SCC_1875-1949,SCC_1929scr52,XC-G128359,ours_only_origin_undetermined|pubnone:supported,0,reporter
SCC_1875-1949,SCC_1929scr52,XC-G129117,ours_only_origin_undetermined|pubforeign:supported,0,reporter
SCC_1875-1949,SCC_1929scr52,XC-G129221,ours_only_origin_undetermined|pubforeign:supported,0,reporter
SCC_1875-1949,SCC_1929scr52,XC-G130238,ours_only_origin_undetermined|pubforeign:supported,0,reporter
SCC_1875-1949,SCC_1929scr52,XC-G131108,ours_only_origin_undetermined|pubforeign:supported,0,reporter
SCC_1875-1949,SCC_1929scr52,XC-G131111,ours_only_origin_undetermined|pubforeign:supported,0,reporter
SCC_1875-1949,SCC_1929scr52,XC-G132310,ours_only_origin_undetermined|pubforeign:supported,0,reporter
SCC_1875-1949,SCC_1929scr52,XC-G134173,ours_only_origin_undetermined|pubforeign:supported,0,reporter
SCC_1875-1949,SCC_1929scr52,XC-G134274,ours_only_origin_undetermined|pubforeign:supported,0,reporter
SCC_1875-1949,SCC_1929scr52,XC-G134575,ours_only_origin_undetermined|pubnone:heuristic_only,0,reporter
SCC_1875-1949,SCC_1929scr52,XC-G137287,ours_only_origin_undetermined|pubforeign:supported,0,reporter
SCC_1875-1949,SCC_1929scr52,XC-G140502,ours_only_origin_undetermined|pubforeign:supported,0,reporter
SCC_1875-1949,SCC_1929scr52,XC-G194982,ours_only_origin_undetermined|pubforeign:supported,0,reporter
SCC_1875-1949,SCC_1929scr52,XC-G214758,ours_only_origin_undetermined|pubca:supported,0,reporter
SCC_1875-1949,SCC_1927scr595,1926canlii237,Q_first_word_only,0,
SCC_1875-1949,SCC_1927scr595,1909canlii406,Q_not_found,0,
SCC_1875-1949,SCC_1927scr595,XC-G140252,ours_only_origin_undetermined|pubca:supported,0,reporter
SCC_1875-1949,SCC_1927scr595,XC-G201399,ours_only_origin_ca|pubca:supported,0,reporter
SCC_1875-1949,SCC_1927scr595,XC-G206651,ours_only_origin_ca|pubca:supported,0,reporter
SCC_1875-1949,SCC_1929scr630,1928canlii620,Q_first_word_only,0,
SCC_1875-1949,SCC_1929scr630,XC-G140816,ours_only_origin_undetermined|pubca:supported,0,reporter
SCC_1875-1949,SCC_1929scr630,XC-G140823,ours_only_origin_undetermined|pubca:supported,0,reporter
SCC_1875-1949,SCC_1929scr630,XC-G217370,ours_only_origin_undetermined|pubca:supported,0,reporter
SCC_1875-1949,SCC_1929scr630,XC-G231901,ours_only_origin_undetermined|pubnone:supported,0,reporter
SCC_1875-1949,SCC_1929scr630,XC-G235200,ours_only_origin_undetermined|pubforeign:supported,0,reporter
SCC_1875-1949,SCC_1933scr44,1927canlii44,Q_first_word_only,0,
SCC_1875-1949,SCC_1933scr44,1926canlii74,Q_first_word_only,0,
SCC_1875-1949,SCC_1933scr44,1922canlii580,Q_first_word_only,0,
SCC_1875-1949,SCC_1933scr44,1928canlii83,Q_first_word_only,0,
SCC_1875-1949,SCC_1933scr44,1929canlii7,Q_first_word_only,0,
SCC_1875-1949,SCC_1933scr44,1932canlii75,Q_not_found,0,
SCC_1875-1949,SCC_1933scr44,1908canlii69,Q_first_word_only,0,
SCC_1875-1949,SCC_1933scr44,XC-G132775,ours_only_origin_undetermined|pubforeign:supported,0,reporter
SCC_1875-1949,SCC_1933scr44,XC-G217377,ours_only_origin_ca|pubca:supported,0,reporter
SCC_1875-1949,SCC_1933scr44,XC-G227495,ours_only_origin_ca|pubca:supported,0,reporter
SCC_1875-1949,SCC_1933scr44,XC-G236710,ours_only_origin_ca|pubca:supported,0,reporter
SCC_1875-1949,SCC_1933scr44,XC-G236721,ours_only_origin_ca|pubca:supported,0,reporter
SCC_1875-1949,SCC_1933scr44,XC-G236730,ours_only_origin_ca|pubca:supported,0,reporter
SCC_1875-1949,SCC_1933scr44,XC-G236749,ours_only_origin_ca|pubca:supported,0,reporter
SCC_1875-1949,SCC_1933scr44,XC-G236757,ours_only_origin_ca|pubca:supported,0,reporter
SCC_1875-1949,SCC_1942scr1,1909canlii33,both_weak,1,Brook v. Booker <-> brook v booker
SCC_1875-1949,SCC_1942scr1,XC-G135487,ours_only_origin_undetermined|pubca:supported,0,reporter
SCC_1875-1949,SCC_1942scr1,XC-G194137,ours_only_origin_undetermined|pubca:supported,0,reporter
SCC_1875-1949,SCC_1926scr194,1910canlii158,Q_not_found,0,
SCC_1875-1949,SCC_1926scr194,1911canlii69,Q_first_word_only,0,
SCC_1875-1949,SCC_1926scr194,1903canlii64,Q_first_word_only,0,
SCC_1875-1949,SCC_1926scr194,1913canlii53,Q_first_word_only,0,
SCC_1875-1949,SCC_1926scr194,1885canlii77,Q_not_found,0,
SCC_1875-1949,SCC_1926scr194,1911canlii73,Q_first_word_only,0,
SCC_1875-1949,SCC_1926scr194,1898canlii50,both_loose,1,King v. Dupuis <-> and king v dupuis
SCC_1875-1949,SCC_1926scr194,1914canlii458,both_weak,1,MacLaren v. Attorney-General For Quebec <-> maclaren v attorney general for quebec
SCC_1875-1949,SCC_1926scr194,1908canlii44,Q_first_word_only,0,
SCC_1875-1949,SCC_1926scr194,1906canlii66,both_weak,1,Tanguay v. Price <-> tanguay v price
SCC_1875-1949,SCC_1926scr194,1915canlii327,Q_first_word_only,0,
SCC_1875-1949,SCC_1926scr194,XC-G128342,ours_only_origin_undetermined|pubnone:supported,0,reporter
SCC_1875-1949,SCC_1926scr194,XC-G129744,ours_only_origin_undetermined|pubca:supported,0,reporter
SCC_1875-1949,SCC_1926scr194,XC-G130943,ours_only_origin_undetermined|pubca:supported,0,reporter
SCC_1875-1949,SCC_1926scr194,XC-G133621,ours_only_origin_undetermined|pubnone:supported,0,reporter
SCC_1875-1949,SCC_1926scr194,XC-G133837,ours_only_origin_undetermined|pubnone:supported,0,reporter
SCC_1875-1949,SCC_1926scr194,XC-G135693,ours_only_origin_undetermined|pubnone:supported,0,reporter
SCC_1875-1949,SCC_1926scr194,XC-G136149,ours_only_origin_undetermined|pubnone:supported,0,reporter
SCC_1875-1949,SCC_1926scr194,XC-G192188,ours_only_origin_undetermined|pubnone:supported,0,reporter
SCC_1875-1949,SCC_1926scr194,XC-G193183,ours_only_origin_undetermined|pubnone:supported,0,reporter
SCC_1875-1949,SCC_1926scr194,XC-G198484,ours_only_origin_undetermined|pubca:supported,0,reporter
SCC_1875-1949,SCC_1926scr194,XC-G201806,ours_only_origin_undetermined|pubca:supported,0,reporter
SCC_1875-1949,SCC_1926scr194,XC-G201807,ours_only_origin_undetermined|pubca:supported,0,reporter
SCC_1875-1949,SCC_1926scr194,XC-G203234,ours_only_origin_undetermined|pubca:supported,0,reporter
SCC_1875-1949,SCC_1926scr194,XC-G203249,ours_only_origin_undetermined|pubca:supported,0,reporter
SCC_1875-1949,SCC_1926scr194,XC-G203251,ours_only_origin_undetermined|pubca:supported,0,reporter
SCC_1875-1949,SCC_1926scr194,XC-G204624,ours_only_origin_undetermined|pubca:supported,0,reporter
SCC_1875-1949,SCC_1926scr194,XC-G208760,ours_only_origin_undetermined|pubca:supported,0,reporter
SCC_1875-1949,SCC_1926scr194,XC-G212332,ours_only_origin_ca|pubca:supported,0,reporter
SCC_1875-1949,SCC_1926scr194,XC-G217376,ours_only_origin_ca|pubca:supported,0,reporter
SCC_1875-1949,SCC_1926scr194,XC-G219051,ours_only_origin_ca|pubca:supported,0,reporter
SCC_1875-1949,SCC_1926scr194,XC-G219427,ours_only_origin_ca|pubca:supported,0,reporter
SCC_1875-1949,SCC_1926scr194,XC-G220460,ours_only_origin_ca|pubca:supported,0,reporter
SCC_1875-1949,SCC_1926scr194,XC-G225050,ours_only_origin_undetermined|pubca:supported,0,reporter
SCC_1875-1949,SCC_1926scr194,XC-G229358,ours_only_origin_undetermined|pubnone:supported,0,reporter
SCC_1875-1949,SCC_1926scr194,XC-G231879,ours_only_origin_undetermined|pubca:supported,0,reporter
SCC_1875-1949,SCC_1926scr194,XC-G232140,ours_only_origin_undetermined|pubca:supported,0,reporter
SCC_1875-1949,SCC_1925scr422,1895canlii61,Q_first_word_only,0,
SCC_1875-1949,SCC_1925scr422,XC-G202889,ours_only_origin_ca|pubca:supported,0,reporter
SCC_1875-1949,SCC_1925scr422,XC-G213587,ours_only_origin_undetermined|pubca:supported,0,reporter
SCC_1875-1949,SCC_1925scr422,XC-G213593,ours_only_origin_undetermined|pubca:supported,0,reporter
SCC_1875-1949,SCC_1940scr406,1939canlii583,both_strong,1,National Elec. Products Corpn. v. Industrial Elec. Products Ltd. <-> 
SCC_1875-1949,SCC_1940scr406,XC-G134791,ours_only_origin_undetermined|pubforeign:supported,0,reporter
SCC_1875-1949,SCC_1940scr406,XC-G143643,ours_only_origin_ca|pubca:supported,0,reporter
SCC_1875-1949,SCC_1948scr183,1933canlii51,both_strong,1,Curran v. Davis <-> curran v davis
SCC_1875-1949,SCC_1948scr183,1930canlii72,both_strong,1,Lamarche v. Bleau <-> lamarche v bleau
SCC_1875-1949,SCC_1948scr183,1937canlii295,Q_first_word_only,0,
SCC_1875-1949,SCC_1948scr183,1912canlii47,C4_extracted_but_elsewhere,0,# SCR #
SCC_1875-1949,SCC_1948scr183,1929canlii78,both_strong,1,Valois v. de Boucherville <-> valois v de boucherville
SCC_1875-1949,SCC_1948scr183,XC-G136894,ours_only_origin_ca|pubca:supported,0,reporter
SCC_1875-1949,SCC_1948scr183,XC-G143202,ours_only_origin_undetermined|pubforeign:supported,0,reporter
SCC_1875-1949,SCC_1948scr183,XC-G145621,ours_only_origin_undetermined|pubnone:supported,0,reporter
SCC_1875-1949,SCC_1931scr288,1929canlii685,C4_extracted_but_elsewhere,0,[#] Ex CR #
SCC_1875-1949,SCC_1931scr288,XC-G128735,ours_only_origin_undetermined|pubforeign:supported,0,reporter
SCC_1875-1949,SCC_1931scr288,XC-G128819,ours_only_origin_undetermined|pubforeign:supported,0,reporter
SCC_1875-1949,SCC_1931scr288,XC-G128896,ours_only_origin_undetermined|pubnone:supported,0,reporter
SCC_1875-1949,SCC_1931scr288,XC-G129876,ours_only_origin_undetermined|pubforeign:supported,0,reporter
SCC_1875-1949,SCC_1931scr288,XC-G140647,ours_only_origin_undetermined|pubforeign:supported,0,reporter
SCC_1875-1949,SCC_1931scr288,XC-G196451,ours_only_origin_undetermined|pubforeign:supported,0,reporter
SCC_1875-1949,SCC_1931scr288,XC-G236788,ours_only_origin_ca|pubca:supported,0,reporter
SCC_1875-1949,SCC_1948scr357,1933canlii600,both_strong,1,Hansen v. The King <-> 
SCC_1875-1949,SCC_1948scr357,1946canlii600,both_strong,1,Leonard Murphy v. The King <-> 
SCC_1875-1949,SCC_1948scr357,1946canlii32,both_strong,1,The King v. Anthony / The King v. Thompson <-> the king v anthony
SCC_1875-1949,SCC_1948scr357,1935canlii1,both_strong,1,The King v. Dubois <-> r v dubois
SCC_1875-1949,SCC_1948scr357,1935canlii36,both_strong,1,The King v. Moscovitz <-> the king v moscovitz
SCC_1875-1949,SCC_1948scr357,1946canlii284,both_strong,1,Tice King v. Toronto Transportation Commission <-> 
SCC_1875-1949,SCC_1948scr357,XC-G127650,ours_only_origin_undetermined|pubforeign:supported,0,reporter
SCC_1875-1949,SCC_1948scr357,XC-G129303,ours_only_origin_undetermined|pubforeign:supported,0,reporter
SCC_1875-1949,SCC_1948scr357,XC-G132295,ours_only_origin_undetermined|pubforeign:supported,0,reporter
SCC_1875-1949,SCC_1948scr357,XC-G134500,ours_only_origin_undetermined|pubforeign:supported,0,reporter
SCC_1875-1949,SCC_1948scr357,XC-G145394,ours_only_origin_undetermined|pubforeign:supported,0,reporter
SCC_1875-1949,SCC_1948scr357,XC-G186946,ours_only_origin_undetermined|pubnone:supported,0,reporter
SCC_1875-1949,SCC_1948scr357,XC-G207016,ours_only_origin_undetermined|pubforeign:supported,0,reporter
SCC_1875-1949,SCC_1926scr163,1920canlii381,both_loose,2,Attorney-General for Canada v. Attorney-General for Quebec. Re Quebec Fisheries <-> attorney general for canada v attorney general for quebec / attorney general for quebec v attorney general for canada
SCC_1875-1949,SCC_1926scr163,1920canlii956,Q_first_word_only,0,
SCC_1875-1949,SCC_1926scr163,1912canlii407,Q_first_word_only,0,
SCC_1875-1949,SCC_1926scr163,1919canlii418,Q_not_found,0,
SCC_1875-1949,SCC_1926scr163,1910canlii48,both_weak,1,Burrard Power Co. v. The King <-> burrard power co v the king
SCC_1875-1949,SCC_1926scr163,1912canlii352,both_loose,1,City of Montreal v. Montreal Street Railway Company (The Attorney-General For the Dominion of Canada and the Attorney-General For the Province of Quebec Intervening) <-> city of montreal v montreal street railway
SCC_1875-1949,SCC_1926scr163,1896canlii76,Q_first_word_only,0,
SCC_1875-1949,SCC_1926scr163,1902canlii241,both_loose,1,"Ontario Mining Company, Limited and Attorney-General for Canada v. Seybold et al. and Attorney-General for Ontario <-> ontario mining co v seybold"
SCC_1875-1949,SCC_1926scr163,XC-G000900,ours_only_origin_undetermined|pubforeign:heuristic_only,0,neutral|reporter
SCC_1875-1949,SCC_1926scr163,XC-G130325,ours_only_origin_undetermined|pubforeign:supported,0,reporter
SCC_1875-1949,SCC_1926scr163,XC-G131490,ours_only_origin_undetermined|pubforeign:supported,0,reporter
SCC_1875-1949,SCC_1926scr163,XC-G133659,ours_only_origin_ca|pubforeign:supported,0,reporter
SCC_1875-1949,SCC_1926scr163,XC-G133855,ours_only_origin_undetermined|pubforeign:supported,0,reporter
SCC_1875-1949,SCC_1926scr163,XC-G135198,ours_only_origin_ca|pubforeign:supported,0,reporter
SCC_1875-1949,SCC_1926scr163,XC-G135415,ours_only_origin_undetermined|pubforeign:supported,0,reporter
SCC_1875-1949,SCC_1926scr163,XC-G135636,ours_only_origin_undetermined|pubforeign:supported,0,reporter
SCC_1875-1949,SCC_1926scr163,XC-G136246,ours_only_origin_undetermined|pubca:heuristic_only,0,reporter
SCC_1875-1949,SCC_1926scr163,XC-G136751,ours_only_origin_ca|pubforeign:supported,0,reporter
SCC_1875-1949,SCC_1926scr163,XC-G138570,ours_only_origin_ca|pubforeign:supported,0,reporter
SCC_1875-1949,SCC_1926scr163,XC-G210944,ours_only_origin_undetermined|pubnone:supported,0,reporter
SCC_1875-1949,SCC_1926scr163,XC-G219287,ours_only_origin_undetermined|pubnone:supported,0,reporter
SCC_1875-1949,SCC_1926scr163,XC-G234881,ours_only_origin_undetermined|pubnone:supported,0,reporter
SCC_1875-1949,SCC_1936scr323,1914canlii585,both_loose,1,Cedars Rapids MFG. and Power Co. v. Lacoste <-> cedars rapids manufacturing and power co v lacoste
SCC_1875-1949,SCC_1936scr323,XC-G142679,ours_only_origin_undetermined|pubca:supported,0,reporter
SCC_1875-1949,SCC_1936scr323,XC-G225046,ours_only_origin_undetermined|pubca:supported,0,reporter
SCC_1875-1949,SCC_1924scr612,1924canlii545,Q_first_word_only,0,
SCC_1875-1949,SCC_1924scr612,1889canlii62,Q_first_word_only,0,
SCC_1875-1949,SCC_1924scr612,XC-G127884,ours_only_origin_undetermined|pubnone:supported,0,reporter
SCC_1875-1949,SCC_1924scr612,XC-G127901,ours_only_origin_undetermined|pubnone:supported,0,reporter
SCC_1875-1949,SCC_1924scr612,XC-G128462,ours_only_origin_undetermined|pubnone:supported,0,reporter
SCC_1875-1949,SCC_1924scr612,XC-G129464,ours_only_origin_undetermined|pubnone:supported,0,reporter
SCC_1875-1949,SCC_1924scr612,XC-G130499,ours_only_origin_undetermined|pubforeign:supported,0,reporter
SCC_1875-1949,SCC_1924scr612,XC-G130828,ours_only_origin_ca|pubca:supported,0,reporter
SCC_1875-1949,SCC_1924scr612,XC-G133216,ours_only_origin_undetermined|pubforeign:supported,0,reporter
SCC_1875-1949,SCC_1924scr612,XC-G135183,ours_only_origin_undetermined|pubforeign:supported,0,reporter
SCC_1875-1949,SCC_1924scr612,XC-G135669,ours_only_origin_undetermined|pubnone:supported,0,reporter
SCC_1875-1949,SCC_1924scr612,XC-G138552,ours_only_origin_undetermined|pubforeign:supported,0,reporter
SCC_1875-1949,SCC_1924scr612,XC-G139704,ours_only_origin_undetermined|pubca:supported,0,reporter
SCC_1875-1949,SCC_1924scr612,XC-G139754,ours_only_origin_undetermined|pubca:supported,0,reporter
SCC_1875-1949,SCC_1924scr612,XC-G192717,ours_only_origin_ca|pubca:supported,0,reporter
SCC_1875-1949,SCC_1924scr612,XC-G193695,ours_only_origin_undetermined|pubforeign:supported,0,reporter
SCC_1875-1949,SCC_1924scr612,XC-G199446,ours_only_origin_undetermined|pubnone:supported,0,reporter
SCC_1875-1949,SCC_1924scr612,XC-G206765,ours_only_origin_undetermined|pubnone:supported,0,reporter
SCC_1875-1949,SCC_1924scr612,XC-G211746,ours_only_origin_undetermined|pubca:supported,0,reporter
SCC_1875-1949,SCC_1931scr141,1929canlii356,Q_first_word_only,0,
SCC_1875-1949,SCC_1931scr141,1929canlii21,Q_first_word_only,0,
SCC_1875-1949,SCC_1931scr141,XC-G141163,ours_only_origin_undetermined|pubca:supported,0,reporter
SCC_1875-1949,SCC_1931scr141,XC-G141168,ours_only_origin_undetermined|pubca:supported,0,reporter
SCC_1875-1949,SCC_1928scr408,XC-G140751,ours_only_origin_undetermined|pubca:supported,0,reporter
SCC_1875-1949,SCC_1928scr408,XC-G203737,ours_only_origin_undetermined|pubnone:supported,0,reporter
SCC_1875-1949,SCC_1929scr483,1928canlii460,Q_first_word_only,0,
SCC_1875-1949,SCC_1929scr483,XC-G140890,ours_only_origin_undetermined|pubca:supported,0,reporter
SCC_1875-1949,SCC_1929scr483,XC-G227212,ours_only_origin_undetermined|pubca:supported,0,reporter
SCC_1875-1949,SCC_1932scr44,1928canlii84,both_strong,1,Busch v. The Eastern Trust Co. et al. <-> busch v eastern trust co
SCC_1875-1949,SCC_1932scr44,1916canlii616,Q_first_word_only,0,
SCC_1875-1949,SCC_1932scr44,XC-G129782,ours_only_origin_undetermined|pubforeign:supported,0,reporter
SCC_1875-1949,SCC_1932scr44,XC-G129783,ours_only_origin_undetermined|pubforeign:supported,0,reporter
SCC_1875-1949,SCC_1932scr44,XC-G137359,ours_only_origin_undetermined|pubca:supported,0,reporter
SCC_1875-1949,SCC_1932scr44,XC-G137591,ours_only_origin_undetermined|pubforeign:supported,0,reporter
SCC_1875-1949,SCC_1932scr44,XC-G141314,ours_only_origin_undetermined|pubca:supported,0,reporter
SCC_1875-1949,SCC_1932scr44,XC-G141320,ours_only_origin_undetermined|pubca:supported,0,reporter
SCC_1875-1949,SCC_1932scr44,XC-G212018,ours_only_origin_undetermined|pubca:supported,0,reporter
SCC_1875-1949,SCC_1932scr44,XC-G223248,ours_only_origin_ca|pubca:supported,0,reporter
SCC_1875-1949,SCC_1934scr324,1919canlii519,both_weak,1,Auger v. Beaudry <-> auger v beaudry
SCC_1875-1949,SCC_1934scr324,1928canlii84,both_strong,1,Busch v. The Eastern Trust Co. et al. <-> busch v eastern trust co
SCC_1875-1949,SCC_1934scr324,1931canlii182,Q_first_word_only,0,
SCC_1875-1949,SCC_1934scr324,1931canlii12,Q_first_word_only,0,
SCC_1875-1949,SCC_1934scr324,XC-G141720,ours_only_origin_ca|pubca:supported,0,reporter
SCC_1875-1949,SCC_1934scr324,XC-G141912,ours_only_origin_undetermined|pubca:supported,0,reporter
SCC_1875-1949,SCC_1934scr324,XC-G142250,ours_only_origin_undetermined|pubca:supported,0,reporter
SCC_1875-1949,SCC_1934scr324,XC-G236747,ours_only_origin_ca|pubca:supported,0,reporter
SCC_1875-1949,SCC_1935scr212,1931canlii46,Q_not_found,0,
SCC_1875-1949,SCC_1935scr212,1934canlii288,Q_first_word_only,0,
SCC_1875-1949,SCC_1935scr212,XC-G134069,ours_only_origin_undetermined|pubforeign:supported,0,reporter
SCC_1875-1949,SCC_1935scr212,XC-G142410,ours_only_origin_ca|pubca:supported,0,reporter
SCC_1875-1949,SCC_1935scr212,XC-G234183,ours_only_origin_undetermined|pubca:supported,0,reporter
SCC_1875-1949,SCC_1935scr212,XC-G236689,ours_only_origin_ca|pubca:supported,0,reporter
SCC_1875-1949,SCC_1932scr720,1931canlii365,Q_first_word_only,0,
SCC_1875-1949,SCC_1932scr720,1931canlii602,Q_first_word_only,0,
SCC_1875-1949,SCC_1932scr720,XC-G141596,ours_only_origin_undetermined|pubca:supported,0,reporter
SCC_1875-1949,SCC_1932scr720,XC-G141809,ours_only_origin_ca|pubca:supported,0,reporter
SCC_1875-1949,SCC_1932scr720,XC-G204254,ours_only_origin_ca|pubca:supported,0,reporter
SCC_1875-1949,SCC_1938scr25,1937canlii262,Q_first_word_only,0,
SCC_1875-1949,SCC_1938scr25,XC-G143119,ours_only_origin_ca|pubca:supported,0,reporter
SCC_1875-1949,SCC_1938scr25,XC-G143127,ours_only_origin_undetermined|pubca:supported,0,reporter
SCC_1950-1999,SCC_1968scr834,1966canlii403,Q_first_word_only,0,
SCC_1950-1999,SCC_1968scr834,1937canlii211,Q_first_word_only,0,
SCC_1950-1999,SCC_1968scr834,XC-G143083,ours_only_origin_undetermined|pubca:supported,0,reporter
SCC_1950-1999,SCC_1968scr834,XC-G150705,ours_only_origin_undetermined|pubca:supported,0,reporter
SCC_1950-1999,SCC_1968scr834,XC-G221585,ours_only_origin_ca|pubca:supported,0,reporter
SCC_1950-1999,SCC_1968scr834,XC-G226910,ours_only_origin_ca|pubca:supported,0,reporter
SCC_1950-1999,SCC_19761scr385,XC-G198853,ours_only_origin_ca|pubca:supported,0,reporter
SCC_1950-1999,SCC_19921scr167,1972canlii1347,both_weak,1,R. v. Eyre <-> r v eyre
SCC_1950-1999,SCC_19921scr167,1990canlii13162,Q_first_word_only,0,
SCC_1950-1999,SCC_19921scr167,1982canlii422,both_weak,1,R. v. Peters <-> r v peters
SCC_1950-1999,SCC_19921scr167,1973canlii1571,Q_not_found,0,
SCC_1950-1999,SCC_19921scr167,1973canlii1477,Q_not_found,0,
SCC_1950-1999,SCC_19921scr167,1978canlii2293,Q_not_found,0,
SCC_1950-1999,SCC_19921scr167,1975canlii1361,Q_not_found,0,
SCC_1950-1999,SCC_19921scr167,1985canlii60,both_strong,1,Skoke-Graham v. The Queen <-> skoke graham v the queen
SCC_1950-1999,SCC_19921scr167,XC-G184021,ours_only_origin_ca|pubca:supported,0,reporter
SCC_1950-1999,SCC_19921scr167,XC-G189350,ours_only_origin_undetermined|pubca:supported,0,reporter
SCC_1950-1999,SCC_19921scr167,XC-G190593,ours_only_origin_undetermined|pubca:supported,0,reporter
SCC_1950-1999,SCC_19921scr167,XC-G198698,ours_only_origin_ca|pubca:supported,0,reporter
SCC_1950-1999,SCC_19921scr167,XC-G204762,ours_only_origin_undetermined|pubca:supported,0,reporter
SCC_1950-1999,SCC_19921scr167,XC-G206242,ours_only_origin_undetermined|pubca:supported,0,reporter
SCC_1950-1999,SCC_19921scr167,XC-G217412,ours_only_origin_undetermined|pubca:supported,0,reporter
SCC_1950-1999,SCC_19812scr64,1949canlii26,both_strong,1,Boudreau v. The King <-> boudreau v the king
SCC_1950-1999,SCC_19812scr64,1978canlii19,both_strong,1,Erven v. The Queen <-> erven v the queen
SCC_1950-1999,SCC_19812scr64,1976canlii155,both_strong,1,Powell v. R. <-> powell v the queen
SCC_1950-1999,SCC_19812scr64,1978canlii3901,both_weak,1,R. v. Clayton <-> r v clayton
SCC_1950-1999,SCC_19812scr64,1947canlii366,both_weak,1,R. v. Deacon <-> r v deacon
SCC_1950-1999,SCC_19812scr64,1980abca79,both_weak,1,R. v. Dhaliwal <-> r v dhaliwal
SCC_1950-1999,SCC_19812scr64,1975canlii193,both_strong,1,R. v. Gauthier <-> r v gauthier
SCC_1950-1999,SCC_19812scr64,1979canlii3018,both_weak,1,R. v. Isaac <-> r v isaac
SCC_1950-1999,SCC_19812scr64,1954canlii372,both_weak,1,R. v. LeBrun <-> r v lebrun
SCC_1950-1999,SCC_19812scr64,1970canlii377,Q_not_found,0,
SCC_1950-1999,SCC_19812scr64,1970canlii1000,Q_not_found,0,
SCC_1950-1999,SCC_19812scr64,1955canlii124,Q_not_found,0,
SCC_1950-1999,SCC_19812scr64,1973canlii1499,Q_not_found,0,
SCC_1950-1999,SCC_19812scr64,1974canlii1427,Q_not_found,0,
SCC_1950-1999,SCC_19812scr64,1947canlii276,Q_not_found,0,
SCC_1950-1999,SCC_19812scr64,1981canlii23,both_strong,1,Rothman v. The Queen <-> rothman v the queen
SCC_1950-1999,SCC_19812scr64,1906canlii106,Q_first_word_only,0,
SCC_1950-1999,SCC_19812scr64,1956canlii28,both_strong,1,The Queen v. Fitton <-> r v fitton
SCC_1950-1999,SCC_19812scr64,1900canlii107,Q_first_word_only,0,
SCC_1950-1999,SCC_19812scr64,XC-G001622,ours_only_origin_foreign|pubforeign:supported,0,reporter
SCC_1950-1999,SCC_19812scr64,XC-G056514,ours_only_origin_undetermined|pubca:heuristic_only,0,reporter
SCC_1950-1999,SCC_19812scr64,XC-G070568,ours_only_origin_undetermined|pubca:supported,0,reporter
SCC_1950-1999,SCC_19812scr64,XC-G074313,ours_only_origin_undetermined|pubca:heuristic_only,0,reporter
SCC_1950-1999,SCC_19812scr64,XC-G116124,ours_only_origin_undetermined|pubca:heuristic_only,0,reporter
SCC_1950-1999,SCC_19812scr64,XC-G133934,ours_only_origin_undetermined|pubca:supported,0,reporter
SCC_1950-1999,SCC_19812scr64,XC-G147030,ours_only_origin_undetermined|pubforeign:supported,0,reporter
SCC_1950-1999,SCC_19812scr64,XC-G151991,ours_only_origin_ca|pubca:supported,0,reporter
SCC_1950-1999,SCC_19812scr64,XC-G186637,ours_only_origin_undetermined|pubca:supported,0,reporter
SCC_1950-1999,SCC_19812scr64,XC-G186725,ours_only_origin_undetermined|pubca:supported,0,reporter
SCC_1950-1999,SCC_19812scr64,XC-G192766,ours_only_origin_undetermined|pubca:heuristic_only,0,reporter
SCC_1950-1999,SCC_19812scr64,XC-G196716,ours_only_origin_ca|pubca:supported,0,reporter
SCC_1950-1999,SCC_19812scr64,XC-G205621,ours_only_origin_ca|pubca:supported,0,reporter
SCC_1950-1999,SCC_19812scr64,XC-G209221,ours_only_origin_ca|pubca:supported,0,reporter
SCC_1950-1999,SCC_19812scr64,XC-G211850,ours_only_origin_undetermined|pubca:supported,0,reporter
SCC_1950-1999,SCC_19812scr64,XC-G215486,ours_only_origin_ca|pubca:supported,0,reporter
SCC_1950-1999,SCC_19812scr64,XC-G227899,ours_only_origin_ca|pubca:supported,0,reporter
SCC_1950-1999,SCC_1964scr69,1960canlii406,Q_first_word_only,0,
SCC_1950-1999,SCC_1964scr69,XC-G127503,ours_only_origin_undetermined|pubnone:supported,0,reporter
SCC_1950-1999,SCC_1964scr69,XC-G148924,ours_only_origin_ca|pubca:supported,0,reporter
SCC_1950-1999,SCC_1964scr69,XC-G187701,ours_only_origin_undetermined|pubforeign:supported,0,reporter
SCC_1950-1999,SCC_19911scr48,1983canlii17,both_strong,1,Abrahams v. Attorney General of Canada <-> abrahams v attorney general of canada
SCC_1950-1999,SCC_19911scr48,1988canlii5680,Q_first_word_only,0,
SCC_1950-1999,SCC_19911scr48,1988canlii67,both_strong,1,Hills v. Canada (Attorney General) <-> hills v canada attorney general
SCC_1950-1999,SCC_19911scr48,XC-G161316,ours_only_origin_ca|pubca:supported,0,reporter
SCC_1950-1999,SCC_19911scr48,XC-G198910,ours_only_origin_ca|pubca:supported,0,reporter
SCC_1950-1999,SCC_19911scr48,XC-G224035,ours_only_origin_ca|pubca:supported,0,reporter
SCC_1950-1999,SCC_19911scr48,XC-G234736,ours_only_origin_ca|pubca:supported,0,reporter
SCC_1950-1999,SCC_1968scr452,1966canlii19,Q_first_word_only,0,
SCC_1950-1999,SCC_1968scr452,XC-G137887,ours_only_origin_undetermined|pubca:supported,0,reporter
SCC_1950-1999,SCC_1968scr452,XC-G150601,ours_only_origin_ca|pubca:supported,0,reporter
SCC_1950-1999,SCC_1968scr452,XC-G224260,ours_only_origin_ca|pubca:supported,0,reporter
SCC_1950-1999,SCC_19872scr512,1983canlii282,both_weak,1,R. v. Konechny <-> r v konechny
SCC_1950-1999,SCC_19872scr512,1987canlii25,both_strong,1,R. v. Lyons <-> r v lyons
SCC_1950-1999,SCC_19872scr512,1987canlii64,both_strong,1,R. v. Smith (Edward Dewey) <-> r v smith
SCC_1950-1999,SCC_19872scr512,1985canlii1,both_strong,1,R. v. Wigman <-> r v wigman
SCC_1950-1999,SCC_19872scr512,1983canlii1743,Q_not_found,0,
SCC_1950-1999,SCC_19872scr512,1984canlii1914,Q_not_found,0,
SCC_1950-1999,SCC_19872scr512,1983canlii1856,both_loose,1,Re Mitchell and The Queen <-> mitchell v attorney general of ontario
SCC_1950-1999,SCC_19872scr512,XC-G008582,ours_only_origin_undetermined|pubca:heuristic_only,0,reporter
SCC_1950-1999,SCC_19872scr512,XC-G158169,ours_only_origin_ca|pubca:supported,0,reporter
SCC_1950-1999,SCC_19872scr512,XC-G190331,ours_only_origin_ca|pubca:supported,0,reporter
SCC_1950-1999,SCC_19872scr512,XC-G225414,ours_only_origin_undetermined|pubca:supported,0,reporter
SCC_1950-1999,SCC_1960scr505,1958canlii717,C4_extracted_but_elsewhere,0,[#] Ex CR #
SCC_1950-1999,SCC_1960scr505,1941canlii7,both_strong,1,Knutson v. The Bourkes Syndicate <-> knutson v the bourkes syndicate and others
SCC_1950-1999,SCC_1960scr505,1958canlii40,both_strong,1,The Municipality of the City and County of Saint-John et al. v. Fraser-Brace Overseas Corporation et al. <-> the municipality of the city and county of st john et al v fraser brace overseas corporation et al
SCC_1950-1999,SCC_1960scr505,1956canlii80,both_strong,1,Universal Fur Dressers and Dyers Ltd. v. The Queen <-> universal fur dressers and dyers ltd v the queen
SCC_1950-1999,SCC_1960scr505,1937canlii245,both_loose,1,Vancouver Growers Limited v. G. H. Snow Limited <-> vancouver growers ltd v g h snow ltd
SCC_1950-1999,SCC_1960scr505,XC-G001660,ours_only_origin_undetermined|pubforeign:heuristic_only,0,reporter
SCC_1950-1999,SCC_1960scr505,XC-G127670,ours_only_origin_undetermined|pubnone:supported,0,reporter
SCC_1950-1999,SCC_1960scr505,XC-G128870,ours_only_origin_undetermined|pubforeign:supported,0,reporter
SCC_1950-1999,SCC_1960scr505,XC-G139918,ours_only_origin_undetermined|pubforeign:supported,0,reporter
SCC_1950-1999,SCC_1960scr505,XC-G143138,ours_only_origin_ca|pubca:supported,0,reporter
SCC_1950-1999,SCC_1960scr505,XC-G144207,ours_only_origin_ca|pubca:supported,0,reporter
SCC_1950-1999,SCC_1960scr505,XC-G189476,ours_only_origin_ca|pubca:supported,0,reporter
SCC_1950-1999,SCC_1960scr505,XC-G196689,ours_only_origin_undetermined|pubforeign:supported,0,reporter
SCC_1950-1999,SCC_1960scr505,XC-G216539,ours_only_origin_undetermined|pubforeign:supported,0,reporter
SCC_1950-1999,SCC_1960scr505,XC-G223231,ours_only_origin_undetermined|pubca:supported,0,reporter
SCC_1950-1999,SCC_1960scr505,XC-G224274,ours_only_origin_undetermined|pubca:supported,0,reporter
SCC_1950-1999,SCC_1960scr505,XC-G224964,ours_only_origin_undetermined|pubca:supported,0,reporter
SCC_1950-1999,SCC_1960scr505,XC-G226477,ours_only_origin_undetermined|pubnone:supported,0,reporter
SCC_1950-1999,SCC_1960scr505,XC-G236962,ours_only_origin_ca|pubca:supported,0,reporter
SCC_1950-1999,SCC_1963scr45,1961canlii705,both_strong,1,Minister of National Revenue v. Sunbeam Corpn. (Canada) Ltd. <-> 
SCC_1950-1999,SCC_1963scr45,XC-G133872,ours_only_origin_foreign|pubforeign:supported,0,reporter
SCC_1950-1999,SCC_1963scr45,XC-G149304,ours_only_origin_undetermined|pubca:supported,0,reporter
SCC_1950-1999,SCC_1963scr45,XC-G226923,ours_only_origin_undetermined|pubca:supported,0,reporter
SCC_1950-1999,SCC_19832scr173,1957canlii92,both_strong,1,Hepton et al. v. Maat et al. <-> hepton v maat
SCC_1950-1999,SCC_19832scr173,1957canlii22,both_strong,1,In Re Agar / McNeilly et al v. Agar <-> mcneilly v agar
SCC_1950-1999,SCC_19832scr173,1950canlii11,both_strong,1,Re Baby Duffell Martin v. Duffell <-> martin v duffell
SCC_1950-1999,SCC_19832scr173,1975canlii146,both_strong,1,Stein et al. v. ‘Kathy K’ et al. (The Ship) <-> stein v the ship kathy k
SCC_1950-1999,SCC_19832scr173,1982canlii3984,Q_not_found,0,
SCC_1950-1999,SCC_19832scr173,XC-G140647,ours_only_origin_undetermined|pubforeign:supported,0,reporter
SCC_1950-1999,SCC_19832scr173,XC-G196022,ours_only_origin_undetermined|pubca:supported,0,reporter
SCC_1950-1999,SCC_19832scr173,XC-G208942,ours_only_origin_ca|pubca:supported,0,reporter
SCC_1950-1999,SCC_1962scr729,1961canlii137,Q_first_word_only,0,
SCC_1950-1999,SCC_1962scr729,1950canlii497,Q_not_found,0,
SCC_1950-1999,SCC_1962scr729,XC-G146535,ours_only_origin_undetermined|pubforeign:supported,0,reporter
SCC_1950-1999,SCC_1962scr729,XC-G149614,ours_only_origin_undetermined|pubca:supported,0,reporter
SCC_1950-1999,SCC_1962scr729,XC-G149618,ours_only_origin_undetermined|pubca:supported,0,reporter
SCC_1950-1999,SCC_1962scr729,XC-G210703,ours_only_origin_ca|pubca:supported,0,reporter
SCC_1950-1999,SCC_19902scr254,1983canlii36,both_strong,1,"A.G. (Can.) v. Can. Nat. Transportation, Ltd. <-> attorney general of canada v canadian national transportation ltd"
SCC_1950-1999,SCC_19902scr254,1989canlii2,both_strong,1,Andrews v. Law Society of British Columbia <-> andrews v law society of british columbia
SCC_1950-1999,SCC_19902scr254,1903canlii121,Q_first_word_only,0,
SCC_1950-1999,SCC_19902scr254,1967canlii65,both_strong,1,Attorney General of British Columbia v. Smith <-> attorney general of british columbia v smith
SCC_1950-1999,SCC_19902scr254,1880canlii28,C4_extracted_but_elsewhere,0,# SCR #
SCC_1950-1999,SCC_19902scr254,1956canlii4,both_strong,1,Goodyear Tire & Rubber Co. of Canada v. R. <-> goodyear tire and rubber co v the queen
SCC_1950-1999,SCC_19902scr254,1931canlii385,both_loose,1,Proprietary Articles Trade Association v. Canada (Attorney General) <-> proprietary articles trade association v attorney general for canada
SCC_1950-1999,SCC_19902scr254,1974canlii150,both_strong,1,R. v. Burnshine <-> r v burnshine
SCC_1950-1999,SCC_19902scr254,1988canlii64,both_strong,1,R. v. Cornell <-> r v cornell
SCC_1950-1999,SCC_19902scr254,1989canlii31,both_strong,1,R. v. M. (S.H.) <-> r v m s h
SCC_1950-1999,SCC_19902scr254,1986canlii46,both_strong,1,R. v. Oakes <-> r v oakes
SCC_1950-1999,SCC_19902scr254,1988canlii7100,both_weak,1,R. v. S. <-> r v s
SCC_1950-1999,SCC_19902scr254,1989canlii98,both_strong,1,R. v. Turpin <-> r v turpin
SCC_1950-1999,SCC_19902scr254,1983canlii29,both_strong,1,R. v. Wetmore <-> r v wetmore
SCC_1950-1999,SCC_19902scr254,1987canlii65,both_strong,1,"Reference re Bill 30, An Act to Amend the Education Act (Ont.) <-> reference re bill 30 an act to"
SCC_1950-1999,SCC_19902scr254,1982canlii53,both_strong,1,Regional Municipality of Peel v. Mackenzie et al. <-> regional municipality of peel v mackenzie
SCC_1950-1999,SCC_19902scr254,1978canlii8,both_strong,1,The Queen v. Zelensky <-> r v zelensky
SCC_1950-1999,SCC_19902scr254,XC-G130303,ours_only_origin_ca|pubca:supported,0,reporter
SCC_1950-1999,SCC_19902scr254,XC-G130330,ours_only_origin_undetermined|pubforeign:supported,0,reporter
SCC_1950-1999,SCC_19902scr254,XC-G134724,ours_only_origin_ca|pubforeign:supported,0,reporter
SCC_1950-1999,SCC_19902scr254,XC-G160092,ours_only_origin_undetermined|pubnone:supported,0,reporter
SCC_1950-1999,SCC_19902scr254,XC-G160816,ours_only_origin_undetermined|pubca:supported,0,reporter
SCC_1950-1999,SCC_19902scr254,XC-G161040,ours_only_origin_undetermined|pubca:supported,0,reporter
SCC_1950-1999,SCC_19902scr254,XC-G194239,ours_only_origin_undetermined|pubca:supported,0,reporter
SCC_1950-1999,SCC_19902scr254,XC-G204545,ours_only_origin_undetermined|pubca:supported,0,reporter
SCC_1950-1999,SCC_19902scr254,XC-G207424,ours_only_origin_ca|pubca:supported,0,reporter
SCC_1950-1999,SCC_19902scr254,XC-G208990,ours_only_origin_ca|pubca:supported,0,reporter
SCC_1950-1999,SCC_19902scr254,XC-G210060,ours_only_origin_undetermined|pubnone:supported,0,reporter
SCC_1950-1999,SCC_19902scr254,XC-G212946,ours_only_origin_undetermined|pubca:supported,0,reporter
SCC_1950-1999,SCC_19902scr254,XC-G215727,ours_only_origin_ca|pubca:supported,0,reporter
SCC_1950-1999,SCC_19902scr254,XC-G227328,ours_only_origin_undetermined|pubca:supported,0,reporter
SCC_1950-1999,SCC_19902scr254,XC-G231232,ours_only_origin_undetermined|pubca:supported,0,reporter
SCC_1950-1999,SCC_19902scr254,XC-G231233,ours_only_origin_undetermined|pubca:supported,0,reporter
SCC_1950-1999,SCC_19902scr254,XC-G235948,ours_only_origin_undetermined|pubnone:supported,0,reporter
SCC_1950-1999,SCC_19932scr230,1978canlii44,both_strong,1,Bradburn v. Wentworth Arms Hotel <-> bradburn v wentworth arms hotel
SCC_1950-1999,SCC_19932scr230,1976canlii45,both_loose,1,Bradburn v. Wentworth Arms Hotel <-> bradburn v wentworth arms hotel ltd
SCC_1950-1999,SCC_19932scr230,1979canlii23,both_strong,1,C.U.P.E. v. N.B. Liquor Corporation <-> canadian union of public employees local 963 v new brunswick liquor corp
SCC_1950-1999,SCC_19932scr230,1989canlii49,both_strong,1,Caimaw v. Paccar of Canada Ltd. <-> c a i m a w v paccar of canada ltd / caimaw v paccar of canada ltd
SCC_1950-1999,SCC_19932scr230,1993canlii164,both_strong,1,Canada (Attorney General) v. Mossop <-> canada attorney general v mossop
SCC_1950-1999,SCC_19932scr230,1991canlii88,both_strong,1,Canada (Attorney General) v. Public Service Alliance of Canada <-> canada attorney general v public service alliance of canada
SCC_1950-1999,SCC_19932scr230,1990canlii6619,Q_first_word_only,0,
SCC_1950-1999,SCC_19932scr230,1979canlii1606,both_strong,1,Douglas Aircraft Co. of Canada v. McConnell <-> douglas aircraft co of canada v mcconnell
SCC_1950-1999,SCC_19932scr230,1985canlii44,both_strong,1,Fraternité des Policiers (C.U.M.) v. C.U.M. <-> fraternit des policiers de la communaut urbaine de montr al inc v communaut urbaine de montr al
SCC_1950-1999,SCC_19932scr230,1989canlii46,both_strong,1,Hémond v. Coopérative fédérée du Québec <-> h mond v coop rative f d r e du qu bec
SCC_1950-1999,SCC_19932scr230,1979canlii26,both_strong,1,Heustis v. N.B. Elect. Power Commiss. <-> heustis v new brunswick electric power commission
SCC_1950-1999,SCC_19932scr230,1990canlii22,both_strong,1,"Lester (W.W.) (1978) Ltd. v. United Association of Journeymen and Apprentices of the Plumbing and Pipefitting Industry, Local 740 <-> "
SCC_1950-1999,SCC_19932scr230,1972canlii1022,Q_not_found,0,
SCC_1950-1999,SCC_19932scr230,1975canlii9,both_strong,1,McGavin Toastmaster Ltd. v. Ainscough <-> mcgavin toastmaster ltd v ainscough
SCC_1950-1999,SCC_19932scr230,1990canlii6974,both_loose,1,Metropolitan Toronto (Municipality) v. C.U.P.E. (C.A.) <-> metropolitan toronto municipality v c u p e loc 43
SCC_1950-1999,SCC_19932scr230,1990canlii49,both_strong,1,National Corn Growers Assn. v. Canada (Import tribunal) <-> national corn growers assn v canada import tribunal
SCC_1950-1999,SCC_19932scr230,1986canlii1733,both_weak,1,Noa v. Burns Meats Ltd. <-> noa v burns meats ltd
SCC_1950-1999,SCC_19932scr230,1980canlii4013,both_loose,1,Re Bell Canada and Communications Workers of Canada <-> re bell canada and communication workers of canada
SCC_1950-1999,SCC_19932scr230,1978canlii1499,both_weak,1,Re Carpenters' District Council of Toronto and Vicinity and Engineering Structures and Components <-> re carpenters district council of toronto and vicinity and engineering structures and components
SCC_1950-1999,SCC_19932scr230,1979canlii1739,both_weak,1,Re Communications Union Canada and Bell Canada <-> re communications union canada and bell canada
SCC_1950-1999,SCC_19932scr230,1972canlii2067,both_loose,1,"Re Coulter Manufacturing Ltd. and United Automobile Workers, Local 222 <-> re coulter manufacturing ltd"
SCC_1950-1999,SCC_19932scr230,1987canlii4272,Q_first_word_only,0,
SCC_1950-1999,SCC_19932scr230,1976canlii2142,both_weak,1,Re De Havilland Aircraft and United Automobile Workers <-> re de havilland aircraft and united automobile workers
SCC_1950-1999,SCC_19932scr230,1980canlii4034,both_loose,1,"Re Fortune Footwear Division of Susan Shoe Industries Ltd. and United Textile Workers of America, Local 369 <-> re fortune footwear and united textile workers of amercia local 369"
SCC_1950-1999,SCC_19932scr230,1980canlii3971,both_weak,1,"Re Goodyear Canada Inc. and United Rubber Workers, Local 232 <-> re goodyear canada inc and united rubber workers local 232"
SCC_1950-1999,SCC_19932scr230,1969canlii1455,both_loose,1,"Re International Chemical Workers, Local 564, and Cyanamid of Canada Limited <-> re international chemical workers local 564 and cyanamid of canada ltd"
SCC_1950-1999,SCC_19932scr230,1985canlii2245,both_loose,1,Re Ontario Public Service Employees Union and The Queen in right of Ontario et al. <-> re ontario public service employees union and the queen in
SCC_1950-1999,SCC_19932scr230,1963canlii1020,both_weak,1,"Re United Steelworkers, Local 5951, and Medland Enterprises Ltd. <-> re united steelworkers local 5951 and medland enterprises ltd"
SCC_1950-1999,SCC_19932scr230,1982canlii2892,both_loose,1,"St. Anne-Nackawic Pulp & Paper Co. Ltd. v. Canadian Paper Workers Union, Local 219 <-> st anne nackawic pulp and paper co v canadian paper workers union local 219"
SCC_1950-1999,SCC_19932scr230,1986canlii71,both_strong,1,St. Anne Nackawic Pulp & Paper v. CPU <-> st anne nackawic pulp and paper co v canadian paper workers union local 219
SCC_1950-1999,SCC_19932scr230,1988canlii30,both_strong,1,"U.E.S., Local 298 v. Bibeault <-> u e s local 298 v bibeault"
SCC_1950-1999,SCC_19932scr230,1979canlii4,both_strong,1,"Volvo Canada Ltd. v. U.A.W., Local 720 <-> volvo canada ltd v u a w local 720"
SCC_1950-1999,SCC_19932scr230,XC-G146231,ours_only_origin_undetermined|pubca:supported,0,reporter
SCC_1950-1999,SCC_19932scr230,XC-G149434,ours_only_origin_undetermined|pubca:supported,0,reporter
SCC_1950-1999,SCC_19932scr230,XC-G150049,ours_only_origin_undetermined|pubforeign:supported,0,reporter
SCC_1950-1999,SCC_19932scr230,XC-G150055,ours_only_origin_undetermined|pubforeign:supported,0,reporter
SCC_1950-1999,SCC_19932scr230,XC-G150067,ours_only_origin_undetermined|pubforeign:supported,0,reporter
SCC_1950-1999,SCC_19932scr230,XC-G152394,ours_only_origin_undetermined|pubforeign:supported,0,reporter
SCC_1950-1999,SCC_19932scr230,XC-G152676,ours_only_origin_ca|pubca:supported,0,reporter
SCC_1950-1999,SCC_19932scr230,XC-G155240,ours_only_origin_undetermined|pubnone:supported,0,reporter
SCC_1950-1999,SCC_19932scr230,XC-G155834,ours_only_origin_undetermined|pubnone:supported,0,reporter
SCC_1950-1999,SCC_19932scr230,XC-G156080,ours_only_origin_undetermined|pubnone:supported,0,reporter
SCC_1950-1999,SCC_19932scr230,XC-G156243,ours_only_origin_undetermined|pubforeign:supported,0,reporter
SCC_1950-1999,SCC_19932scr230,XC-G158329,ours_only_origin_undetermined|pubforeign:supported,0,reporter
SCC_1950-1999,SCC_19932scr230,XC-G158436,ours_only_origin_undetermined|pubnone:supported,0,reporter
SCC_1950-1999,SCC_19932scr230,XC-G158738,ours_only_origin_undetermined|pubforeign:supported,0,reporter
SCC_1950-1999,SCC_19932scr230,XC-G158741,ours_only_origin_undetermined|pubforeign:supported,0,reporter
SCC_1950-1999,SCC_19932scr230,XC-G158867,ours_only_origin_undetermined|pubforeign:supported,0,reporter
SCC_1950-1999,SCC_19932scr230,XC-G158869,ours_only_origin_undetermined|pubforeign:supported,0,reporter
SCC_1950-1999,SCC_19932scr230,XC-G158870,ours_only_origin_undetermined|pubforeign:supported,0,reporter
SCC_1950-1999,SCC_19932scr230,XC-G159270,ours_only_origin_undetermined|pubforeign:supported,0,reporter
SCC_1950-1999,SCC_19932scr230,XC-G159387,ours_only_origin_undetermined|pubforeign:supported,0,reporter
SCC_1950-1999,SCC_19932scr230,XC-G159951,ours_only_origin_undetermined|pubforeign:supported,0,reporter
SCC_1950-1999,SCC_19932scr230,XC-G160470,ours_only_origin_ca|pubca:supported,0,reporter
SCC_1950-1999,SCC_19932scr230,XC-G161106,ours_only_origin_undetermined|pubforeign:supported,0,reporter
SCC_1950-1999,SCC_19932scr230,XC-G161120,ours_only_origin_undetermined|pubforeign:supported,0,reporter
SCC_1950-1999,SCC_19932scr230,XC-G161125,ours_only_origin_undetermined|pubforeign:supported,0,reporter
SCC_1950-1999,SCC_19932scr230,XC-G161128,ours_only_origin_undetermined|pubforeign:supported,0,reporter
SCC_1950-1999,SCC_19932scr230,XC-G161538,ours_only_origin_undetermined|pubforeign:supported,0,reporter
SCC_1950-1999,SCC_19932scr230,XC-G161681,ours_only_origin_undetermined|pubforeign:supported,0,reporter
SCC_1950-1999,SCC_19932scr230,XC-G161685,ours_only_origin_undetermined|pubforeign:supported,0,reporter
SCC_1950-1999,SCC_19932scr230,XC-G162199,ours_only_origin_ca|pubca:supported,0,reporter
SCC_1950-1999,SCC_19932scr230,XC-G162245,ours_only_origin_undetermined|pubforeign:supported,0,reporter
SCC_1950-1999,SCC_19932scr230,XC-G162468,ours_only_origin_undetermined|pubca:heuristic_only,0,reporter
SCC_1950-1999,SCC_19932scr230,XC-G208981,ours_only_origin_ca|pubca:supported,0,reporter
SCC_1950-1999,SCC_19932scr230,XC-G211571,ours_only_origin_undetermined|pubforeign:supported,0,reporter
SCC_1950-1999,SCC_19932scr230,XC-G217566,ours_only_origin_undetermined|pubca:supported,0,reporter
SCC_1950-1999,SCC_19932scr230,XC-G218364,ours_only_origin_ca|pubca:supported,0,reporter
SCC_1950-1999,SCC_19932scr230,XC-G219753,ours_only_origin_undetermined|pubforeign:supported,0,reporter
SCC_1950-1999,SCC_19932scr230,XC-G220149,ours_only_origin_undetermined|pubca:supported,0,reporter
SCC_1950-1999,SCC_19932scr230,XC-G220437,ours_only_origin_undetermined|pubforeign:supported,0,reporter
SCC_1950-1999,SCC_19932scr230,XC-G226604,ours_only_origin_undetermined|pubforeign:supported,0,reporter
SCC_1950-1999,SCC_19932scr230,XC-G229918,ours_only_origin_undetermined|pubforeign:supported,0,reporter
SCC_1950-1999,SCC_19932scr230,XC-G230047,ours_only_origin_undetermined|pubforeign:supported,0,reporter
SCC_1950-1999,SCC_19932scr230,XC-G230048,ours_only_origin_undetermined|pubforeign:supported,0,reporter
SCC_1950-1999,SCC_19932scr230,XC-G230050,ours_only_origin_undetermined|pubforeign:supported,0,reporter
SCC_1950-1999,SCC_19932scr230,XC-G230245,ours_only_origin_ca|pubca:supported,0,reporter
SCC_1950-1999,SCC_19932scr230,XC-G230419,ours_only_origin_undetermined|pubforeign:supported,0,reporter
SCC_1950-1999,SCC_19932scr230,XC-G230907,ours_only_origin_undetermined|pubforeign:supported,0,reporter
SCC_1950-1999,SCC_19932scr230,XC-G232681,ours_only_origin_undetermined|pubforeign:supported,0,reporter
SCC_1950-1999,SCC_19932scr230,XC-G232788,ours_only_origin_undetermined|pubforeign:supported,0,reporter
SCC_1950-1999,SCC_19932scr230,XC-G232889,ours_only_origin_undetermined|pubforeign:supported,0,reporter
SCC_1950-1999,SCC_19932scr230,XC-G233135,ours_only_origin_undetermined|pubforeign:supported,0,reporter
SCC_1950-1999,SCC_19932scr230,XC-G233140,ours_only_origin_undetermined|pubforeign:supported,0,reporter
SCC_1950-1999,SCC_19932scr230,XC-G234553,ours_only_origin_undetermined|pubforeign:supported,0,reporter
SCC_1950-1999,SCC_19952scr876,1974canlii492,Q_first_word_only,0,
SCC_1950-1999,SCC_19952scr876,1919canlii416,both_loose,1,Lamoureux v. Craig <-> craig v lamoureux
SCC_1950-1999,SCC_19952scr876,1965canlii17,both_strong,1,Re Martin ; MacGregor v. Ryan <-> macgregor v ryan
SCC_1950-1999,SCC_19952scr876,1934canlii13,both_strong,1,Riach v. Ferris <-> riach v ferris
SCC_1950-1999,SCC_19952scr876,XC-G128051,ours_only_origin_undetermined|pubforeign:heuristic_only,0,reporter
SCC_1950-1999,SCC_19952scr876,XC-G132788,ours_only_origin_undetermined|pubforeign:supported,0,reporter
SCC_1950-1999,SCC_19952scr876,XC-G143282,ours_only_origin_undetermined|pubnone:supported,0,reporter
SCC_1950-1999,SCC_19952scr876,XC-G153592,ours_only_origin_ca|pubca:supported,0,reporter
SCC_1950-1999,SCC_19952scr876,XC-G156235,ours_only_origin_undetermined|pubnone:supported,0,reporter
SCC_1950-1999,SCC_19952scr876,XC-G162288,ours_only_origin_undetermined|pubca:supported,0,reporter
SCC_1950-1999,SCC_19952scr876,XC-G163969,ours_only_origin_undetermined|pubca:supported,0,reporter
SCC_1950-1999,SCC_19952scr876,XC-G188263,ours_only_origin_undetermined|pubforeign:supported,0,reporter
SCC_1950-1999,SCC_19952scr876,XC-G198225,ours_only_origin_undetermined|pubnone:supported,0,reporter
SCC_1950-1999,SCC_19952scr876,XC-G209317,ours_only_origin_ca|pubca:supported,0,reporter
SCC_1950-1999,SCC_19952scr876,XC-G236393,ours_only_origin_undetermined|pubnone:supported,0,reporter
SCC_1950-1999,SCC_19891scr1764,1945canlii17,both_strong,2,In Re Storgoff <-> in re storgoff / r v storgoff
SCC_1950-1999,SCC_19891scr1764,1986canlii17,both_strong,1,Mills v. The Queen <-> mills v the queen
SCC_1950-1999,SCC_19891scr1764,1953canlii34,both_strong,1,Poje v. Attorney General for British Columbia <-> poje v attorney general for british columbia
SCC_1950-1999,SCC_19891scr1764,1985abca128,both_weak,1,R. v. Cass <-> r v cass
SCC_1950-1999,SCC_19891scr1764,1986canlii1172,both_loose,1,R. v. Meltzer <-> re meltzer and the queen
SCC_1950-1999,SCC_19891scr1764,1976canlii1405,both_loose,1,R. v. Turangan <-> re turangan and chui and the queen
SCC_1950-1999,SCC_19891scr1764,1983canlii35,both_strong,1,Wilson v. The Queen <-> wilson v the queen
SCC_1950-1999,SCC_19891scr1764,XC-G003447,ours_only_origin_undetermined|pubca:heuristic_only,0,reporter
SCC_1950-1999,SCC_19891scr1764,XC-G161995,ours_only_origin_ca|pubca:supported,0,reporter
SCC_1950-1999,SCC_19891scr1764,XC-G213957,ours_only_origin_undetermined|pubca:supported,0,reporter
SCC_1950-1999,SCC_19891scr1764,XC-G235859,ours_only_origin_undetermined|pubca:supported,0,reporter
SCC_1950-1999,SCC_19771scr271,1932canlii40,both_strong,1,Acme (Village) School District No. 2296 v. Steele Smith <-> acme village school district board of trustees of v steele smith
SCC_1950-1999,SCC_19771scr271,1972canlii9,both_strong,1,Assessment Commissioner (Stouffville) v. Mennonite Home Association <-> assessment commissioner of the corporation of the village of stouffville v mennonite home associa tion
SCC_1950-1999,SCC_19771scr271,1965canlii68,both_strong,1,Hargal Oils Ltd. v. Minister of National Revenue <-> hargal oils ltd v minister of national revenue
SCC_1950-1999,SCC_19771scr271,1933canlii86,both_strong,1,Spooner Oils Ltd. v. Turner Valley Gas Conservation <-> spooner oils ltd v turner valley gas conservation board
SCC_1950-1999,SCC_19771scr271,1961canlii774,both_loose,1,Western Leaseholds Ltd. v. M.N.R. <-> western leaseholds ltd v minister of national revenue
SCC_1950-1999,SCC_19771scr271,XC-G131126,ours_only_origin_undetermined|pubforeign:supported,0,reporter
SCC_1950-1999,SCC_19771scr271,XC-G133010,ours_only_origin_undetermined|pubforeign:supported,0,reporter
SCC_1950-1999,SCC_19771scr271,XC-G149207,ours_only_origin_undetermined|pubforeign:supported,0,reporter
SCC_1950-1999,SCC_19771scr271,XC-G152945,ours_only_origin_ca|pubca:supported,0,reporter
SCC_1950-1999,SCC_19771scr271,XC-G198771,ours_only_origin_ca|pubca:supported,0,reporter
SCC_1950-1999,SCC_19901scr114,1988canlii1278,Q_first_word_only,0,
SCC_1950-1999,SCC_19901scr114,XC-G161781,ours_only_origin_ca|pubca:supported,0,reporter
SCC_1950-1999,SCC_19901scr114,XC-G198660,ours_only_origin_ca|pubca:supported,0,reporter
SCC_1950-1999,SCC_19901scr114,XC-G220193,ours_only_origin_ca|pubca:supported,0,reporter
SCC_1950-1999,SCC_19861scr749,1984canlii572,both_weak,1,Nelson v. C.T.C. Mortgage Corp. <-> nelson v c t c mortgage corp
SCC_1950-1999,SCC_19861scr749,XC-G159223,ours_only_origin_undetermined|pubca:supported,0,reporter
SCC_1950-1999,SCC_19861scr749,XC-G199062,ours_only_origin_ca|pubca:supported,0,reporter
SCC_1950-1999,SCC_19861scr749,XC-G224883,ours_only_origin_undetermined|pubca:supported,0,reporter
SCC_1950-1999,SCC_19931scr167,1990abca337,Q_first_word_only,0,
SCC_1950-1999,SCC_19931scr167,1991abca4,Q_first_word_only,0,
SCC_1950-1999,SCC_19931scr167,1984canlii3082,both_weak,1,Canada Permanent Trust Co. v. King's Bridge Apartments Ltd. <-> canada permanent trust co v king s bridge apartments ltd
SCC_1950-1999,SCC_19931scr167,1963canlii645,both_weak,1,Colonial & Home Fuel Distributors Ltd. v. Skinners' Ltd. <-> colonial and home fuel distributors ltd v skinners ltd
SCC_1950-1999,SCC_19931scr167,1963canlii591,both_weak,1,Colonial & Home Fuel Distributors Ltd. v. Skinners' Ltd. <-> colonial and home fuel distributors ltd v skinners ltd
SCC_1950-1999,SCC_19931scr167,1991canlii48,both_strong,1,Communities Economic Development Fund v. Canadian Pickles Corp. <-> communities economic development fund v canadian pickles corp
SCC_1950-1999,SCC_19931scr167,1989canlii3174,Q_first_word_only,0,
SCC_1950-1999,SCC_19931scr167,1921canlii514,both_weak,1,Paul v. Paul <-> paul v paul
SCC_1950-1999,SCC_19931scr167,1960canlii407,both_weak,1,Re Bahnsen and Hazelwood <-> re bahnsen and hazelwood
SCC_1950-1999,SCC_19931scr167,1975canlii1138,both_weak,1,Re MacDonald and Law Society of Manitoba <-> re macdonald and law society of manitoba
SCC_1950-1999,SCC_19931scr167,1973canlii1200,both_weak,1,Re Morris and Morris <-> re morris and morris
SCC_1950-1999,SCC_19931scr167,1962canlii391,both_weak,1,Sara v. Sara <-> sara v sara
SCC_1950-1999,SCC_19931scr167,XC-G001735,ours_only_origin_undetermined|pubforeign:supported,0,reporter
SCC_1950-1999,SCC_19931scr167,XC-G006387,ours_only_origin_undetermined|pubforeign:heuristic_only,0,reporter
SCC_1950-1999,SCC_19931scr167,XC-G129524,ours_only_origin_undetermined|pubforeign:supported,0,reporter
SCC_1950-1999,SCC_19931scr167,XC-G130335,ours_only_origin_undetermined|pubforeign:supported,0,reporter
SCC_1950-1999,SCC_19931scr167,XC-G132018,ours_only_origin_undetermined|pubforeign:supported,0,reporter
SCC_1950-1999,SCC_19931scr167,XC-G135952,ours_only_origin_undetermined|pubforeign:supported,0,reporter
SCC_1950-1999,SCC_19931scr167,XC-G142561,ours_only_origin_undetermined|pubforeign:supported,0,reporter
SCC_1950-1999,SCC_19931scr167,XC-G143090,ours_only_origin_undetermined|pubnone:supported,0,reporter
SCC_1950-1999,SCC_19931scr167,XC-G143420,ours_only_origin_undetermined|pubforeign:supported,0,reporter
SCC_1950-1999,SCC_19931scr167,XC-G150273,ours_only_origin_ca|pubca:supported,0,reporter
SCC_1950-1999,SCC_19931scr167,XC-G150620,ours_only_origin_undetermined|pubforeign:supported,0,reporter
SCC_1950-1999,SCC_19931scr167,XC-G152096,ours_only_origin_undetermined|pubforeign:supported,0,reporter
SCC_1950-1999,SCC_19931scr167,XC-G154333,ours_only_origin_undetermined|pubforeign:supported,0,reporter
SCC_1950-1999,SCC_19931scr167,XC-G157547,ours_only_origin_undetermined|pubca:supported,0,reporter
SCC_1950-1999,SCC_19931scr167,XC-G158720,ours_only_origin_undetermined|pubca:heuristic_only,0,reporter
SCC_1950-1999,SCC_19931scr167,XC-G159803,ours_only_origin_undetermined|pubca:supported,0,reporter
SCC_1950-1999,SCC_19931scr167,XC-G185846,ours_only_origin_ca|pubca:supported,0,reporter
SCC_1950-1999,SCC_19931scr167,XC-G185899,ours_only_origin_ca|pubca:supported,0,reporter
SCC_1950-1999,SCC_19931scr167,XC-G191117,ours_only_origin_undetermined|pubca:supported,0,reporter
SCC_1950-1999,SCC_19931scr167,XC-G193595,ours_only_origin_undetermined|pubforeign:supported,0,reporter
SCC_1950-1999,SCC_19931scr167,XC-G198698,ours_only_origin_ca|pubca:supported,0,reporter
SCC_1950-1999,SCC_19931scr167,XC-G209654,ours_only_origin_undetermined|pubnone:supported,0,reporter
SCC_1950-1999,SCC_19931scr167,XC-G213753,ours_only_origin_undetermined|pubnone:supported,0,reporter
SCC_1950-1999,SCC_19931scr167,XC-G228020,ours_only_origin_undetermined|pubca:supported,0,reporter
SCC_1950-1999,SCC_19931scr167,XC-G230479,ours_only_origin_ca|pubca:supported,0,reporter
SCC_1950-1999,SCC_19931scr167,XC-G230482,ours_only_origin_ca|pubca:supported,0,reporter
SCC_1950-1999,SCC_19931scr167,XC-G230674,ours_only_origin_undetermined|pubca:supported,0,reporter
SCC_1950-1999,SCC_19931scr167,XC-G230800,ours_only_origin_undetermined|pubca:supported,0,reporter
SCC_1950-1999,SCC_19931scr167,XC-G234414,ours_only_origin_undetermined|pubca:supported,0,reporter
SCC_1950-1999,SCC_19931scr167,XC-G235567,ours_only_origin_ca|pubca:supported,0,reporter
SCC_1950-1999,SCC_1969scr865,1968canlii86,both_strong,1,Hadden v. The Queen <-> hadden v the queen
SCC_1950-1999,SCC_1969scr865,1956canlii30,both_strong,1,Kirkland v. The Queen <-> kirkland v the queen
SCC_1950-1999,SCC_1969scr865,1968canlii102,both_strong,1,Paton v. The Queen <-> paton v the queen
SCC_1950-1999,SCC_1969scr865,1968canlii105,both_strong,1,Poole v. The Queen <-> poole v the queen
SCC_1950-1999,SCC_1969scr865,1965canlii499,Q_not_found,0,
SCC_1950-1999,SCC_1969scr865,XC-G060266,ours_only_origin_undetermined|pubca:heuristic_only,0,reporter
SCC_1950-1999,SCC_1969scr865,XC-G146809,ours_only_origin_undetermined|pubforeign:supported,0,reporter
SCC_1950-1999,SCC_1969scr865,XC-G150408,ours_only_origin_undetermined|pubca:supported,0,reporter
SCC_1950-1999,SCC_1969scr865,XC-G186247,ours_only_origin_ca|pubca:supported,0,reporter
SCC_1950-1999,SCC_1969scr865,XC-G203704,ours_only_origin_undetermined|pubca:supported,0,reporter
SCC_1950-1999,SCC_1969scr865,XC-G208701,ours_only_origin_undetermined|pubnone:supported,0,reporter
SCC_1950-1999,SCC_1969scr865,XC-G215458,ours_only_origin_undetermined|pubca:supported,0,reporter
SCC_1950-1999,SCC_1969scr865,XC-G215463,ours_only_origin_undetermined|pubca:supported,0,reporter
SCC_1950-1999,SCC_1969scr865,XC-G215633,ours_only_origin_undetermined|pubca:supported,0,reporter
SCC_1950-1999,SCC_1969scr865,XC-G215634,ours_only_origin_undetermined|pubca:supported,0,reporter
SCC_1950-1999,SCC_1969scr865,XC-G215635,ours_only_origin_undetermined|pubca:supported,0,reporter
SCC_1950-1999,SCC_1969scr865,XC-G221252,ours_only_origin_undetermined|pubca:supported,0,reporter
SCC_1950-1999,SCC_1969scr865,XC-G223060,ours_only_origin_ca|pubca:supported,0,reporter
SCC_1950-1999,SCC_1969scr865,XC-G227441,ours_only_origin_ca|pubca:supported,0,reporter
SCC_1950-1999,SCC_1969scr865,XC-G228227,ours_only_origin_ca|pubca:supported,0,reporter
SCC_1950-1999,SCC_19962scr463,1995canlii142,both_strong,1,British Columbia Securities Commission v. Branch <-> british columbia securities commission v branch
SCC_1950-1999,SCC_19962scr463,1984canlii33,both_strong,1,Hunter et al. v. Southam Inc. <-> hunter v southam inc
SCC_1950-1999,SCC_19962scr463,1994canlii64,both_strong,1,R. v. Bartle <-> r v bartle
SCC_1950-1999,SCC_19962scr463,1995canlii88,both_strong,1,R. v. Burlingham <-> r v burlingham
SCC_1950-1999,SCC_19962scr463,1992canlii12762,both_loose,1,R. v. Church of Scientology of Toronto <-> r v church of scientology of toronto no 2
SCC_1950-1999,SCC_19962scr463,1987canlii84,both_strong,1,R. v. Collins <-> r v collins
SCC_1950-1999,SCC_19962scr463,1995canlii1860,Q_first_word_only,0,
SCC_1950-1999,SCC_19962scr463,1993canlii68,both_strong,1,R. v. Grant <-> r v grant
SCC_1950-1999,SCC_19962scr463,1990canlii55,both_strong,1,R. v. Kokesch <-> r v kokesch
SCC_1950-1999,SCC_19962scr463,1993canlii70,both_strong,1,R. v. Plant <-> r v plant
SCC_1950-1999,SCC_19962scr463,1995canlii121,both_strong,1,R. v. S. (R.J.) <-> r v s r j
SCC_1950-1999,SCC_19962scr463,1995canlii89,both_strong,1,R. v. Silveira <-> r v silveira
SCC_1950-1999,SCC_19962scr463,1988canlii25,both_strong,1,R. v. Strachan <-> r v strachan
SCC_1950-1999,SCC_19962scr463,1985canlii29,both_strong,1,R. v. Therens <-> r v therens
SCC_1950-1999,SCC_19962scr463,1993canlii69,both_strong,1,R. v. Wiley <-> r v wiley
SCC_1950-1999,SCC_19962scr463,1990canlii70,both_strong,1,Snell v. Farrell <-> snell v farrell
SCC_1950-1999,SCC_19962scr463,1990canlii135,both_strong,1,"Thomson Newspapers Ltd. v. Canada (Director of Investigation and Research, Restrictive Trade Practices Commission) <-> thomson newspapers ltd v canada director of investigation and research restrictive trade practices commission"
SCC_1950-1999,SCC_19962scr463,XC-G155649,ours_only_origin_undetermined|pubforeign:supported,0,reporter
SCC_1950-1999,SCC_19962scr463,XC-G164752,ours_only_origin_ca|pubca:supported,0,reporter
SCC_1950-1999,SCC_19962scr463,XC-G185435,ours_only_origin_undetermined|pubnone:supported,0,reporter
SCC_1950-1999,SCC_19962scr463,XC-G192222,ours_only_origin_undetermined|pubnone:supported,0,reporter
SCC_1950-1999,SCC_19962scr463,XC-G209110,ours_only_origin_ca|pubca:supported,0,reporter
SCC_1950-1999,SCC_19962scr463,XC-G210671,ours_only_origin_undetermined|pubca:supported,0,reporter
SCC_1950-1999,SCC_19962scr463,XC-G211500,ours_only_origin_undetermined|pubnone:supported,0,reporter
SCC_1950-1999,SCC_19962scr463,XC-G218334,ours_only_origin_undetermined|pubca:supported,0,reporter
SCC_1950-1999,SCC_19962scr463,XC-G232768,ours_only_origin_undetermined|pubca:supported,0,reporter
SCC_1950-1999,SCC_19933scr327,1954canlii289,both_loose,2,A.G. of Ontario et Winner <-> attorney general for ontario v winner / pronto uranium mines ltd v ontario labour relations board
SCC_1950-1999,SCC_19933scr327,1989canlii78,both_strong,1,Alberta Government Telephones v. (Canada) Canadian Radio-television and Telecommunications Commission <-> alberta government telephones v canada canadian radio television and telecommunications commission
SCC_1950-1999,SCC_19933scr327,1984canlii2987,both_loose,1,Alberta Government Telephones v. CRTC <-> alberta government telephones v canadian radio television and telecommunications commission
SCC_1950-1999,SCC_19933scr327,1988canlii83,both_strong,1,Alltrans Express Ltd. v. British Columbia (Workers' Compensation Board) <-> alltrans express ltd v british columbia workers compensation board
SCC_1950-1999,SCC_19933scr327,1979canlii242,both_strong,1,Attorney General of Manitoba v. Forest <-> attorney general of manitoba v forest
SCC_1950-1999,SCC_19933scr327,1988canlii81,both_strong,1,Bell Canada v. Quebec (Commission de la Santé et de la Sécurité du Travail) <-> bell canada v quebec commission de la sant et de la s curit du travail
SCC_1950-1999,SCC_19933scr327,1963canlii552,both_loose,1,British Columbia Power Corporation v. British Columbia (Attorney General) <-> british columbia power corp v attorney general of british columbia
SCC_1950-1999,SCC_19933scr327,1977canlii210,both_strong,1,Canadian Industrial Gas & Oil Ltd. v. Government of Saskatchewan et al. <-> canadian industrial gas and oil ltd v government of saskatchewan
SCC_1950-1999,SCC_19933scr327,1988canlii82,both_strong,1,Canadian National Railway Co. v. Courtois <-> canadian national railway co v courtois
SCC_1950-1999,SCC_19933scr327,1978canlii21,both_strong,1,Central Canada Potash Co. Ltd. et al. v. Government of Saskatchewan <-> central canada potash co v government of saskatchewan
SCC_1950-1999,SCC_19933scr327,1988canlii5649,both_loose,1,Central Western Railway Corp. v. UTU <-> central western railway corp v u t u
SCC_1950-1999,SCC_19933scr327,1973canlii197,both_strong,1,Chamney v. R. <-> chamney v the queen
SCC_1950-1999,SCC_19933scr327,1912canlii352,both_loose,1,City of Montreal v. Montreal Street Railway Company (The Attorney-General For the Dominion of Canada and the Attorney-General For the Province of Quebec Intervening) <-> city of montreal v montreal street railway
SCC_1950-1999,SCC_19933scr327,1990canlii87,both_strong,1,Commission de Transport de la Communauté Urbaine de Québec v. Canada (National Battlefields Commission) <-> commission de transport de la communaut urbaine de qu bec v canada national battlefields commission
SCC_1950-1999,SCC_19933scr327,1966canlii1,both_strong,1,Commission du Salaire Minimum v. Bell Telephone Company of Canada <-> commission du salaire minimum v bell telephone co of canada
SCC_1950-1999,SCC_19933scr327,1978canlii18,both_strong,1,Construction Montcalm Inc. v. Min. Wage Com. <-> construction montcalm inc v minimum wage commission
SCC_1950-1999,SCC_19933scr327,1972canlii436,both_weak,1,Denison Mines Ltd. v. Attorney-General of Canada <-> denison mines ltd v attorney general of canada
SCC_1950-1999,SCC_19933scr327,1921canlii424,both_loose,1,Esquimalt & Nanaimo Railway Company v. Wilson <-> wilson v esquimalt and nanaimo railway co
SCC_1950-1999,SCC_19933scr327,1979canlii11,both_strong,1,Four B Manufacturing v. United Garment Workers <-> four b manufacturing ltd v united garment workers of america
SCC_1950-1999,SCC_19933scr327,1992canlii110,both_strong,1,Friends of the Oldman River Society v. Canada (Minister of Transport) <-> friends of the oldman river society v canada minister of transport
SCC_1950-1999,SCC_19933scr327,1989canlii133,both_strong,1,General Motors of Canada Ltd. v. City National Leasing <-> general motors of canada ltd v city national leasing
SCC_1950-1999,SCC_19933scr327,1973canlii183,both_strong,1,Letter Carrier’s Union of Canada v. Canadian Union of Postal Workers et al. <-> letter carriers union of canada v canadian union of postal workers
SCC_1950-1999,SCC_19933scr327,1925canlii67,both_strong,1,Luscar Collieries Ltd. v. McDonald <-> luscar collieries ltd v mcdonald
SCC_1950-1999,SCC_19933scr327,1963canlii46,Q_first_word_only,0,
SCC_1950-1999,SCC_19933scr327,1982canlii1705,both_strong,1,Multiple Access Ltd. v. McCutcheon <-> multiple access ltd v mccutcheon
SCC_1950-1999,SCC_19933scr327,1979canlii3,both_strong,1,Northern Telecom v. Communications Workers <-> northern telecom ltd v communications workers of canada
SCC_1950-1999,SCC_19933scr327,1983canlii25,both_strong,1,Northern Telecom v. Communication Workers <-> northern telecom canada ltd v communication workers of canada
SCC_1950-1999,SCC_19933scr327,1991canlii6037,Q_first_word_only,0,
SCC_1950-1999,SCC_19933scr327,1989canlii3257,Q_first_word_only,0,
SCC_1950-1999,SCC_19933scr327,1956canlii153,Q_first_word_only,0,
SCC_1950-1999,SCC_19933scr327,1988canlii63,both_strong,1,R. v. Crown Zellerbach Canada Ltd. <-> r v crown zellerbach canada ltd
SCC_1950-1999,SCC_19933scr327,1959canlii434,both_loose,1,R. v. Thumlert <-> the queen v thumlert
SCC_1950-1999,SCC_19933scr327,1976canlii16,both_strong,1,Re: Anti-Inflation Act <-> reference re anti inflation act
SCC_1950-1999,SCC_19933scr327,1981canlii25,both_strong,1,Re: Resolution to amend the Constitution <-> reference re resolution to
SCC_1950-1999,SCC_19933scr327,1985canlii81,both_strong,1,Re B.C. Motor Vehicle Act <-> re b c motor vehicle act
SCC_1950-1999,SCC_19933scr327,1992canlii54,both_strong,1,Re Canada Labour Code <-> re canada labour code
SCC_1950-1999,SCC_19933scr327,1925canlii77,both_strong,1,Reference in re Legislative Jurisdiction over Hours of Labour <-> reference re legislative jurisdiction
SCC_1950-1999,SCC_19933scr327,1987canlii65,both_strong,1,"Reference re Bill 30, An Act to Amend the Education Act (Ont.) <-> reference re bill 30 an act to"
SCC_1950-1999,SCC_19933scr327,1938canlii34,both_strong,1,Reference re The Power of the Governor General in Council to Disallow Provincial Legislation and the Power of Reservation of a Lieutenant-Governor of a Province <-> reference re disallowance and reservation of provincial legislation
SCC_1950-1999,SCC_19933scr327,1984canlii17,both_strong,1,Reference re Upper Churchill Water Rights Reversion Act <-> reference re upper churchill water rights reversion act
SCC_1950-1999,SCC_19933scr327,1929canlii72,both_strong,1,Reference re Waters and Water-Powers <-> reference re waters and water powers
SCC_1950-1999,SCC_19933scr327,1967canlii637,Q_not_found,0,
SCC_1950-1999,SCC_19933scr327,1960canlii120,Q_not_found,0,
SCC_1950-1999,SCC_19933scr327,1878canlii29,both_weak,1,Severn v. The Queen <-> severn v the queen
SCC_1950-1999,SCC_19933scr327,1991canlii8237,Q_first_word_only,0,
SCC_1950-1999,SCC_19933scr327,1925canlii82,both_strong,1,The King v. Eastern Terminal Elevator Co. <-> the king v eastern terminal elevator co
SCC_1950-1999,SCC_19933scr327,1925canlii331,both_weak,1,Toronto Electric Commissioners v. Snider <-> toronto electric commissioners v snider
SCC_1950-1999,SCC_19933scr327,1944canlii49,both_strong,1,"Town of Beauport v. Quebec Railway, Light & Power Co. / Quebec Railway, Light & Power Co. v. Town of Beauport <-> quebec railway light and power co v town of beauport"
SCC_1950-1999,SCC_19933scr327,1955canlii1,both_strong,1,Validity and Applicability of the Industrial Relations and Disputes Investigation Act <-> reference re industrial relations and disputes investigation act
SCC_1950-1999,SCC_19933scr327,XC-G012385,ours_only_origin_undetermined|pubca:heuristic_only,0,reporter
SCC_1950-1999,SCC_19933scr327,XC-G130478,ours_only_origin_ca|pubforeign:supported,0,reporter
SCC_1950-1999,SCC_19933scr327,XC-G133855,ours_only_origin_undetermined|pubforeign:supported,0,reporter
SCC_1950-1999,SCC_19933scr327,XC-G148943,ours_only_origin_ca|pubca:supported,0,reporter
SCC_1950-1999,SCC_19933scr327,XC-G149736,ours_only_origin_ca|pubca:supported,0,reporter
SCC_1950-1999,SCC_19933scr327,XC-G151039,ours_only_origin_ca|pubca:supported,0,reporter
SCC_1950-1999,SCC_19933scr327,XC-G159675,ours_only_origin_undetermined|pubnone:supported,0,reporter
SCC_1950-1999,SCC_19933scr327,XC-G160228,ours_only_origin_undetermined|pubnone:supported,0,reporter
SCC_1950-1999,SCC_19933scr327,XC-G161178,ours_only_origin_undetermined|pubnone:supported,0,reporter
SCC_1950-1999,SCC_19933scr327,XC-G161620,ours_only_origin_ca|pubca:supported,0,reporter
SCC_1950-1999,SCC_19933scr327,XC-G162451,ours_only_origin_ca|pubca:supported,0,reporter
SCC_1950-1999,SCC_19933scr327,XC-G163086,ours_only_origin_ca|pubca:supported,0,reporter
SCC_1950-1999,SCC_19933scr327,XC-G195566,ours_only_origin_undetermined|pubnone:supported,0,reporter
SCC_1950-1999,SCC_19933scr327,XC-G212008,ours_only_origin_undetermined|pubca:supported,0,reporter
SCC_1950-1999,SCC_19933scr327,XC-G216424,ours_only_origin_undetermined|pubnone:supported,0,reporter
SCC_1950-1999,SCC_19933scr327,XC-G216951,ours_only_origin_ca|pubca:supported,0,reporter
SCC_1950-1999,SCC_19933scr327,XC-G218824,ours_only_origin_undetermined|pubca:supported,0,reporter
SCC_1950-1999,SCC_19933scr327,XC-G226725,ours_only_origin_ca|pubca:supported,0,reporter
SCC_1950-1999,SCC_19933scr327,XC-G230729,ours_only_origin_ca|pubca:supported,0,reporter
SCC_1950-1999,SCC_19991scr768,1979canlii21,both_strong,1,Att. Gen. of Quebec v. Blaikie et al. <-> attorney general of quebec v blaikie
SCC_1950-1999,SCC_19991scr768,1981canlii14,both_strong,1,Attorney General of Quebec v. Blaikie et al. <-> attorney general of quebec v blaikie
SCC_1950-1999,SCC_19991scr768,1986canlii64,both_strong,1,Bilodeau v. A.G. (Man.) <-> bilodeau v attorney general of manitoba
SCC_1950-1999,SCC_19991scr768,1990canlii13036,both_loose,1,Canada (Attorney General) v. Viola (C.A.) <-> canada attorney general v viola
SCC_1950-1999,SCC_19991scr768,1997canlii327,both_strong,1,Eldridge v. British Columbia (Attorney General) <-> eldridge v british columbia attorney general
SCC_1950-1999,SCC_19991scr768,1988canlii19,both_strong,1,Ford v. Quebec (Attorney General) <-> ford v quebec attorney general
SCC_1950-1999,SCC_19991scr768,1993canlii58,both_strong,1,Haig v. Canada; Haig v. Canada (Chief Electoral Officer) <-> haig v canada
SCC_1950-1999,SCC_19991scr768,1974canlii164,both_strong,1,Jones v. A.G. of New Brunswick <-> jones v attorney general of new brunswick
SCC_1950-1999,SCC_19991scr768,1986canlii65,both_strong,1,MacDonald v. City of Montreal <-> macdonald v city of montreal
SCC_1950-1999,SCC_19991scr768,1990canlii133,both_strong,1,Mahe v. Alberta <-> mahe v alberta
SCC_1950-1999,SCC_19991scr768,1990canlii60,both_strong,1,McKinney v. University of Guelph <-> mckinney v university of guelph
SCC_1950-1999,SCC_19991scr768,1985canlii140,both_loose,1,Paquette v. R. in Right of Canada <-> paquette v the queen in right of canada
SCC_1950-1999,SCC_19991scr768,1953canlii51,both_strong,1,Piperno v. The Queen <-> piperno v the queen
SCC_1950-1999,SCC_19991scr768,1994canlii1983,Q_first_word_only,0,
SCC_1950-1999,SCC_19991scr768,1997canlii3579,both_weak,1,R. v. Beaulac <-> r v beaulac
SCC_1950-1999,SCC_19991scr768,1997canlii2240,both_weak,1,R. v. Bernardo <-> r v bernardo
SCC_1950-1999,SCC_19991scr768,1993canlii44,both_strong,1,R. v. Litchfield <-> r v litchfield
SCC_1950-1999,SCC_19991scr768,1998canlii774,both_strong,1,R. v. Thomas <-> r v thomas
SCC_1950-1999,SCC_19991scr768,1994canlii56,both_strong,1,R. v. Tran <-> r v tran
SCC_1950-1999,SCC_19991scr768,1987canlii65,both_strong,1,"Reference re Bill 30, An Act to Amend the Education Act (Ont.) <-> reference re bill 30 an act to"
SCC_1950-1999,SCC_19991scr768,1992canlii115,both_strong,1,Reference re Manitoba Language Rights <-> reference re manitoba language rights
SCC_1950-1999,SCC_19991scr768,1993canlii119,both_strong,1,"Reference re Public Schools Act (Man.), s. 79(3), (4) and (7) <-> reference re public schools act man"
SCC_1950-1999,SCC_19991scr768,1987canlii88,both_strong,1,Reference Re Public Service Employee Relations Act (Alta.) <-> reference re public service employee relations act alta
SCC_1950-1999,SCC_19991scr768,1998canlii793,both_strong,1,Reference re Secession of Quebec <-> reference re secession of quebec
SCC_1950-1999,SCC_19991scr768,1985canlii33,both_strong,1,Re Manitoba Language Rights <-> reference re manitoba language rights
SCC_1950-1999,SCC_19991scr768,1984canlii42,both_loose,1,Robin v. College de St.-Boniface <-> robin v coll ge de st boniface
SCC_1950-1999,SCC_19991scr768,1986canlii66,both_strong,1,Société des Acadiens v. Association of Parents <-> soci t des acadiens du nouveau brunswick inc v association of parents for fairness in education
SCC_1950-1999,SCC_19991scr768,1899canlii95,both_loose,1,The Queen v. Yancey <-> r v yancey
SCC_1950-1999,SCC_19991scr768,XC-G080884,ours_only_origin_ca|pubca:supported,0,reporter
SCC_1950-1999,SCC_19991scr768,XC-G160685,ours_only_origin_undetermined|pubnone:supported,0,reporter
SCC_1950-1999,SCC_19991scr768,XC-G160841,ours_only_origin_undetermined|pubnone:supported,0,reporter
SCC_1950-1999,SCC_19991scr768,XC-G162820,ours_only_origin_undetermined|pubca:supported,0,reporter
SCC_1950-1999,SCC_19991scr768,XC-G164316,ours_only_origin_undetermined|pubca:supported,0,reporter
SCC_1950-1999,SCC_19991scr768,XC-G164911,ours_only_origin_undetermined|pubnone:supported,0,reporter
SCC_1950-1999,SCC_19991scr768,XC-G166129,ours_only_origin_undetermined|pubca:supported,0,reporter
SCC_1950-1999,SCC_19991scr768,XC-G166172,ours_only_origin_undetermined|pubca:supported,0,reporter
SCC_1950-1999,SCC_19991scr768,XC-G167137,ours_only_origin_undetermined|pubnone:supported,0,reporter
SCC_1950-1999,SCC_19991scr768,XC-G167138,ours_only_origin_undetermined|pubnone:supported,0,reporter
SCC_1950-1999,SCC_19991scr768,XC-G191867,ours_only_origin_undetermined|pubnone:supported,0,reporter
SCC_1950-1999,SCC_19991scr768,XC-G192360,ours_only_origin_undetermined|pubca:supported,0,reporter
SCC_1950-1999,SCC_19991scr768,XC-G192943,ours_only_origin_undetermined|pubnone:supported,0,reporter
SCC_1950-1999,SCC_19991scr768,XC-G199075,ours_only_origin_ca|pubca:supported,0,reporter
SCC_1950-1999,SCC_19991scr768,XC-G205898,ours_only_origin_undetermined|pubnone:supported,0,reporter
SCC_1950-1999,SCC_19991scr768,XC-G223664,ours_only_origin_undetermined|pubnone:supported,0,reporter
SCC_1950-1999,SCC_19991scr768,XC-G236595,ours_only_origin_undetermined|pubnone:supported,0,reporter
SCC_1950-1999,SCC_1966scr238,1958canlii56,both_strong,1,Canadian Acceptance Corporation Limited v. Fisher <-> canadian acceptance corporation ltd v fisher
SCC_1950-1999,SCC_1966scr238,1919canlii5,both_loose,1,"Canadian Pacific Rway. Co., v. Albin Idington J <-> canadian pacific railway co v albin"
SCC_1950-1999,SCC_1966scr238,1953canlii466,Q_first_word_only,0,
SCC_1950-1999,SCC_1966scr238,1965canlii21,Q_first_word_only,0,
SCC_1950-1999,SCC_1966scr238,1960canlii70,both_strong,1,O'Grady v. Sparling <-> o grady v sparling
SCC_1950-1999,SCC_1966scr238,1925canlii2,both_strong,1,Orpen v. Roberts <-> orpen v roberts
SCC_1950-1999,SCC_1966scr238,1931canlii385,both_loose,1,Proprietary Articles Trade Association v. Canada (Attorney General) <-> proprietary articles trade association v attorney general for canada
SCC_1950-1999,SCC_1966scr238,1941canlii1,both_strong,2,Provincial Secretary of Prince Edward Island v. Egan <-> provincial secretary of prince edward island v egan / provincial secretary of the province of prince edward island v egan
SCC_1950-1999,SCC_1966scr238,1950canlii144,Q_first_word_only,0,
SCC_1950-1999,SCC_1966scr238,1965canlii724,Q_first_word_only,0,
SCC_1950-1999,SCC_1966scr238,1959canlii151,both_weak,1,Regina v. Yolles <-> regina v yolles
SCC_1950-1999,SCC_1966scr238,1960canlii12,both_strong,1,Smith v. The Queen <-> smith v the queen
SCC_1950-1999,SCC_1966scr238,1951canlii34,both_strong,1,Studer v. Cowper <-> studer v cowper
SCC_1950-1999,SCC_1966scr238,XC-G130478,ours_only_origin_ca|pubforeign:supported,0,reporter
SCC_1950-1999,SCC_1966scr238,XC-G134495,ours_only_origin_ca|pubforeign:supported,0,reporter
SCC_1950-1999,SCC_1966scr238,XC-G141527,ours_only_origin_undetermined|pubca:supported,0,reporter
SCC_1950-1999,SCC_1966scr238,XC-G146237,ours_only_origin_undetermined|pubca:supported,0,reporter
SCC_1950-1999,SCC_1966scr238,XC-G146965,ours_only_origin_undetermined|pubca:supported,0,reporter
SCC_1950-1999,SCC_1966scr238,XC-G149102,ours_only_origin_undetermined|pubnone:supported,0,reporter
SCC_1950-1999,SCC_1966scr238,XC-G150298,ours_only_origin_ca|pubca:supported,0,reporter
SCC_1950-1999,SCC_1966scr238,XC-G150365,ours_only_origin_undetermined|pubca:supported,0,reporter
SCC_1950-1999,SCC_1966scr238,XC-G184635,ours_only_origin_ca|pubca:supported,0,reporter
SCC_1950-1999,SCC_1966scr238,XC-G187521,ours_only_origin_ca|pubca:supported,0,reporter
SCC_1950-1999,SCC_1966scr238,XC-G187800,ours_only_origin_undetermined|pubca:supported,0,reporter
SCC_1950-1999,SCC_1966scr238,XC-G187801,ours_only_origin_ca|pubca:supported,0,reporter
SCC_1950-1999,SCC_1966scr238,XC-G190696,ours_only_origin_ca|pubca:supported,0,reporter
SCC_1950-1999,SCC_1966scr238,XC-G195487,ours_only_origin_undetermined|pubnone:supported,0,reporter
SCC_1950-1999,SCC_1966scr238,XC-G195886,ours_only_origin_ca|pubca:supported,0,reporter
SCC_1950-1999,SCC_1966scr238,XC-G197111,ours_only_origin_ca|pubca:supported,0,reporter
SCC_1950-1999,SCC_1966scr238,XC-G203714,ours_only_origin_ca|pubca:supported,0,reporter
SCC_1950-1999,SCC_1966scr238,XC-G203715,ours_only_origin_ca|pubca:supported,0,reporter
SCC_1950-1999,SCC_1966scr238,XC-G207104,ours_only_origin_ca|pubca:supported,0,reporter
SCC_1950-1999,SCC_1966scr238,XC-G207426,ours_only_origin_ca|pubca:supported,0,reporter
SCC_1950-1999,SCC_1966scr238,XC-G207522,ours_only_origin_ca|pubca:supported,0,reporter
SCC_1950-1999,SCC_1966scr238,XC-G210031,ours_only_origin_undetermined|pubca:supported,0,reporter
SCC_1950-1999,SCC_1966scr238,XC-G211874,ours_only_origin_undetermined|pubca:supported,0,reporter
SCC_1950-1999,SCC_1966scr238,XC-G211876,ours_only_origin_undetermined|pubca:supported,0,reporter
SCC_1950-1999,SCC_1966scr238,XC-G212109,ours_only_origin_ca|pubca:supported,0,reporter
SCC_1950-1999,SCC_1966scr238,XC-G215758,ours_only_origin_ca|pubca:supported,0,reporter
SCC_1950-1999,SCC_1966scr238,XC-G220555,ours_only_origin_ca|pubca:supported,0,reporter
SCC_1950-1999,SCC_1966scr238,XC-G224002,ours_only_origin_ca|pubca:supported,0,reporter
SCC_1950-1999,SCC_1966scr238,XC-G230598,ours_only_origin_ca|pubca:supported,0,reporter
SCC_1950-1999,SCC_19791scr684,1959canlii308,both_loose,1,Calgary (City) (Re) <-> city of calgary v madison natural gas co
SCC_1950-1999,SCC_19791scr684,1976canlii170,both_strong,1,Canada Labour Relations Board v. Transair Ltd. <-> canada labour relations board v transair ltd
SCC_1950-1999,SCC_19791scr684,1976canlii179,both_strong,1,Central Broadcasting Co. Ltd. v. Canada Labour Relations Board et al. <-> central broadcasting company ltd v canada labour relations boad
SCC_1950-1999,SCC_19791scr684,1961canlii66,both_strong,1,City of Edmonton et al. v. Northwestern Utilities Ltd. <-> city of edmonton town of jasper place city of red deer and town of vegreville v northwestern utilities limited
SCC_1950-1999,SCC_19791scr684,1976canlii2022,both_loose,1,Dome Petroleum Ltd. v. Alberta (Public Utilities Board) <-> dome petroleum ltd v public utilities board alberta
SCC_1950-1999,SCC_19791scr684,1977canlii235,both_strong,1,Dome Petroleum Ltd. v. Public Utilities Board (Alberta) et al. <-> dome petroleum ltd v public utilities board alberta
SCC_1950-1999,SCC_19791scr684,1976altascad207,Q_first_word_only,0,
SCC_1950-1999,SCC_19791scr684,1960canlii270,Q_first_word_only,0,
SCC_1950-1999,SCC_19791scr684,1958canlii352,both_loose,1,International Association of MacHinists v. Genaire Ltd. and Ontario Labour Relations Board <-> international association of machinists v genaire ltd
SCC_1950-1999,SCC_19791scr684,1947canlii44,both_strong,1,"Labour Relations Board, Saskatchewan v. Dominion Fire Brick and Clay Products Ltd. <-> labour relations board of saskatchewan v dominion fire brick and clay products ltd"
SCC_1950-1999,SCC_19791scr684,1960canlii79,both_strong,1,Labour Relations Board of New Brunswick v. Eastern Bakeries Limited et al. <-> labour relations board of new brunswick v eastern bakeries ltd
SCC_1950-1999,SCC_19791scr684,1976canlii140,both_weak,1,MacDonald v. The Queen <-> macdonald v the queen
SCC_1950-1999,SCC_19791scr684,1973canlii506,both_weak,1,Re Canada Metal Co. Ltd. et al. and MacFarlane <-> re canada metal co ltd et al and macfarlane
SCC_1950-1999,SCC_19791scr684,1973canlii1231,both_loose,1,"Re Gill Lumber Chipman (1973) Ltd. and United Brotherhood of Carpenters & Joiners of America, Local Union 2142 <-> gill lumber chipman 1973 ltd v united brotherhood of carpenters and joiners of america local 2142"
SCC_1950-1999,SCC_19791scr684,1966canlii484,both_loose,1,"Regina v. Board of Commissioners of Public Utilities (N.B.), Ex Parte Moncton Utility Gas Ltd. <-> regina v board of commissioners of public utilities"
SCC_1950-1999,SCC_19791scr684,XC-G129392,ours_only_origin_undetermined|pubforeign:supported,0,reporter
SCC_1950-1999,SCC_19791scr684,XC-G148945,ours_only_origin_ca|pubca:supported,0,reporter
SCC_1950-1999,SCC_19791scr684,XC-G154999,ours_only_origin_ca|pubca:supported,0,reporter
SCC_1950-1999,SCC_19791scr684,XC-G199030,ours_only_origin_ca|pubca:supported,0,reporter
SCC_1950-1999,SCC_19791scr684,XC-G206714,ours_only_origin_undetermined|pubca:supported,0,reporter
SCC_1950-1999,SCC_19831scr312,1911canlii436,both_loose,1,Hopper v. Clark et al. <-> hopper v clark
SCC_1950-1999,SCC_19831scr312,1957canlii359,Q_first_word_only,0,
SCC_1950-1999,SCC_19831scr312,1981canlii3331,Q_first_word_only,0,
SCC_1950-1999,SCC_19831scr312,1980canlii3178,Q_first_word_only,0,
SCC_1950-1999,SCC_19831scr312,1979canlii1658,Q_not_found,0,
SCC_1950-1999,SCC_19831scr312,1961canlii270,both_loose,1,Saskatchewan (Attorney General) v. Pritchard <-> attorney general for saskatchewan v pritchard
SCC_1950-1999,SCC_19831scr312,1910canlii208,both_loose,1,The King v. Shyffer <-> r v shyffer
SCC_1950-1999,SCC_19831scr312,1975canlii13,both_strong,1,The Queen v. Biron <-> r v biron
SCC_1950-1999,SCC_19831scr312,XC-G004405,ours_only_origin_undetermined|pubforeign:heuristic_only,0,reporter
SCC_1950-1999,SCC_19831scr312,XC-G186305,ours_only_origin_undetermined|pubca:supported,0,reporter
SCC_1950-1999,SCC_19831scr312,XC-G198806,ours_only_origin_ca|pubca:supported,0,reporter
SCC_1950-1999,SCC_19831scr312,XC-G201555,ours_only_origin_undetermined|pubca:supported,0,reporter
SCC_1950-1999,SCC_19831scr312,XC-G210800,ours_only_origin_undetermined|pubca:supported,0,reporter
SCC_1950-1999,SCC_19831scr312,XC-G212960,ours_only_origin_undetermined|pubca:supported,0,reporter
SCC_1950-1999,SCC_19831scr312,XC-G213053,ours_only_origin_undetermined|pubca:supported,0,reporter
SCC_1950-1999,SCC_19831scr312,XC-G223020,ours_only_origin_undetermined|pubca:supported,0,reporter
SCC_1950-1999,SCC_19831scr312,XC-G230434,ours_only_origin_undetermined|pubca:supported,0,reporter
SCC_1950-1999,SCC_19831scr312,XC-G233251,ours_only_origin_undetermined|pubca:supported,0,reporter
SCC_1950-1999,SCC_19771scr441,1968canlii24,both_strong,1,DeClercq v. The Queen <-> declercq v the queen
SCC_1950-1999,SCC_19771scr441,1953canlii465,Q_first_word_only,0,
SCC_1950-1999,SCC_19771scr441,1966canlii634,both_weak,1,R. v. Bannerman <-> r v bannerman
SCC_1950-1999,SCC_19771scr441,1969canlii1204,both_weak,1,R. v. Milner <-> r v milner
SCC_1950-1999,SCC_19771scr441,1955canlii124,Q_not_found,0,
SCC_1950-1999,SCC_19771scr441,1951canlii449,Q_not_found,0,
SCC_1950-1999,SCC_19771scr441,1947canlii1,both_strong,1,White v. The King <-> white v the king
SCC_1950-1999,SCC_19771scr441,XC-G056514,ours_only_origin_undetermined|pubca:heuristic_only,0,reporter
SCC_1950-1999,SCC_19771scr441,XC-G183981,ours_only_origin_undetermined|pubca:supported,0,reporter
SCC_1950-1999,SCC_19771scr441,XC-G186724,ours_only_origin_undetermined|pubca:supported,0,reporter
SCC_1950-1999,SCC_19771scr441,XC-G193815,ours_only_origin_undetermined|pubca:supported,0,reporter
SCC_1950-1999,SCC_19771scr441,XC-G198887,ours_only_origin_ca|pubca:supported,0,reporter
SCC_1950-1999,SCC_19771scr441,XC-G210346,ours_only_origin_undetermined|pubnone:supported,0,reporter
SCC_1950-1999,SCC_19771scr441,XC-G229909,ours_only_origin_ca|pubca:supported,0,reporter
SCC_1950-1999,SCC_19971scr314,1952canlii4,both_strong,1,Azoulay v. The Queen <-> azoulay v the queen
SCC_1950-1999,SCC_19971scr314,1985canlii52,both_strong,1,Cluett v. The Queen <-> cluett v the queen
SCC_1950-1999,SCC_19971scr314,1965canlii2,both_strong,1,Colpits v. The Queen <-> colpitts v the queen
SCC_1950-1999,SCC_19971scr314,1970canlii199,both_strong,1,John v. R. <-> john v the queen
SCC_1950-1999,SCC_19971scr314,1964canlii43,both_strong,1,McMartin v. The Queen <-> mcmartin v the queen
SCC_1950-1999,SCC_19971scr314,1963canlii79,both_strong,1,More v. The Queen <-> more v the queen
SCC_1950-1999,SCC_19971scr314,1993canlii99,both_strong,1,R. v. Aalders <-> r v aalders
SCC_1950-1999,SCC_19971scr314,1994canlii107,both_strong,1,R. v. Arcangioli <-> r v arcangioli
SCC_1950-1999,SCC_19971scr314,1990canlii13299,both_weak,1,R. v. Bob <-> r v bob
SCC_1950-1999,SCC_19971scr314,1995canlii48,both_strong,1,R. v. Brydon <-> r v brydon
SCC_1950-1999,SCC_19971scr314,1992canlii13156,both_loose,1,R. v. Charlette (M.H.) <-> r v charlette
SCC_1950-1999,SCC_19971scr314,1995canlii4332,Q_first_word_only,0,
SCC_1950-1999,SCC_19971scr314,1996canlii2065,both_weak,1,R. v. Jenkins <-> r v jenkins
SCC_1950-1999,SCC_19971scr314,1985canlii3646,both_weak,1,R. v. Kirkby <-> r v kirkby
SCC_1950-1999,SCC_19971scr314,1996canlii222,both_strong,1,R. v. Marinaro <-> r v marinaro
SCC_1950-1999,SCC_19971scr314,1994canlii1470,both_weak,2,R. v. Marinaro <-> r v marinaro / r v marinaro
SCC_1950-1999,SCC_19971scr314,1994canlii1692,both_weak,1,R. v. Murray <-> r v murray
SCC_1950-1999,SCC_19971scr314,1986canlii4630,both_weak,1,R. v. Palmer <-> r v palmer
SCC_1950-1999,SCC_19971scr314,1986canlii7204,both_loose,1,R. v. Smith (G.A.) <-> r v smith
SCC_1950-1999,SCC_19971scr314,1990canlii146,both_strong,1,R. v. Wallen <-> r v wallen
SCC_1950-1999,SCC_19971scr314,1996canlii3013,both_weak,1,R. v. White <-> r v white
SCC_1950-1999,SCC_19971scr314,1994canlii822,both_weak,1,R. v. Wiltse <-> r v wiltse
SCC_1950-1999,SCC_19971scr314,1978canlii1269,Q_not_found,0,
SCC_1950-1999,SCC_19971scr314,1964canlii42,both_strong,1,The Queen v. Mitchell <-> r v mitchell
SCC_1950-1999,SCC_19971scr314,1981canlii180,both_strong,1,Thériault v. The Queen <-> th riault v the queen
SCC_1950-1999,SCC_19971scr314,XC-G067735,ours_only_origin_undetermined|pubca:heuristic_only,0,reporter
SCC_1950-1999,SCC_19971scr314,XC-G075329,ours_only_origin_undetermined|pubca:heuristic_only,0,reporter
SCC_1950-1999,SCC_19971scr314,XC-G162289,ours_only_origin_undetermined|pubca:supported,0,reporter
SCC_1950-1999,SCC_19971scr314,XC-G162391,ours_only_origin_undetermined|pubca:supported,0,reporter
SCC_1950-1999,SCC_19971scr314,XC-G187014,ours_only_origin_undetermined|pubnone:supported,0,reporter
SCC_1950-1999,SCC_19971scr314,XC-G189135,ours_only_origin_ca|pubca:supported,0,reporter
SCC_1950-1999,SCC_19971scr314,XC-G198808,ours_only_origin_ca|pubca:supported,0,reporter
SCC_1950-1999,SCC_19971scr314,XC-G214653,ours_only_origin_undetermined|pubca:supported,0,reporter
SCC_1950-1999,SCC_19971scr314,XC-G215660,ours_only_origin_undetermined|pubnone:supported,0,reporter
SCC_1950-1999,SCC_1956scr273,1953canlii7,both_strong,1,Fairbanks Soap Co. Ltd. v. Sheppard <-> 
SCC_1950-1999,SCC_1956scr273,1901canlii60,both_strong,1,Hamelin v. Bannerman <-> hamelin v bannerman
SCC_1950-1999,SCC_1956scr273,1921canlii57,Q_first_word_only,0,
SCC_1950-1999,SCC_1956scr273,XC-G000474,ours_only_origin_undetermined|pubforeign:supported,0,reporter
SCC_1950-1999,SCC_1956scr273,XC-G129267,ours_only_origin_undetermined|pubforeign:supported,0,reporter
SCC_1950-1999,SCC_1956scr273,XC-G129268,ours_only_origin_undetermined|pubforeign:supported,0,reporter
SCC_1950-1999,SCC_1956scr273,XC-G210585,ours_only_origin_ca|pubca:supported,0,reporter
SCC_1950-1999,SCC_1956scr273,XC-G227278,ours_only_origin_ca|pubca:supported,0,reporter
SCC_1950-1999,SCC_19891scr1161,1982canlii431,both_loose,1,A. J. Seversen Inc. v. Qualicum Beach (Village) <-> a j seversen inc v village of qualicum beach
SCC_1950-1999,SCC_19891scr1161,1986canlii1118,both_loose,1,Air Can. v. B.C. (Govt.) <-> air canada v british columbia attorney general
SCC_1950-1999,SCC_19891scr1161,1986canlii2,both_strong,1,Air Canada v. B.C. (A.G.) <-> air canada v british columbia attorney general
SCC_1950-1999,SCC_19891scr1161,1984canlii686,both_loose,1,Air Canada v. British Columbia <-> delta air lines inc v department of revenue 455 so 2d 317 1984 fla cert denied
SCC_1950-1999,SCC_19891scr1161,1976canlii15,both_strong,1,Amax Potash Ltd. Etc. v. The Government of Saskatchewan <-> amax potash ltd v government of saskatchewan
SCC_1950-1999,SCC_19891scr1161,1941canlii46,both_strong,1,Atlantic Smoke Shops Ltd. v. Conlon and Attorney-General for Quebec <-> atlantic smoke shops ltd v conlon
SCC_1950-1999,SCC_19891scr1161,1927canlii482,both_loose,1,British Columbia (Attorney General) v. Canadian Pacific Railway Company <-> attorney general for british columbia v canadian pacific railway co
SCC_1950-1999,SCC_19891scr1161,1933canlii320,both_loose,1,British Columbia (Attorney General) v. Kingcome Navigation Company (No. 2) <-> attorney general for british columbia v kingcome navigation co
SCC_1950-1999,SCC_19891scr1161,1953canlii42,both_strong,1,Campbell-Bennett v. Comstock Midwestern Ltd. <-> campbell bennett ltd v comstock midwestern ltd
SCC_1950-1999,SCC_19891scr1161,1937canlii363,both_loose,1,Canada (Attorney General) v. Ontario (Attorney General) <-> attorney general for canada v attorney general for ontario
SCC_1950-1999,SCC_19891scr1161,1977canlii210,both_strong,1,Canadian Industrial Gas & Oil Ltd. v. Government of Saskatchewan et al. <-> canadian industrial gas and oil ltd v government of saskatchewan
SCC_1950-1999,SCC_19891scr1161,1981canlii476,both_loose,1,Glidurray Holdings Limited v. Qualicum Beach (Village) <-> glidurray holdings ltd v qualicum beach
SCC_1950-1999,SCC_19891scr1161,1910canlii55,both_weak,1,Lovitt v. The King <-> lovitt v the king
SCC_1950-1999,SCC_19891scr1161,1985canlii438,both_loose,1,Lynden Transport Inc. v. R. in Right of B.C. <-> lynden transport inc v r in right of british columbia
SCC_1950-1999,SCC_19891scr1161,1985canlii487,both_weak,1,Marine Petrobulk Ltd. v. R. in Right of B.C. <-> marine petrobulk ltd v r in right of b c
SCC_1950-1999,SCC_19891scr1161,1982canlii42,both_strong,1,Nepean Hydro Electric Commission v. Ontario Hydro <-> hydro electric commission of nepean v ontario hydro
SCC_1950-1999,SCC_19891scr1161,1981canlii691,Q_not_found,0,
SCC_1950-1999,SCC_19891scr1161,1988canlii107,both_strong,1,R. v. Mercure <-> r v mercure
SCC_1950-1999,SCC_19891scr1161,1942canlii367,both_weak,1,R. v. Williams <-> r v williams
SCC_1950-1999,SCC_19891scr1161,1936canlii30,both_strong,1,"Reference re legislative jurisdiction of Parliament of Canada to enact the Employment and Social Insurance Act (1935, c. 48) <-> reference re the employment and social insurance act"
SCC_1950-1999,SCC_19891scr1161,1984canlii17,both_strong,1,Reference re Upper Churchill Water Rights Reversion Act <-> reference re upper churchill water rights reversion act
SCC_1950-1999,SCC_19891scr1161,1985canlii33,both_strong,1,Re Manitoba Language Rights <-> reference re manitoba language rights
SCC_1950-1999,SCC_19891scr1161,1933canlii53,both_strong,1,The King v. National Trust Co. <-> the king v national trust co
SCC_1950-1999,SCC_19891scr1161,1980canlii16,both_strong,1,The Queen (Man.) v. Air Canada <-> the queen in right of manitoba v air canada
SCC_1950-1999,SCC_19891scr1161,1937canlii245,both_loose,1,Vancouver Growers Limited v. G. H. Snow Limited <-> vancouver growers ltd v g h snow ltd
SCC_1950-1999,SCC_19891scr1161,XC-G000857,ours_only_origin_undetermined|pubforeign:heuristic_only,0,reporter
SCC_1950-1999,SCC_19891scr1161,XC-G001660,ours_only_origin_undetermined|pubforeign:heuristic_only,0,reporter
SCC_1950-1999,SCC_19891scr1161,XC-G073647,ours_only_origin_undetermined|pubforeign:supported,0,reporter
SCC_1950-1999,SCC_19891scr1161,XC-G127542,ours_only_origin_undetermined|pubforeign:supported,0,reporter
SCC_1950-1999,SCC_19891scr1161,XC-G131009,ours_only_origin_undetermined|pubforeign:supported,0,reporter
SCC_1950-1999,SCC_19891scr1161,XC-G141035,ours_only_origin_undetermined|pubnone:supported,0,reporter
SCC_1950-1999,SCC_19891scr1161,XC-G142125,ours_only_origin_undetermined|pubforeign:supported,0,reporter
SCC_1950-1999,SCC_19891scr1161,XC-G142824,ours_only_origin_undetermined|pubforeign:supported,0,reporter
SCC_1950-1999,SCC_19891scr1161,XC-G147086,ours_only_origin_undetermined|pubforeign:heuristic_only,0,reporter
SCC_1950-1999,SCC_19891scr1161,XC-G147992,ours_only_origin_undetermined|pubforeign:supported,0,reporter
SCC_1950-1999,SCC_19891scr1161,XC-G148140,ours_only_origin_undetermined|pubforeign:supported,0,reporter
SCC_1950-1999,SCC_19891scr1161,XC-G150088,ours_only_origin_undetermined|pubnone:supported,0,reporter
SCC_1950-1999,SCC_19891scr1161,XC-G153215,ours_only_origin_undetermined|pubforeign:supported,0,reporter
SCC_1950-1999,SCC_19891scr1161,XC-G157301,ours_only_origin_undetermined|pubnone:supported,0,reporter
SCC_1950-1999,SCC_19891scr1161,XC-G157963,ours_only_origin_undetermined|pubnone:supported,0,reporter
SCC_1950-1999,SCC_19891scr1161,XC-G158701,ours_only_origin_undetermined|pubca:supported,0,reporter
SCC_1950-1999,SCC_19891scr1161,XC-G158802,ours_only_origin_undetermined|pubca:supported,0,reporter
SCC_1950-1999,SCC_19891scr1161,XC-G159827,ours_only_origin_undetermined|pubca:supported,0,reporter
SCC_1950-1999,SCC_19891scr1161,XC-G159907,ours_only_origin_undetermined|pubca:supported,0,reporter
SCC_1950-1999,SCC_19891scr1161,XC-G184139,ours_only_origin_undetermined|pubforeign:supported,0,reporter
SCC_1950-1999,SCC_19891scr1161,XC-G198665,ours_only_origin_ca|pubca:supported,0,reporter
SCC_1950-1999,SCC_19891scr1161,XC-G219360,ours_only_origin_undetermined|pubnone:supported,0,reporter
SCC_1950-1999,SCC_19934scr371,1989canlii95,both_strong,1,Air Canada v. British Columbia <-> air canada v british columbia
SCC_1950-1999,SCC_19934scr371,1988canlii3169,Q_first_word_only,0,
SCC_1950-1999,SCC_19934scr371,1988canlii3170,Q_first_word_only,0,
SCC_1950-1999,SCC_19934scr371,1989canlii2712,Q_first_word_only,0,
SCC_1950-1999,SCC_19934scr371,1991canlii5738,Q_first_word_only,0,
SCC_1950-1999,SCC_19934scr371,1927canlii482,both_loose,1,British Columbia (Attorney General) v. Canadian Pacific Railway Company <-> attorney general for british columbia v canadian pacific railway co
SCC_1950-1999,SCC_19934scr371,1952canlii39,both_strong,1,C.P.R. v. A.G. for Saskatchewan <-> canadian pacific railway co v attorney general for saskatchewan
SCC_1950-1999,SCC_19934scr371,1989canlii94,both_strong,2,Canadian Pacific Air Lines Ltd. v. British Columbia <-> air canada v british columbia / canadian pacific air lines ltd v british columbia
SCC_1950-1999,SCC_19934scr371,1954canlii245,both_loose,1,Colpitts Ranches v. Attorneu-General of Alberta and Municipal District of Springrank No. 45 <-> colpitts ranches v attorney general of alberta
SCC_1950-1999,SCC_19934scr371,1972canlii956,both_loose,1,Coquitlam (District) v. LaFarge Concrete Ltd. <-> coquitlam v lafarge concrete ltd
SCC_1950-1999,SCC_19934scr371,1949canlii324,both_loose,1,Esquimalt & Nanaimo Railway Company v. British Columbia (Attorney General) <-> attorney general for british columbia v esquimalt and nanaimo railway co
SCC_1950-1999,SCC_19934scr371,1985abca198,Q_first_word_only,0,
SCC_1950-1999,SCC_19934scr371,1980canlii268,Q_first_word_only,0,
SCC_1950-1999,SCC_19934scr371,1983canlii677,both_weak,2,Kirkpatrick v. Maple Ridge <-> kirkpatrick v maple ridge / kirkpatrick v maple ridge
SCC_1950-1999,SCC_19934scr371,1986canlii25,both_strong,1,Kirkpatrick v. Maple Ridge <-> kirkpatrick v maple ridge corporation of the district
SCC_1950-1999,SCC_19934scr371,1972canlii1481,Q_first_word_only,0,
SCC_1950-1999,SCC_19934scr371,1930canlii91,both_strong,1,Lawson v. Interior Tree Fruit and Vegetable Committee of Direction <-> lawson v interior tree fruit and vegetable committee of direction
SCC_1950-1999,SCC_19934scr371,1979canlii752,both_loose,1,Lees v. West Vancouver (District) <-> lees v west vancouver
SCC_1950-1999,SCC_19934scr371,1985canlii97,both_strong,1,Montréal v. Arcade Amusements Inc. <-> montr al city of v arcade amusements inc
SCC_1950-1999,SCC_19934scr371,1964canlii595,both_weak,1,Nelson v. City of Dartmouth <-> nelson v city of dartmouth
SCC_1950-1999,SCC_19934scr371,1993canlii166,both_strong,1,R. v. Greenbaum <-> r v greenbaum
SCC_1950-1999,SCC_19934scr371,1993canlii165,both_strong,1,R. v. Sharma <-> r v sharma
SCC_1950-1999,SCC_19934scr371,1982canlii189,both_strong,1,Re: Exported Natural Gas Tax <-> reference re exported natural gas tax
SCC_1950-1999,SCC_19934scr371,1978canlii10,both_strong,1,Reference re Agricultural Products Marketing <-> reference re agricultural products marketing act
SCC_1950-1999,SCC_19934scr371,1957canlii1,both_strong,1,Re The Farm Products Marketing Act <-> reference re the farm products marketing act
SCC_1950-1999,SCC_19934scr371,1938canlii250,both_weak,1,Shannon v. Lower Mainland Dairy Products Board <-> shannon v lower mainland dairy products board
SCC_1950-1999,SCC_19934scr371,XC-G000857,ours_only_origin_undetermined|pubforeign:heuristic_only,0,reporter
SCC_1950-1999,SCC_19934scr371,XC-G155351,ours_only_origin_undetermined|pubnone:supported,0,reporter
SCC_1950-1999,SCC_19934scr371,XC-G156425,ours_only_origin_ca|pubca:supported,0,reporter
SCC_1950-1999,SCC_19934scr371,XC-G160899,ours_only_origin_undetermined|pubca:supported,0,reporter
SCC_1950-1999,SCC_19934scr371,XC-G160900,ours_only_origin_undetermined|pubca:supported,0,reporter
SCC_1950-1999,SCC_19934scr371,XC-G161469,ours_only_origin_undetermined|pubca:supported,0,reporter
SCC_1950-1999,SCC_19934scr371,XC-G162708,ours_only_origin_undetermined|pubca:supported,0,reporter
SCC_1950-1999,SCC_19934scr371,XC-G162724,ours_only_origin_undetermined|pubca:supported,0,reporter
SCC_1950-1999,SCC_19934scr371,XC-G187292,ours_only_origin_undetermined|pubca:supported,0,reporter
SCC_1950-1999,SCC_19934scr371,XC-G217549,ours_only_origin_undetermined|pubca:supported,0,reporter
SCC_1950-1999,SCC_19934scr371,XC-G218807,ours_only_origin_undetermined|pubca:supported,0,reporter
SCC_1950-1999,SCC_19934scr371,XC-G225232,ours_only_origin_undetermined|pubca:supported,0,reporter
SCC_1950-1999,SCC_19934scr371,XC-G232945,ours_only_origin_ca|pubca:supported,0,reporter
SCC_1950-1999,SCC_19934scr371,XC-G234181,ours_only_origin_undetermined|pubca:supported,0,reporter
SCC_1950-1999,SCC_1957scr643,1925canlii271,Q_first_word_only,0,
SCC_1950-1999,SCC_1957scr643,XC-G139982,ours_only_origin_undetermined|pubnone:supported,0,reporter
SCC_1950-1999,SCC_1957scr643,XC-G148080,ours_only_origin_undetermined|pubca:supported,0,reporter
SCC_1950-1999,SCC_1958scr499,1934canlii275,both_loose,1,Ontario (Attorney General) v. Perry <-> attorney general for ontario v perry
SCC_1950-1999,SCC_1958scr499,1951canlii77,Q_not_found,0,
SCC_1950-1999,SCC_1958scr499,1941canlii77,Q_first_word_only,0,
SCC_1950-1999,SCC_1958scr499,1956canlii812,both_strong,1,"Toronto General Trusts Corp., Exer. Hilder Estate v. Minister of National Revenue <-> "
SCC_1950-1999,SCC_1958scr499,XC-G127359,ours_only_origin_undetermined|pubforeign:supported,0,reporter
SCC_1950-1999,SCC_1958scr499,XC-G128219,ours_only_origin_undetermined|pubforeign:supported,0,reporter
SCC_1950-1999,SCC_1958scr499,XC-G129073,ours_only_origin_undetermined|pubforeign:supported,0,reporter
SCC_1950-1999,SCC_1958scr499,XC-G130387,ours_only_origin_undetermined|pubforeign:supported,0,reporter
SCC_1950-1999,SCC_1958scr499,XC-G132783,ours_only_origin_undetermined|pubforeign:supported,0,reporter
SCC_1950-1999,SCC_1958scr499,XC-G134125,ours_only_origin_undetermined|pubforeign:supported,0,reporter
SCC_1950-1999,SCC_1958scr499,XC-G137244,ours_only_origin_undetermined|pubforeign:supported,0,reporter
SCC_1950-1999,SCC_1958scr499,XC-G138596,ours_only_origin_undetermined|pubforeign:supported,0,reporter
SCC_1950-1999,SCC_1958scr499,XC-G142419,ours_only_origin_undetermined|pubca:supported,0,reporter
SCC_1950-1999,SCC_1958scr499,XC-G142448,ours_only_origin_ca|pubca:supported,0,reporter
SCC_1950-1999,SCC_1958scr499,XC-G144106,ours_only_origin_undetermined|pubforeign:supported,0,reporter
SCC_1950-1999,SCC_1958scr499,XC-G144161,ours_only_origin_ca|pubca:supported,0,reporter
SCC_1950-1999,SCC_1958scr499,XC-G144276,ours_only_origin_undetermined|pubforeign:supported,0,reporter
SCC_1950-1999,SCC_1958scr499,XC-G144281,ours_only_origin_ca|pubca:supported,0,reporter
SCC_1950-1999,SCC_1958scr499,XC-G146575,ours_only_origin_ca|pubca:supported,0,reporter
SCC_1950-1999,SCC_1958scr499,XC-G146966,ours_only_origin_undetermined|pubforeign:supported,0,reporter
SCC_1950-1999,SCC_1958scr499,XC-G147172,ours_only_origin_undetermined|pubforeign:supported,0,reporter
SCC_1950-1999,SCC_1958scr499,XC-G148005,ours_only_origin_undetermined|pubca:supported,0,reporter
SCC_1950-1999,SCC_1958scr499,XC-G224275,ours_only_origin_undetermined|pubca:supported,0,reporter
SCC_1950-1999,SCC_1958scr499,XC-G228114,ours_only_origin_undetermined|pubforeign:supported,0,reporter
SCC_1950-1999,SCC_1958scr499,XC-G228424,ours_only_origin_undetermined|pubnone:supported,0,reporter
SCC_1950-1999,SCC_1958scr499,XC-G232334,ours_only_origin_undetermined|pubnone:supported,0,reporter
SCC_1950-1999,SCC_1958scr499,XC-G235399,ours_only_origin_undetermined|pubforeign:supported,0,reporter
SCC_1950-1999,SCC_19911scr64,1988canlii5190,Q_first_word_only,0,
SCC_1950-1999,SCC_19911scr64,1987canlii4524,Q_first_word_only,0,
SCC_1950-1999,SCC_19911scr64,XC-G160774,ours_only_origin_undetermined|pubca:supported,0,reporter
SCC_1950-1999,SCC_19911scr64,XC-G199001,ours_only_origin_ca|pubca:supported,0,reporter
SCC_1950-1999,SCC_19911scr64,XC-G218287,ours_only_origin_ca|pubca:supported,0,reporter
SCC_1950-1999,SCC_19911scr64,XC-G222617,ours_only_origin_undetermined|pubnone:supported,0,reporter
SCC_1950-1999,SCC_19911scr64,XC-G227425,ours_only_origin_undetermined|pubca:supported,0,reporter
SCC_1950-1999,SCC_19991scr652,1984canlii33,both_strong,1,Hunter et al. v. Southam Inc. <-> hunter v southam inc
SCC_1950-1999,SCC_19991scr652,1987canlii84,both_strong,1,R. v. Collins <-> r v collins
SCC_1950-1999,SCC_19991scr652,1988canlii10,both_strong,1,R. v. Dyment <-> r v dyment
SCC_1950-1999,SCC_19991scr652,1997canlii342,both_strong,1,R. v. Feeney <-> r v feeney
SCC_1950-1999,SCC_19991scr652,1990canlii143,both_strong,1,R. v. Greffe <-> r v greffe
SCC_1950-1999,SCC_19991scr652,1996canlii174,both_strong,1,R. v. Jacques <-> r v jacques
SCC_1950-1999,SCC_19991scr652,1996canlii243,both_strong,1,R. v. Lewis <-> r v lewis
SCC_1950-1999,SCC_19991scr652,1997canlii979,Q_first_word_only,0,
SCC_1950-1999,SCC_19991scr652,1987canlii62,both_strong,1,R. v. Pohoretsky <-> r v pohoretsky
SCC_1950-1999,SCC_19991scr652,1988canlii12,both_strong,1,R. v. Simmons <-> r v simmons
SCC_1950-1999,SCC_19991scr652,1997canlii384,both_strong,1,R. v. Stillman <-> r v stillman
SCC_1950-1999,SCC_19991scr652,1990canlii125,both_strong,1,R. v. Storrey <-> r v storrey
SCC_1950-1999,SCC_19991scr652,1985canlii65,both_strong,1,Singh v. Minister of Employment and Immigration <-> singh v minister of employment and immigration
SCC_1950-1999,SCC_19991scr652,1989canlii92,both_strong,1,Slaight Communications Inc. v. Davidson <-> slaight communications inc v davidson
SCC_1950-1999,SCC_19991scr652,XC-G164514,ours_only_origin_undetermined|pubca:supported,0,reporter
SCC_1950-1999,SCC_19991scr652,XC-G165791,ours_only_origin_undetermined|pubca:supported,0,reporter
SCC_1950-1999,SCC_19991scr652,XC-G166284,ours_only_origin_undetermined|pubca:supported,0,reporter
SCC_1950-1999,SCC_19991scr652,XC-G187326,ours_only_origin_ca|pubca:supported,0,reporter
SCC_1950-1999,SCC_19991scr652,XC-G188205,ours_only_origin_undetermined|pubca:supported,0,reporter
SCC_1950-1999,SCC_19991scr652,XC-G191310,ours_only_origin_ca|pubca:supported,0,reporter
SCC_1950-1999,SCC_19991scr652,XC-G199008,ours_only_origin_ca|pubca:supported,0,reporter
SCC_1950-1999,SCC_19991scr652,XC-G210905,ours_only_origin_undetermined|pubnone:supported,0,reporter
SCC_1950-1999,SCC_19991scr652,XC-G228535,ours_only_origin_undetermined|pubnone:supported,0,reporter
SCC_1950-1999,SCC_19991scr652,XC-G233558,ours_only_origin_undetermined|pubnone:supported,0,reporter
SCC_1950-1999,SCC_19981scr769,1997canlii3607,Q_first_word_only,0,
SCC_1950-1999,SCC_19981scr769,XC-G166169,ours_only_origin_undetermined|pubca:supported,0,reporter
SCC_1950-1999,SCC_19981scr769,XC-G191481,ours_only_origin_undetermined|pubca:supported,0,reporter
SCC_1950-1999,SCC_19981scr769,XC-G199076,ours_only_origin_ca|pubca:supported,0,reporter
SCC_1950-1999,SCC_19972scr290,1995canlii1383,Q_first_word_only,0,
SCC_1950-1999,SCC_19972scr290,XC-G162849,ours_only_origin_undetermined|pubca:supported,0,reporter
SCC_1950-1999,SCC_19972scr290,XC-G164751,ours_only_origin_ca|pubca:supported,0,reporter
SCC_1950-1999,SCC_19972scr290,XC-G209014,ours_only_origin_ca|pubca:supported,0,reporter
SCC_1950-1999,SCC_19972scr290,XC-G232983,ours_only_origin_undetermined|pubca:supported,0,reporter
SCC_1950-1999,SCC_1961scr655,1957canlii221,both_loose,1,Mellen c Nelligan <-> x v mellen
SCC_1950-1999,SCC_1961scr655,1953canlii4,both_strong,1,Nesbitt v. Holt <-> 
SCC_1950-1999,SCC_1961scr655,1952canlii1,Q_first_word_only,0,
SCC_1950-1999,SCC_1961scr655,1938canlii3,both_strong,1,Sisters of St. Joseph of the Diocese of London v. Fleming <-> ontario v fleming
SCC_1950-1999,SCC_1961scr655,1956canlii61,both_strong,1,Wilson v. Swanson <-> wilson v swanson
SCC_1950-1999,SCC_1961scr655,XC-G148345,ours_only_origin_undetermined|pubca:supported,0,reporter
SCC_1950-1999,SCC_1961scr655,XC-G149072,ours_only_origin_undetermined|pubca:supported,0,reporter
SCC_1950-1999,SCC_1961scr655,XC-G149076,ours_only_origin_undetermined|pubca:supported,0,reporter
SCC_1950-1999,SCC_1961scr655,XC-G197166,ours_only_origin_ca|pubca:supported,0,reporter
SCC_1950-1999,SCC_1961scr655,XC-G198849,ours_only_origin_ca|pubca:supported,0,reporter
SCC_1950-1999,SCC_1961scr655,XC-G207469,ours_only_origin_ca|pubca:supported,0,reporter
SCC_1950-1999,SCC_1961scr655,XC-G215747,ours_only_origin_ca|pubca:supported,0,reporter
SCC_1950-1999,SCC_1961scr655,XC-G225588,ours_only_origin_ca|pubca:supported,0,reporter
SCC_2000-2026,SCC_2012scc28,1994canlii10546,both_weak,1,Ontario (Attorney General) v. Dieleman <-> ontario attorney general v dieleman
SCC_2000-2026,SCC_2012scc28,1981canlii212,both_strong,1,R. v. Clement <-> r v clement
SCC_2000-2026,SCC_2012scc28,2001abpc184,both_strong,1,R. v. Creamer <-> r v creamer
SCC_2000-2026,SCC_2012scc28,1995canlii4253,Q_not_found,0,
SCC_2000-2026,SCC_2012scc28,1995canlii5075,both_weak,1,R. v. Gaudreault <-> r v gaudreault
SCC_2000-2026,SCC_2012scc28,2010onca77,both_strong,1,R. v. Gibbons <-> 
SCC_2000-2026,SCC_2012scc28,2009canlii31598,both_strong,1,R. v. Gibbons <-> 
SCC_2000-2026,SCC_2012scc28,1995canlii54,both_strong,1,R. v. Hinse <-> r v hinse
SCC_2000-2026,SCC_2012scc28,2002nssc283,both_strong,1,R. v. MacLean <-> r v maclean
SCC_2000-2026,SCC_2012scc28,2000canlii19596,Q_not_found,0,
SCC_2000-2026,SCC_2012scc28,XC-G016900,ours_only_origin_undetermined|pubca:heuristic_only,0,reporter
SCC_2000-2026,SCC_2012scc28,XC-G165034,ours_only_origin_undetermined|pubca:supported,0,reporter
SCC_2000-2026,SCC_2012scc28,XC-G168846,ours_only_origin_undetermined|pubca:supported,0,reporter
SCC_2000-2026,SCC_2012scc28,XC-G174607,ours_only_origin_undetermined|pubca:supported,0,identifier
SCC_2000-2026,SCC_2012scc28,XC-G174808,ours_only_origin_undetermined|pubca:supported,0,reporter
SCC_2000-2026,SCC_2012scc28,XC-G175334,ours_only_origin_undetermined|pubca:supported,0,identifier
SCC_2000-2026,SCC_2012scc28,XC-G175550,ours_only_origin_undetermined|pubca:supported,0,reporter
SCC_2000-2026,SCC_2012scc28,XC-G176544,ours_only_origin_ca|pubca:supported,0,reporter
SCC_2000-2026,SCC_2012scc28,XC-G184029,ours_only_origin_ca|pubca:supported,0,reporter
SCC_2000-2026,SCC_2012scc28,XC-G195272,ours_only_origin_undetermined|pubca:supported,0,reporter
SCC_2000-2026,SCC_2012scc28,XC-G200463,ours_only_origin_ca|pubca:supported,0,reporter
SCC_2000-2026,SCC_2012scc28,XC-G203359,ours_only_origin_ca|pubca:supported,0,reporter
SCC_2000-2026,SCC_2012scc28,XC-G203521,ours_only_origin_undetermined|pubca:supported,0,reporter
SCC_2000-2026,SCC_2012scc28,XC-G206087,ours_only_origin_ca|pubca:supported,0,reporter
SCC_2000-2026,SCC_2012scc28,XC-G230235,ours_only_origin_undetermined|pubca:supported,0,reporter
SCC_2000-2026,SCC_2001scc2,1995canlii115,both_strong,1,B. (R.) v. Children's Aid Society of Metropolitan Toronto <-> b r v children s aid society of metropolitan toronto
SCC_2000-2026,SCC_2001scc2,1988canlii3,both_strong,1,B.C.G.E.U. v. British Columbia (Attorney General) <-> b c g e u v british columbia attorney general
SCC_2000-2026,SCC_2001scc2,1999canlii699,both_strong,1,Baker v. Canada (Minister of Citizenship and Immigration) <-> baker v canada minister of citizenship and immigration
SCC_2000-2026,SCC_2001scc2,1990canlii26,both_strong,1,Canada (human Rights Commission) v. Taylor <-> canada human rights commission v taylor
SCC_2000-2026,SCC_2001scc2,1996canlii184,both_strong,1,Canadian Broadcasting Corp. v. New Brunswick (Attorney General) <-> canadian broadcasting corp v new brunswick attorney general
SCC_2000-2026,SCC_2001scc2,1991canlii119,both_strong,1,Committee for the Commonwealth of Canada v. Canada <-> committee for the commonwealth of canada v canada
SCC_2000-2026,SCC_2001scc2,1994canlii39,both_strong,1,Dagenais v. Canadian Broadcasting Corp. <-> dagenais v canadian broadcasting corp
SCC_2000-2026,SCC_2001scc2,1999canlii649,both_strong,1,Delisle v. Canada (Deputy Attorney General) <-> delisle v canada deputy attorney general
SCC_2000-2026,SCC_2001scc2,1989canlii20,both_strong,1,Edmonton Journal v. Alberta (Attorney General) <-> edmonton journal v alberta attorney general
SCC_2000-2026,SCC_2001scc2,1988canlii19,both_strong,1,Ford v. Quebec (Attorney General) <-> ford v quebec attorney general
SCC_2000-2026,SCC_2001scc2,1995canlii62,both_strong,1,Friesen v. Canada <-> friesen v canada
SCC_2000-2026,SCC_2001scc2,1996canlii163,both_strong,1,Harvey v. New Brunswick (Attorney General) <-> harvey v new brunswick attorney general
SCC_2000-2026,SCC_2001scc2,1984canlii33,both_strong,1,Hunter et al. v. Southam Inc. <-> hunter v southam inc
SCC_2000-2026,SCC_2001scc2,1989canlii87,both_strong,1,Irwin Toy Ltd. v. Quebec (Attorney General) <-> irwin toy ltd v quebec attorney general
SCC_2000-2026,SCC_2001scc2,2000scc69,both_strong,1,Little Sisters Book and Art Emporium v. Canada (Minister of Justice) <-> little sisters book and art emporium v canada minister of justice
SCC_2000-2026,SCC_2001scc2,1992canlii31,both_strong,1,M.(K.) v. M.(H.) <-> m k v m h
SCC_2000-2026,SCC_2001scc2,1999canlii686,both_strong,1,M. v. H. <-> m v h
SCC_2000-2026,SCC_2001scc2,1995canlii7422,both_weak,1,Ontario (Attorney General) v. Langer <-> ontario attorney general v langer
SCC_2000-2026,SCC_2001scc2,1991canlii60,both_strong,1,Osborne v. Canada (Treasury Board) <-> osborne v canada treasury board
SCC_2000-2026,SCC_2001scc2,1999canlii3796,Q_not_found,0,
SCC_2000-2026,SCC_2001scc2,1992canlii124,both_strong,1,R. v. Butler <-> r v butler
SCC_2000-2026,SCC_2001scc2,1990canlii34,both_strong,1,R. v. Chaulk <-> r v chaulk
SCC_2000-2026,SCC_2001scc2,1999canlii638,both_strong,1,R. v. Davis <-> r v davis
SCC_2000-2026,SCC_2001scc2,1987canlii6865,both_weak,1,R. v. Dionne <-> r v dionne
SCC_2000-2026,SCC_2001scc2,1988canlii10,both_strong,1,R. v. Dyment <-> r v dyment
SCC_2000-2026,SCC_2001scc2,1996canlii255,both_strong,1,R. v. Edwards <-> r v edwards
SCC_2000-2026,SCC_2001scc2,1986canlii12,both_strong,1,R. v. Edwards Books and Art Ltd. <-> r v edwards books and art ltd
SCC_2000-2026,SCC_2001scc2,1990canlii89,both_strong,1,R. v. Hess; R. v. Nguyen <-> r v hess
SCC_2000-2026,SCC_2001scc2,1994canlii34,both_strong,1,R. v. Heywood <-> r v heywood
SCC_2000-2026,SCC_2001scc2,1997canlii318,both_strong,1,R. v. Hydro-Québec <-> r v hydro qu bec
SCC_2000-2026,SCC_2001scc2,1995canlii1897,both_weak,1,R. v. Jewell <-> r v jewell
SCC_2000-2026,SCC_2001scc2,1990canlii24,both_strong,1,R. v. Keegstra <-> r v keegstra
SCC_2000-2026,SCC_2001scc2,1993canlii46,both_strong,1,R. v. L. (D.O.) <-> r v l d o
SCC_2000-2026,SCC_2001scc2,1998canlii815,both_strong,1,R. v. Lucas <-> r v lucas
SCC_2000-2026,SCC_2001scc2,1997canlii363,both_strong,1,R. v. Mara <-> r v mara
SCC_2000-2026,SCC_2001scc2,1990canlii80,both_strong,1,R. v. Martineau <-> r v martineau
SCC_2000-2026,SCC_2001scc2,1999canlii637,both_strong,1,R. v. Mills <-> r v mills
SCC_2000-2026,SCC_2001scc2,1992canlii72,both_strong,1,R. v. Nova Scotia Pharmaceutical Society <-> r v nova scotia pharmaceutical society
SCC_2000-2026,SCC_2001scc2,1986canlii46,both_strong,1,R. v. Oakes <-> r v oakes
SCC_2000-2026,SCC_2001scc2,1991canlii76,both_strong,1,R. v. Seaboyer;  R. v. Gayme <-> r v seaboyer
SCC_2000-2026,SCC_2001scc2,1999canlii6380,both_weak,1,R. v. Sharpe <-> r v sharpe
SCC_2000-2026,SCC_2001scc2,1999bcca416,both_strong,1,R. v.  Sharpe <-> 
SCC_2000-2026,SCC_2001scc2,1991canlii104,both_strong,1,R. v. Swain <-> r v swain
SCC_2000-2026,SCC_2001scc2,1988canlii47,both_strong,1,R. v. Whyte <-> r v whyte
SCC_2000-2026,SCC_2001scc2,1992canlii75,both_strong,1,R. v. Zundel <-> r v zundel
SCC_2000-2026,SCC_2001scc2,1987canlii88,both_strong,1,Reference Re Public Service Employee Relations Act (Alta.) <-> reference re public service employee relations act alta
SCC_2000-2026,SCC_2001scc2,1998canlii793,both_strong,1,Reference re Secession of Quebec <-> reference re secession of quebec
SCC_2000-2026,SCC_2001scc2,1990canlii105,both_strong,1,Reference re ss. 193 and 195.1(1)(C) of the criminal code (Man.) <-> 
SCC_2000-2026,SCC_2001scc2,1957canlii119,Q_not_found,0,
SCC_2000-2026,SCC_2001scc2,1973canlii1467,Q_not_found,0,
SCC_2000-2026,SCC_2001scc2,1998canlii837,both_strong,1,Rizzo & Rizzo Shoes Ltd. (Re) <-> rizzo and rizzo shoes ltd re
SCC_2000-2026,SCC_2001scc2,1995canlii64,both_strong,1,RJR-MacDonald Inc. v. Canada (Attorney General) <-> rjr macdonald inc v canada attorney general
SCC_2000-2026,SCC_2001scc2,1990canlii121,both_strong,1,Rocket v. Royal College of Dental Surgeons of Ontario <-> rocket v royal college of dental surgeons of ontario
SCC_2000-2026,SCC_2001scc2,1996canlii237,both_strong,1,Ross v. New Brunswick School District No. 15 <-> ross v new brunswick school district no 15
SCC_2000-2026,SCC_2001scc2,1997canlii377,both_strong,1,Royal Bank of Canada v. Sparrow Electric Corp. <-> royal bank of canada v sparrow electric corp
SCC_2000-2026,SCC_2001scc2,1986canlii5,both_strong,1,RWDSU v. Dolphin Delivery Ltd. <-> rwdsu v dolphin delivery ltd
SCC_2000-2026,SCC_2001scc2,1992canlii74,both_strong,1,Schachter v. Canada <-> schachter v canada
SCC_2000-2026,SCC_2001scc2,1989canlii92,both_strong,1,Slaight Communications Inc. v. Davidson <-> slaight communications inc v davidson
SCC_2000-2026,SCC_2001scc2,1998canlii829,both_strong,1,Thomson Newspapers Co. v. Canada (Attorney General) <-> thomson newspapers co v canada attorney general
SCC_2000-2026,SCC_2001scc2,1999canlii650,both_strong,1,"U.F.C.W., Local 1518, v. KMart Canada Ltd. <-> u f c w local 1518 v kmart canada ltd"
SCC_2000-2026,SCC_2001scc2,1996canlii186,both_strong,1,Verdun v. Toronto-Dominion Bank <-> verdun v toronto dominion bank
SCC_2000-2026,SCC_2001scc2,1998canlii816,both_strong,1,Vriend v. Alberta <-> vriend v alberta
SCC_2000-2026,SCC_2001scc2,1993canlii34,both_strong,1,Young v. Young <-> young v young
SCC_2000-2026,SCC_2001scc2,XC-G018433,ours_only_origin_undetermined|pubca:supported,0,reporter
SCC_2000-2026,SCC_2001scc2,XC-G113013,ours_only_origin_undetermined|pubca:supported,0,reporter
SCC_2000-2026,SCC_2001scc2,XC-G143095,ours_only_origin_undetermined|pubforeign:supported,0,reporter
SCC_2000-2026,SCC_2001scc2,XC-G152830,ours_only_origin_undetermined|pubforeign:heuristic_only,0,reporter
SCC_2000-2026,SCC_2001scc2,XC-G162103,ours_only_origin_undetermined|pubforeign:supported,0,reporter
SCC_2000-2026,SCC_2001scc2,XC-G162220,ours_only_origin_undetermined|pubca:supported,0,reporter
SCC_2000-2026,SCC_2001scc2,XC-G164276,ours_only_origin_undetermined|pubforeign:supported,0,reporter
SCC_2000-2026,SCC_2001scc2,XC-G164887,ours_only_origin_undetermined|pubnone:supported,0,reporter
SCC_2000-2026,SCC_2001scc2,XC-G165307,ours_only_origin_undetermined|pubnone:supported,0,reporter
SCC_2000-2026,SCC_2001scc2,XC-G167068,ours_only_origin_undetermined|pubforeign:supported,0,reporter
SCC_2000-2026,SCC_2001scc2,XC-G167142,ours_only_origin_undetermined|pubca:supported,0,reporter
SCC_2000-2026,SCC_2001scc2,XC-G167143,ours_only_origin_undetermined|pubnone:supported,0,reporter
SCC_2000-2026,SCC_2001scc2,XC-G167357,ours_only_origin_undetermined|pubca:supported,0,reporter
SCC_2000-2026,SCC_2001scc2,XC-G167392,ours_only_origin_undetermined|pubca:supported,0,reporter
SCC_2000-2026,SCC_2001scc2,XC-G167409,ours_only_origin_undetermined|pubca:supported,0,reporter
SCC_2000-2026,SCC_2001scc2,XC-G167481,ours_only_origin_undetermined|pubnone:supported,0,reporter
SCC_2000-2026,SCC_2001scc2,XC-G167625,ours_only_origin_undetermined|pubnone:supported,0,reporter
SCC_2000-2026,SCC_2001scc2,XC-G167730,ours_only_origin_undetermined|pubca:supported,0,reporter
SCC_2000-2026,SCC_2001scc2,XC-G185657,ours_only_origin_undetermined|pubnone:supported,0,reporter
SCC_2000-2026,SCC_2001scc2,XC-G186302,ours_only_origin_undetermined|pubca:supported,0,reporter
SCC_2000-2026,SCC_2001scc2,XC-G187244,ours_only_origin_undetermined|pubnone:supported,0,reporter
SCC_2000-2026,SCC_2001scc2,XC-G187738,ours_only_origin_undetermined|pubca:supported,0,reporter
SCC_2000-2026,SCC_2001scc2,XC-G188644,ours_only_origin_undetermined|pubnone:supported,0,reporter
SCC_2000-2026,SCC_2001scc2,XC-G191694,ours_only_origin_undetermined|pubca:supported,0,reporter
SCC_2000-2026,SCC_2001scc2,XC-G192523,ours_only_origin_undetermined|pubforeign:supported,0,reporter
SCC_2000-2026,SCC_2001scc2,XC-G192609,ours_only_origin_ca|pubca:supported,0,reporter
SCC_2000-2026,SCC_2001scc2,XC-G192637,ours_only_origin_undetermined|pubnone:supported,0,reporter
SCC_2000-2026,SCC_2001scc2,XC-G193487,ours_only_origin_ca|pubca:supported,0,reporter
SCC_2000-2026,SCC_2001scc2,XC-G193612,ours_only_origin_undetermined|pubnone:supported,0,reporter
SCC_2000-2026,SCC_2001scc2,XC-G195671,ours_only_origin_undetermined|pubnone:supported,0,reporter
SCC_2000-2026,SCC_2001scc2,XC-G196324,ours_only_origin_undetermined|pubnone:supported,0,reporter
SCC_2000-2026,SCC_2001scc2,XC-G199790,ours_only_origin_undetermined|pubca:supported,0,reporter
SCC_2000-2026,SCC_2001scc2,XC-G203700,ours_only_origin_undetermined|pubca:supported,0,reporter
SCC_2000-2026,SCC_2001scc2,XC-G210940,ours_only_origin_undetermined|pubnone:supported,0,reporter
SCC_2000-2026,SCC_2001scc2,XC-G211352,ours_only_origin_undetermined|pubforeign:supported,0,reporter
SCC_2000-2026,SCC_2001scc2,XC-G213130,ours_only_origin_undetermined|pubnone:supported,0,reporter
SCC_2000-2026,SCC_2001scc2,XC-G218472,ours_only_origin_undetermined|pubnone:supported,0,reporter
SCC_2000-2026,SCC_2001scc2,XC-G219258,ours_only_origin_undetermined|pubnone:supported,0,reporter
SCC_2000-2026,SCC_2001scc2,XC-G223382,ours_only_origin_undetermined|pubnone:supported,0,reporter
SCC_2000-2026,SCC_2001scc2,XC-G227004,ours_only_origin_undetermined|pubnone:supported,0,reporter
SCC_2000-2026,SCC_2001scc2,XC-G228300,ours_only_origin_undetermined|pubnone:supported,0,reporter
SCC_2000-2026,SCC_2001scc2,XC-G228335,ours_only_origin_undetermined|pubca:supported,0,reporter
SCC_2000-2026,SCC_2001scc2,XC-G229068,ours_only_origin_undetermined|pubnone:supported,0,reporter
SCC_2000-2026,SCC_2001scc2,XC-G230154,ours_only_origin_undetermined|pubnone:supported,0,reporter
SCC_2000-2026,SCC_2001scc2,XC-G232460,ours_only_origin_undetermined|pubnone:supported,0,reporter
SCC_2000-2026,SCC_2001scc2,XC-G235554,ours_only_origin_undetermined|pubnone:supported,0,reporter
SCC_2000-2026,SCC_2001scc2,XC-G235560,ours_only_origin_undetermined|pubnone:supported,0,reporter
SCC_2000-2026,SCC_2012scc38,1990canlii49,both_strong,1,National Corn Growers Assn. v. Canada (Import tribunal) <-> national corn growers assn v canada import tribunal
SCC_2000-2026,SCC_2012scc38,2009canlii101413,Q_not_found,0,
SCC_2000-2026,SCC_2012scc38,2011fca70,both_strong,1,Re:Sound v. Motion Picture Theatre Association of Canada <-> 
SCC_2000-2026,SCC_2012scc38,1998canlii837,both_strong,1,Rizzo & Rizzo Shoes Ltd. (Re) <-> rizzo and rizzo shoes ltd re
SCC_2000-2026,SCC_2012scc38,XC-G166837,ours_only_origin_undetermined|pubforeign:supported,0,neutral
SCC_2000-2026,SCC_2012scc38,XC-G174354,ours_only_origin_undetermined|pubca:supported,0,reporter
SCC_2000-2026,SCC_2012scc38,XC-G174578,ours_only_origin_undetermined|pubca:supported,0,identifier
SCC_2000-2026,SCC_2012scc38,XC-G174656,ours_only_origin_undetermined|pubnone:supported,0,reporter
SCC_2000-2026,SCC_2012scc38,XC-G176076,ours_only_origin_undetermined|pubca:supported,0,identifier
SCC_2000-2026,SCC_2012scc38,XC-G176180,ours_only_origin_undetermined|pubca:supported,0,reporter
SCC_2000-2026,SCC_2012scc38,XC-G195489,ours_only_origin_undetermined|pubforeign:supported,0,reporter
SCC_2000-2026,SCC_2012scc38,XC-G217708,ours_only_origin_ca|pubca:supported,0,reporter
SCC_2000-2026,SCC_2012scc38,XC-G220715,ours_only_origin_undetermined|pubnone:supported,0,reporter
SCC_2000-2026,SCC_2015scc36,2012qcca430,both_strong,1,9118-7781 Québec inc. (Groupe Sutton Millénia) c. Lerer <-> 9118 7781 qu bec inc groupe sutton mill nia v lerer
SCC_2000-2026,SCC_2015scc36,1986canlii45,both_strong,1,H.W. Liebig Co. v. Leading Investments Ltd. <-> h w liebig and co v leading investments ltd / h w liebig co v leading investments ltd
SCC_2000-2026,SCC_2015scc36,1997canlii10674,both_strong,1,Mutuelle des fonctionnaires du Québec c. Immeubles G.C. Gagnon inc. <-> mutuelle des fonctionnaires du qu bec v immeubles g c gagnon inc
SCC_2000-2026,SCC_2015scc36,2007qccq12756,both_strong,1,Remax Alliance c. Placements Jabena inc. <-> remax alliance v placements jabena inc
SCC_2000-2026,SCC_2015scc36,2004canlii29347,both_strong,1,Royal Lepage des Moulins Inc. c. Baril <-> royal lepage des moulins inc v baril
SCC_2000-2026,SCC_2015scc36,2013qcca868,both_strong,1,Services immobiliers Diane Bisson inc. c. Société en commandite Place Mullins <-> 
SCC_2000-2026,SCC_2015scc36,2011qccs1930,both_strong,1,Services immobiliers Diane Bisson inc. c. Société en commandite Place Mullins <-> 
SCC_2000-2026,SCC_2015scc36,XC-G151351,ours_only_origin_undetermined|pubca:supported,0,reporter
SCC_2000-2026,SCC_2015scc36,XC-G176139,ours_only_origin_undetermined|pubca:supported,0,identifier
SCC_2000-2026,SCC_2015scc36,XC-G176206,ours_only_origin_undetermined|pubca:supported,0,reporter
SCC_2000-2026,SCC_2015scc36,XC-G177582,ours_only_origin_undetermined|pubca:supported,0,identifier
SCC_2000-2026,SCC_2015scc36,XC-G177671,ours_only_origin_undetermined|pubca:supported,0,reporter
SCC_2000-2026,SCC_2015scc36,XC-G178747,ours_only_origin_ca|pubca:supported,0,reporter
SCC_2000-2026,SCC_2019scc32,2018onca975,both_strong,1,R. v. Omar <-> 
SCC_2000-2026,SCC_2019scc32,XC-G049918,ours_only_origin_undetermined|pubca:heuristic_only,0,neutral|reporter
SCC_2000-2026,SCC_2019scc32,XC-G180931,ours_only_origin_undetermined|pubca:supported,0,identifier
SCC_2000-2026,SCC_2019scc32,XC-G181082,ours_only_origin_undetermined|pubca:supported,0,reporter
SCC_2000-2026,SCC_2019scc32,XC-G190163,ours_only_origin_ca|pubca:supported,0,reporter
SCC_2000-2026,SCC_2019scc32,XC-G213317,ours_only_origin_ca|pubca:supported,0,reporter
SCC_2000-2026,SCC_2019scc32,XC-G218575,ours_only_origin_ca|pubca:supported,0,reporter
SCC_2000-2026,SCC_2005scc29,2004bcca274,both_strong,1,R. v. Dionne <-> 
SCC_2000-2026,SCC_2005scc29,XC-G028026,ours_only_origin_undetermined|pubca:heuristic_only,0,neutral|reporter
SCC_2000-2026,SCC_2005scc29,XC-G170378,ours_only_origin_undetermined|pubca:supported,0,reporter
SCC_2000-2026,SCC_2005scc29,XC-G170707,ours_only_origin_undetermined|pubca:supported,0,reporter
SCC_2000-2026,SCC_2005scc29,XC-G194388,ours_only_origin_ca|pubca:supported,0,reporter
SCC_2000-2026,SCC_2005scc29,XC-G201561,ours_only_origin_undetermined|pubca:supported,0,reporter
SCC_2000-2026,SCC_2005scc29,XC-G211578,ours_only_origin_undetermined|pubca:supported,0,reporter
SCC_2000-2026,SCC_2016scc37,2015bcca347,both_strong,1,Acciona Infrastructure Canada Inc. v. Allianz Global Risks US Insurance Company <-> acciona infrastructure canada inc v allianz global risks us insurance co
SCC_2000-2026,SCC_2016scc37,2015nwtca3,both_strong,1,Anderson v Bell Mobility Inc. <-> anderson v bell mobility inc
SCC_2000-2026,SCC_2016scc37,1985canlii2526,both_loose,1,Bird Construction Co. v. U.S. Fire Insur. Co. <-> bird construction co v united states fire insurance co
SCC_2000-2026,SCC_2016scc37,1991canlii5732,both_loose,1,British Columbia v. Royal Insurance Company of Canada <-> british columbia v royal insurance co of canada
SCC_2000-2026,SCC_2016scc37,1997canlii385,both_strong,1,Canada (Director of Investigation and Research) v. Southam Inc. <-> canada director of investigation and research v southam inc
SCC_2000-2026,SCC_2016scc37,1989canlii657,both_loose,1,Commercial union compagnie d'assurance du Canada c. Pentagon construction Canada inc. <-> additionally in commercial union cie d assurance du canada v pentagon construction canada inc
SCC_2000-2026,SCC_2016scc37,1976canlii138,both_strong,1,Commonwealth Construction Co. Ltd. v. Imperial Oil Ltd. et al. <-> commonwealth construction co v imperial oil ltd
SCC_2000-2026,SCC_2016scc37,1979canlii10,both_strong,1,Consolidated-Bathurst v. Mutual Boiler <-> consolidated bathurst export ltd v mutual boiler and machinery insurance co
SCC_2000-2026,SCC_2016scc37,2009scc59,both_strong,1,Co-operators Life Insurance Co. v. Gibbens <-> co operators life insurance co v gibbens
SCC_2000-2026,SCC_2016scc37,2015onca919,both_strong,1,Daverne v. John Switzer Fuels Ltd. <-> daverne v john switzer fuels ltd
SCC_2000-2026,SCC_2016scc37,2016qcca500,both_strong,1,GCAN Insurance Company c. Univar Canada Ltd. <-> gcan insurance co v univar canada ltd
SCC_2000-2026,SCC_2016scc37,1995canlii9847,both_weak,1,Greene v. Canadian General Insurance Co. <-> greene v canadian general insurance co
SCC_2000-2026,SCC_2016scc37,1999canlii664,both_strong,1,Guarantee Co. of North America v. Gordon Capital Corp. <-> guarantee co of north america v gordon capital corp
SCC_2000-2026,SCC_2016scc37,2016scc19,both_strong,1,Heritage Capital Corp. v. Equitable Trust Co. <-> heritage capital corp v equitable trust co
SCC_2000-2026,SCC_2016scc37,2002scc33,both_strong,1,Housen v. Nikolaisen <-> housen v nikolaisen
SCC_2000-2026,SCC_2016scc37,2015nsca104,both_strong,1,Industrial Alliance Insurance and Financial Services Inc. v. Brine <-> industrial alliance insurance and financial services inc v brine
SCC_2000-2026,SCC_2016scc37,2014onca922,both_strong,1,Kassburg v. Sun Life Assurance Company of Canada <-> kassburg v sun life assurance co of canada
SCC_2000-2026,SCC_2016scc37,2011mbca80,both_strong,1,King v. Operating Engineers Training <-> king v operating engineers training institute of manitoba inc
SCC_2000-2026,SCC_2016scc37,2013abqb585,both_strong,1,Ledcor Construction Limited v. Northbridge Indemnity Insurance Company <-> 
SCC_2000-2026,SCC_2016scc37,2015abca121,both_strong,1,Ledcor Construction Limited v Northbridge Indemnity Insurance Company <-> 
SCC_2000-2026,SCC_2016scc37,2015onca842,both_strong,1,MacDonald v. Chicago Title Insurance Company of Canada <-> macdonald v chicago title insurance co of canada
SCC_2000-2026,SCC_2016scc37,2015onca911,both_strong,1,Monk v. Farmers’ Mutual Insurance Company (Lindsay) <-> monk v farmers mutual insurance co
SCC_2000-2026,SCC_2016scc37,2000scc24,both_strong,1,"Non-Marine Underwriters, Lloyd's of London v. Scalera <-> non marine underwriters lloyd s of london v scalera"
SCC_2000-2026,SCC_2016scc37,2015nwtca2,both_strong,1,Northwest Territories (Attorney General) v Association des parents ayants droit de Yellowknife <-> association des parents ayants droit de yellowknife v northwest territories attorney general
SCC_2000-2026,SCC_2016scc37,2015onca702,both_strong,1,Ontario Society for the Prevention of Cruelty to Animals v. Sovereign General Insurance Company <-> ontario society for the prevention of cruelty to animals v sovereign general insurance co
SCC_2000-2026,SCC_2016scc37,2015nsca53,both_strong,1,Portage LaPrairie Mutual Insurance Company v. Sabean <-> portage laprairie mutual insurance co v sabean
SCC_2000-2026,SCC_2016scc37,2015bcca277,both_strong,1,Precision Plating Ltd. v. Axa Pacific Insurance Company <-> precision plating ltd v axa pacific insurance co
SCC_2000-2026,SCC_2016scc37,1991canlii2346,both_loose,1,Privest Properties Ltd.  v. Foundation Company of  Canada Ltd. <-> and privest properties ltd v foundation co of canada ltd
SCC_2000-2026,SCC_2016scc37,2010scc33,both_strong,1,Progressive Homes Ltd. v. Lombard General Insurance Co. of Canada <-> progressive homes ltd v lombard general insurance co of canada
SCC_2000-2026,SCC_2016scc37,2016onca242,both_strong,1,Sankar v. Bell Mobility Inc. <-> and sankar v bell mobility inc
SCC_2000-2026,SCC_2016scc37,2014scc53,both_strong,1,Sattva Capital Corp. v. Creston Moly Corp. <-> sattva capital corp v creston moly corp
SCC_2000-2026,SCC_2016scc37,1981canlii3013,both_weak,1,Sayers & Associates Ltd. v. Insurance Corp. of Ireland Ltd. <-> sayers and associates ltd v insurance corp of ireland ltd
SCC_2000-2026,SCC_2016scc37,1982canlii1099,both_loose,1,Simcoe and Erie General Insurance Company v. Royal Insurance Company of Canada <-> simcoe and erie general insurance co v royal insurance co of canada
SCC_2000-2026,SCC_2016scc37,2015abca357,both_strong,1,Stewart Estate v TAQA North Ltd <-> stewart estate v 1088294 alberta ltd
SCC_2000-2026,SCC_2016scc37,1999bcca415,both_strong,1,Tenneco  Canada Inc.  v. British Columbia Hydro and Power Authority <-> tenneco canada inc v british columbia hydro and power authority
SCC_2000-2026,SCC_2016scc37,2016bcca173,both_strong,1,True Construction Ltd. v. Kamloops (City) <-> true construction ltd v kamloops city
SCC_2000-2026,SCC_2016scc37,2014abca290,both_strong,1,Vallieres v Vozniak <-> vallieres v vozniak
SCC_2000-2026,SCC_2016scc37,2015abca83,both_strong,1,Van Camp v Laurentian Bank of Canada <-> van camp v chrome horse motorcycle inc
SCC_2000-2026,SCC_2016scc37,XC-G006005,ours_only_origin_undetermined|pubforeign:heuristic_only,0,reporter
SCC_2000-2026,SCC_2016scc37,XC-G018965,ours_only_origin_undetermined|pubforeign:supported,0,reporter
SCC_2000-2026,SCC_2016scc37,XC-G087584,ours_only_origin_undetermined|pubca:heuristic_only,0,reporter
SCC_2000-2026,SCC_2016scc37,XC-G157358,ours_only_origin_undetermined|pubca:supported,0,reporter
SCC_2000-2026,SCC_2016scc37,XC-G168977,ours_only_origin_undetermined|pubca:supported,0,reporter
SCC_2000-2026,SCC_2016scc37,XC-G172619,ours_only_origin_undetermined|pubnone:supported,0,reporter
SCC_2000-2026,SCC_2016scc37,XC-G177405,ours_only_origin_undetermined|pubca:supported,0,reporter
SCC_2000-2026,SCC_2016scc37,XC-G177485,ours_only_origin_undetermined|pubca:supported,0,identifier
SCC_2000-2026,SCC_2016scc37,XC-G178831,ours_only_origin_undetermined|pubca:supported,0,reporter
SCC_2000-2026,SCC_2016scc37,XC-G178890,ours_only_origin_undetermined|pubca:supported,0,reporter
SCC_2000-2026,SCC_2016scc37,XC-G178991,ours_only_origin_undetermined|pubca:supported,0,identifier
SCC_2000-2026,SCC_2016scc37,XC-G184813,ours_only_origin_undetermined|pubnone:supported,0,reporter
SCC_2000-2026,SCC_2016scc37,XC-G187604,ours_only_origin_ca|pubca:supported,0,reporter
SCC_2000-2026,SCC_2016scc37,XC-G187673,ours_only_origin_undetermined|pubca:supported,0,reporter
SCC_2000-2026,SCC_2016scc37,XC-G187780,ours_only_origin_ca|pubca:supported,0,reporter
SCC_2000-2026,SCC_2016scc37,XC-G187781,ours_only_origin_ca|pubca:supported,0,reporter
SCC_2000-2026,SCC_2016scc37,XC-G187842,ours_only_origin_ca|pubca:supported,0,reporter
SCC_2000-2026,SCC_2016scc37,XC-G187848,ours_only_origin_ca|pubca:supported,0,reporter
SCC_2000-2026,SCC_2016scc37,XC-G192648,ours_only_origin_ca|pubca:supported,0,reporter
SCC_2000-2026,SCC_2016scc37,XC-G203560,ours_only_origin_ca|pubca:supported,0,reporter
SCC_2000-2026,SCC_2016scc37,XC-G204726,ours_only_origin_ca|pubca:supported,0,reporter
SCC_2000-2026,SCC_2016scc37,XC-G207209,ours_only_origin_undetermined|pubnone:supported,0,reporter
SCC_2000-2026,SCC_2016scc37,XC-G214228,ours_only_origin_ca|pubca:supported,0,reporter
SCC_2000-2026,SCC_2016scc37,XC-G214229,ours_only_origin_ca|pubca:supported,0,reporter
SCC_2000-2026,SCC_2016scc37,XC-G214244,ours_only_origin_ca|pubca:supported,0,reporter
SCC_2000-2026,SCC_2016scc37,XC-G214623,ours_only_origin_ca|pubca:supported,0,reporter
SCC_2000-2026,SCC_2016scc37,XC-G218234,ours_only_origin_undetermined|pubca:supported,0,reporter
SCC_2000-2026,SCC_2016scc37,XC-G220211,ours_only_origin_undetermined|pubca:supported,0,reporter
SCC_2000-2026,SCC_2016scc37,XC-G224847,ours_only_origin_ca|pubca:supported,0,reporter
SCC_2000-2026,SCC_2016scc37,XC-G224850,ours_only_origin_ca|pubca:supported,0,reporter
SCC_2000-2026,SCC_2016scc37,XC-G224860,ours_only_origin_ca|pubca:supported,0,reporter
SCC_2000-2026,SCC_2016scc37,XC-G224865,ours_only_origin_ca|pubca:supported,0,reporter
SCC_2000-2026,SCC_2016scc37,XC-G225114,ours_only_origin_ca|pubca:supported,0,reporter
SCC_2000-2026,SCC_2016scc37,XC-G230688,ours_only_origin_undetermined|pubca:supported,0,reporter
SCC_2000-2026,SCC_2004scc37,1993canlii3533,both_loose,1,Bettan c. 146207 Canada inc. <-> bettan v 146207 canada inc
SCC_2000-2026,SCC_2004scc37,1958canlii31,both_strong,1,Côté and La Caisse Populaire de Montmorency Village v. Sternlieb and Clarfeld <-> c t v sternlieb
SCC_2000-2026,SCC_2004scc37,1988canlii788,both_loose,1,Gelber c. 128613 Canada Inc. <-> and gelber v 128613 canada inc
SCC_2000-2026,SCC_2004scc37,1987canlii377,both_loose,1,Gersten c. Luxenberg <-> gersten v luxenberg
SCC_2000-2026,SCC_2004scc37,XC-G153808,ours_only_origin_undetermined|pubca:supported,0,reporter
SCC_2000-2026,SCC_2004scc37,XC-G154320,ours_only_origin_undetermined|pubca:supported,0,reporter
SCC_2000-2026,SCC_2004scc37,XC-G160602,ours_only_origin_undetermined|pubca:supported,0,reporter
SCC_2000-2026,SCC_2004scc37,XC-G161751,ours_only_origin_undetermined|pubnone:supported,0,reporter
SCC_2000-2026,SCC_2004scc37,XC-G165140,ours_only_origin_undetermined|pubca:supported,0,reporter
SCC_2000-2026,SCC_2004scc37,XC-G165148,ours_only_origin_undetermined|pubca:supported,0,reporter
SCC_2000-2026,SCC_2004scc37,XC-G165727,ours_only_origin_undetermined|pubca:supported,0,reporter
SCC_2000-2026,SCC_2004scc37,XC-G165733,ours_only_origin_undetermined|pubca:supported,0,reporter
SCC_2000-2026,SCC_2004scc37,XC-G166323,ours_only_origin_undetermined|pubca:supported,0,reporter
SCC_2000-2026,SCC_2004scc37,XC-G167534,ours_only_origin_undetermined|pubca:supported,0,reporter
SCC_2000-2026,SCC_2004scc37,XC-G167601,ours_only_origin_undetermined|pubca:supported,0,reporter
SCC_2000-2026,SCC_2004scc37,XC-G169572,ours_only_origin_undetermined|pubca:supported,0,reporter
SCC_2000-2026,SCC_2004scc37,XC-G170462,ours_only_origin_ca|pubca:supported,0,reporter
SCC_2000-2026,SCC_2004scc37,XC-G183949,ours_only_origin_undetermined|pubnone:supported,0,reporter
SCC_2000-2026,SCC_2004scc37,XC-G191482,ours_only_origin_undetermined|pubnone:supported,0,reporter
SCC_2000-2026,SCC_2004scc37,XC-G191517,ours_only_origin_undetermined|pubnone:supported,0,reporter
SCC_2000-2026,SCC_2004scc37,XC-G192288,ours_only_origin_undetermined|pubnone:supported,0,reporter
SCC_2000-2026,SCC_2004scc37,XC-G193057,ours_only_origin_undetermined|pubnone:supported,0,reporter
SCC_2000-2026,SCC_2004scc37,XC-G196804,ours_only_origin_undetermined|pubnone:supported,0,reporter
SCC_2000-2026,SCC_2004scc37,XC-G223706,ours_only_origin_undetermined|pubnone:supported,0,reporter
SCC_2000-2026,SCC_2004scc37,XC-G223950,ours_only_origin_undetermined|pubnone:supported,0,reporter
SCC_2000-2026,SCC_2001scc62,1999canlii639,both_strong,1,65302 British Columbia Ltd. v. Canada <-> 65302 british columbia ltd v canada
SCC_2000-2026,SCC_2001scc62,1996canlii244,both_strong,1,Alberta (Treasury Branches) v. M.N.R.; Toronto-Dominion Bank v. M.N.R. <-> alberta treasury branches v m n r
SCC_2000-2026,SCC_2001scc62,2001scc10,both_strong,1,Backman v. Canada <-> backman v canada
SCC_2000-2026,SCC_2001scc62,1987canlii76,both_strong,1,Bronfman Trust v. The Queen <-> bronfman trust v the queen
SCC_2000-2026,SCC_2001scc62,1994canlii88,both_strong,1,Canada v. Antosko <-> canada v antosko
SCC_2000-2026,SCC_2001scc62,1998canlii846,both_strong,1,Canderel Ltd. v. Canada <-> canderel ltd v canada
SCC_2000-2026,SCC_2001scc62,1998canlii794,both_strong,1,Continental Bank Leasing Corp. v. Canada <-> continental bank leasing corp v canada
SCC_2000-2026,SCC_2001scc62,1998canlii827,both_strong,1,Duha Printers (Western) Ltd. v. Canada <-> duha printers western ltd v canada
SCC_2000-2026,SCC_2001scc62,1995canlii62,both_strong,1,Friesen v. Canada <-> friesen v canada
SCC_2000-2026,SCC_2001scc62,1997canlii357,both_strong,1,Hickman Motors Ltd. v. Canada <-> hickman motors ltd v canada
SCC_2000-2026,SCC_2001scc62,1991canlii13926,both_loose,1,"Irving Oil Ltd., Canada v. <-> canada v irving oil ltd"
SCC_2000-2026,SCC_2001scc62,1997canlii5820,Q_first_word_only,0,
SCC_2000-2026,SCC_2001scc62,1993canlii17130,Q_first_word_only,0,
SCC_2000-2026,SCC_2001scc62,1997canlii6356,Q_first_word_only,0,
SCC_2000-2026,SCC_2001scc62,1977canlii5,both_strong,1,Moldowan v. The Queen <-> moldowan v the queen
SCC_2000-2026,SCC_2001scc62,1998canlii826,both_strong,1,Neuman v. M.N.R. <-> neuman v m n r
SCC_2000-2026,SCC_2001scc62,1994canlii58,both_strong,1,Québec (Communauté urbaine) v. Corp. Notre-Dame de Bon-Secours <-> qu bec communaut urbaine v corp notre dame de bon secours
SCC_2000-2026,SCC_2001scc62,1998canlii837,both_strong,1,Rizzo & Rizzo Shoes Ltd. (Re) <-> rizzo and rizzo shoes ltd re
SCC_2000-2026,SCC_2001scc62,1997canlii377,both_strong,1,Royal Bank of Canada v. Sparrow Electric Corp. <-> royal bank of canada v sparrow electric corp
SCC_2000-2026,SCC_2001scc62,1996canlii217,both_strong,1,Schwartz v. Canada <-> schwartz v canada
SCC_2000-2026,SCC_2001scc62,1999canlii647,both_strong,1,Shell Canada Ltd. v. Canada <-> shell canada ltd v canada
SCC_2000-2026,SCC_2001scc62,2001scc61,both_strong,1,Singleton v. Canada <-> singleton v canada
SCC_2000-2026,SCC_2001scc62,2001scc11,both_strong,1,Spire Freezers Ltd. v. Canada <-> spire freezers ltd v canada
SCC_2000-2026,SCC_2001scc62,1984canlii20,both_strong,1,Stubart Investments Ltd. v. The Queen <-> stubart investments ltd v the queen
SCC_2000-2026,SCC_2001scc62,1993canlii55,both_strong,1,Symes v. Canada <-> symes v canada
SCC_2000-2026,SCC_2001scc62,1996canlii218,both_strong,1,Tennant v. M.N.R. <-> tennant v m n r
SCC_2000-2026,SCC_2001scc62,2000scc36,both_strong,1,Will-Kare Paving & Contracting Ltd. v. Canada <-> will kare paving and contracting ltd v canada
SCC_2000-2026,SCC_2001scc62,XC-G163675,ours_only_origin_undetermined|pubca:supported,0,reporter
SCC_2000-2026,SCC_2001scc62,XC-G164033,ours_only_origin_undetermined|pubnone:supported,0,reporter
SCC_2000-2026,SCC_2001scc62,XC-G165831,ours_only_origin_undetermined|pubca:supported,0,reporter
SCC_2000-2026,SCC_2001scc62,XC-G166213,ours_only_origin_undetermined|pubca:supported,0,reporter
SCC_2000-2026,SCC_2001scc62,XC-G167204,ours_only_origin_undetermined|pubca:supported,0,reporter
SCC_2000-2026,SCC_2001scc62,XC-G167445,ours_only_origin_undetermined|pubca:supported,0,reporter
SCC_2000-2026,SCC_2001scc62,XC-G186536,ours_only_origin_undetermined|pubnone:supported,0,reporter
SCC_2000-2026,SCC_2001scc62,XC-G189709,ours_only_origin_undetermined|pubnone:supported,0,reporter
SCC_2000-2026,SCC_2001scc62,XC-G193058,ours_only_origin_undetermined|pubnone:supported,0,reporter
SCC_2000-2026,SCC_2001scc62,XC-G193896,ours_only_origin_undetermined|pubnone:supported,0,reporter
SCC_2000-2026,SCC_2001scc62,XC-G194783,ours_only_origin_undetermined|pubnone:supported,0,reporter
SCC_2000-2026,SCC_2001scc62,XC-G201830,ours_only_origin_undetermined|pubnone:supported,0,reporter
SCC_2000-2026,SCC_2001scc62,XC-G202635,ours_only_origin_undetermined|pubca:supported,0,reporter
SCC_2000-2026,SCC_2001scc62,XC-G227163,ours_only_origin_undetermined|pubca:supported,0,reporter
SCC_2000-2026,SCC_2001scc62,XC-G231094,ours_only_origin_undetermined|pubforeign:supported,0,reporter
SCC_2000-2026,SCC_2001scc62,XC-G234949,ours_only_origin_undetermined|pubca:supported,0,reporter
SCC_2000-2026,SCC_2001scc62,XC-G234952,ours_only_origin_undetermined|pubca:supported,0,reporter
SCC_2000-2026,SCC_2001scc62,XC-G235390,ours_only_origin_undetermined|pubca:supported,0,reporter
SCC_2000-2026,SCC_2001scc62,XC-G235492,ours_only_origin_undetermined|pubca:supported,0,reporter
SCC_2000-2026,SCC_2001scc62,XC-G235605,ours_only_origin_undetermined|pubca:supported,0,reporter
SCC_2000-2026,SCC_2011scc56,2011bcca237,both_strong,1,Ahousaht Indian Band and Nation v. Canada (Attorney General) <-> ahousaht indian band v canada attorney general
SCC_2000-2026,SCC_2011scc56,2008bcsc447,both_strong,1,Lax Kw'alaams Indian Band v. Canada (Attorney General) <-> 
SCC_2000-2026,SCC_2011scc56,2009bcca593,both_strong,1,Lax Kw’alaams Indian Band v. Canada (Attorney General) <-> 
SCC_2000-2026,SCC_2011scc56,1996canlii160,both_strong,1,R. v. Gladstone <-> r v gladstone
SCC_2000-2026,SCC_2011scc56,1999canlii665,both_strong,1,R. v. Marshall <-> r v marshall
SCC_2000-2026,SCC_2011scc56,1999canlii666,both_strong,1,R. v. Marshall <-> r v marshall
SCC_2000-2026,SCC_2011scc56,2005scc43,both_strong,1,R. v. Marshall; R. v. Bernard <-> r v marshall
SCC_2000-2026,SCC_2011scc56,1996canlii159,both_strong,2,R. v. N.T.C. Smokehouse Ltd. <-> r v n t c smokehouse ltd / r v van der peet
SCC_2000-2026,SCC_2011scc56,1996canlii161,both_strong,1,R. v.  Pamajewon <-> r v pamajewon
SCC_2000-2026,SCC_2011scc56,2006scc54,both_strong,1,R. v. Sappier; R. v. Gray <-> r v sappier
SCC_2000-2026,SCC_2011scc56,1990canlii104,both_strong,1,R. v. Sparrow <-> r v sparrow
SCC_2000-2026,SCC_2011scc56,1996canlii216,both_strong,1,R. v. Van der Peet <-> r v van der peet
SCC_2000-2026,SCC_2011scc56,2006bcsc1463,both_strong,1,The Lax Kw'alaams Indian Band v. The Attorney General of Canada <-> 
SCC_2000-2026,SCC_2011scc56,XC-G168481,ours_only_origin_undetermined|pubnone:supported,0,reporter
SCC_2000-2026,SCC_2011scc56,XC-G173466,ours_only_origin_undetermined|pubca:supported,0,reporter
SCC_2000-2026,SCC_2011scc56,XC-G173669,ours_only_origin_undetermined|pubca:supported,0,reporter
SCC_2000-2026,SCC_2011scc56,XC-G173754,ours_only_origin_undetermined|pubca:supported,0,identifier
SCC_2000-2026,SCC_2011scc56,XC-G174467,ours_only_origin_undetermined|pubca:supported,0,reporter
SCC_2000-2026,SCC_2011scc56,XC-G174552,ours_only_origin_undetermined|pubca:supported,0,identifier
SCC_2000-2026,SCC_2011scc56,XC-G175008,ours_only_origin_undetermined|pubca:supported,0,reporter
SCC_2000-2026,SCC_2011scc56,XC-G195738,ours_only_origin_undetermined|pubca:supported,0,reporter
SCC_2000-2026,SCC_2011scc56,XC-G205388,ours_only_origin_undetermined|pubca:supported,0,reporter
SCC_2000-2026,SCC_2011scc56,XC-G210399,ours_only_origin_ca|pubca:supported,0,reporter
SCC_2000-2026,SCC_2011scc56,XC-G220110,ours_only_origin_undetermined|pubca:supported,0,reporter
SCC_2000-2026,SCC_2015scc16,2011scc61,both_strong,1,Alberta (Information and Privacy Commissioner) v. Alberta Teachers' Association <-> alberta information and privacy commissioner v alberta teachers association
SCC_2000-2026,SCC_2015scc16,2009scc37,both_strong,1,Alberta v. Hutterian Brethren of Wilson Colony <-> alberta v hutterian brethren of wilson colony
SCC_2000-2026,SCC_2015scc16,2004canlii13978,both_loose,1,Allen v.  Renfrew (Corp. of the County) <-> allen v renfrew county
SCC_2000-2026,SCC_2015scc16,2008scc32,both_strong,1,Association des courtiers et agents immobiliers du Québec v. Proprio Direct inc. <-> association des courtiers et agents immobiliers du qu bec v proprio direct inc
SCC_2000-2026,SCC_2015scc16,2013qcca1690,both_strong,1,Association des juges administratifs de la Commission des lésions professionnelles c. Québec (Procureur général) <-> association des juges administratifs de la commission des l sions professionnelles v qu bec procureur g n ral
SCC_2000-2026,SCC_2015scc16,2011qcca2041,both_strong,1,Association des pompiers de Laval c. Commission des droits de la personne et des droits de la jeunesse <-> association des pompiers de laval v commission des droits de la personne et des droits de la jeunesse
SCC_2000-2026,SCC_2015scc16,1996canlii208,both_strong,1,Béliveau St-Jacques v. Fédération des employées et employés de services publics inc. <-> b liveau st jacques v f d ration des employ es et employ s de services publics inc
SCC_2000-2026,SCC_2015scc16,2014qcca2199,both_strong,1,Bertrand c. Commission des droits de la personne et des droits de la jeunesse <-> bertrand v commission des droits de la personne et des droits de la jeunesse
SCC_2000-2026,SCC_2015scc16,2013qcca1650,both_strong,1,Bombardier inc. (Bombardier Aerospace Training Center) c. Commission des droits de la personne et des droits de la jeunesse <-> 
SCC_2000-2026,SCC_2015scc16,2007scc54,both_strong,1,Bruker v. Marcovitz <-> bruker v marcovitz
SCC_2000-2026,SCC_2015scc16,2011scc53,both_strong,1,Canada (Canadian Human Rights Commission) v. Canada (Attorney General) <-> canada canadian human rights commission v canada attorney general
SCC_2000-2026,SCC_2015scc16,2009scc12,both_strong,1,Canada (Citizenship and Immigration) v. Khosa <-> canada citizenship and immigration v khosa
SCC_2000-2026,SCC_2015scc16,2001scc36,both_strong,1,Canada (Deputy Minister of National Revenue) v. Mattel Canada Inc. <-> canada deputy minister of national revenue v mattel canada inc
SCC_2000-2026,SCC_2015scc16,2014scc42,both_strong,1,Canadian Artists’ Representation v. National Gallery of Canada <-> canadian artists representation v national gallery of canada
SCC_2000-2026,SCC_2015scc16,2014scc40,both_strong,1,Canadian National Railway Co. v. Canada (Attorney General) <-> canadian national railway co v canada attorney general
SCC_2000-2026,SCC_2015scc16,2005qcca775,both_strong,1,Commission de la santé et de la sécurité du travail c. Fontaine <-> commission de la sant et de la s curit du travail v fontaine
SCC_2000-2026,SCC_2015scc16,2006canlii33156,both_loose,3,Commission des droits de la personne et des droits de la jeunesse  (Payette) v. Laval (Ville de) <-> commission des droits de la personne et des droits de la jeunesse v laval ville de / commission scolaire des phares v commission des droits de la personne et des droits de la jeunesse / multani v comm
SCC_2000-2026,SCC_2015scc16,2015qcca577,both_strong,1,Commission des droits de la personne et des droits de la jeunesse c. 9185-2152 Québec inc. (Radio Lounge Brossard) <-> commission des droits de la personne et des droits de la jeunesse v 9185 2152 qu bec inc radio lounge brossard
SCC_2000-2026,SCC_2015scc16,2006qcca82,both_strong,1,Commission scolaire des Phares c. Commission des droits de la personne et des droits de la jeunesse <-> commission scolaire des phares v commission des droits de la personne et des droits de la jeunesse
SCC_2000-2026,SCC_2015scc16,2012qcca988,both_strong,1,Commission scolaire des Phares c. Commission des droits de la personne et des droits de la jeunesse <-> commission scolaire des phares v commission des droits de la personne et des droits de la jeunesse
SCC_2000-2026,SCC_2015scc16,2012qcca908,both_strong,1,Commission scolaire Marguerite-Bourgeoys c. Gallardo <-> commission scolaire marguerite bourgeoys v gallardo
SCC_2000-2026,SCC_2015scc16,1994canlii102,both_strong,1,Commission scolaire régionale de Chambly v. Bergevin <-> commission scolaire r gionale de chambly v bergevin
SCC_2000-2026,SCC_2015scc16,1998canlii12609,both_strong,1,Compagnie minière Québec cartier c. Québec (Commission des droits de la personne) <-> compagnie mini re qu bec cartier v qu bec commission des droits de la personne
SCC_2000-2026,SCC_2015scc16,2014qcca1654,both_strong,1,Conférence des juges de paix magistrats du Québec c. Québec (Procureur général) <-> conf rence des juges de paix magistrats du qu bec v qu bec procureur g n ral
SCC_2000-2026,SCC_2015scc16,2004scc48,both_strong,1,Congrégation des témoins de Jéhovah de St-Jérôme-Lafontaine v. Lafontaine (Village) <-> congr gation des t moins de j hovah de st j r me lafontaine v lafontaine village
SCC_2000-2026,SCC_2015scc16,2007scc15,both_strong,1,Council of Canadians with Disabilities v. VIA Rail Canada Inc. <-> council of canadians with disabilities v via rail canada inc
SCC_2000-2026,SCC_2015scc16,1993canlii4285,both_loose,1,Coutu c. Québec (Tribunal des droits de la personne) <-> coutu v tribunal des droits de la personne
SCC_2000-2026,SCC_2015scc16,2010scc51,both_strong,1,de Montigny v. Brossard (Succession) <-> de montigny v brossard succession
SCC_2000-2026,SCC_2015scc16,1988canlii20,both_strong,1,Devine v. Quebec (Attorney General) <-> devine v quebec attorney general
SCC_2000-2026,SCC_2015scc16,2003scc62,both_strong,1,Doucet-Boudreau v. Nova Scotia (Minister of Education) <-> doucet boudreau v nova scotia minister of education
SCC_2000-2026,SCC_2015scc16,2003scc19,both_strong,1,Dr. Q. v. College of Physicians and Surgeons of British Columbia <-> dr q v college of physicians and surgeons of british columbia
SCC_2000-2026,SCC_2015scc16,2008scc9,both_strong,1,Dunsmuir v. New Brunswick <-> dunsmuir v new brunswick
SCC_2000-2026,SCC_2015scc16,2004scc61,both_strong,1,Entreprises Sibeca Inc. v. Frelighsburg (Municipality) <-> entreprises sibeca inc v frelighsburg municipality
SCC_2000-2026,SCC_2015scc16,2003scc37,both_strong,1,Figueroa v. Canada (Attorney General) <-> figueroa v canada attorney general
SCC_2000-2026,SCC_2015scc16,1988canlii19,both_strong,1,Ford v. Quebec (Attorney General) <-> ford v quebec attorney general
SCC_2000-2026,SCC_2015scc16,1988canlii51,both_strong,1,Forget v. Quebec (Attorney General) <-> forget v quebec attorney general
SCC_2000-2026,SCC_2015scc16,2014qcca1508,both_strong,1,For-Net Montréal inc. c. Chergui <-> for net montr al inc v chergui
SCC_2000-2026,SCC_2015scc16,1999canlii3786,both_loose,1,Freitag v. Penetanguishene (Town) <-> a subsequent case freitag v penetanguishene town
SCC_2000-2026,SCC_2015scc16,2011qcca1201,both_strong,1,Gaz métropolitain inc. c. Commission des droits de la personne et des droits de la jeunesse <-> gaz m tropolitain inc v commission des droits de la personne et des droits de la jeunesse
SCC_2000-2026,SCC_2015scc16,2009qcca2201,both_strong,1,"Genex Communications inc. c. Association québécoise de l'industrie du disque, du spectacle et de la vidéo <-> genex communications inc v association qu b coise de l industrie du disque du spectacle et de la vid o"
SCC_2000-2026,SCC_2015scc16,2010scc41,both_strong,1,Globe and Mail v. Canada (Attorney General) <-> globe and mail v canada attorney general
SCC_2000-2026,SCC_2015scc16,2009scc31,both_strong,1,Greater Vancouver Transportation Authority v. Canadian Federation of Students — British Columbia Component <-> greater vancouver transportation authority v canadian federation of students british columbia component
SCC_2000-2026,SCC_2015scc16,2002scc33,both_strong,1,Housen v. Nikolaisen <-> housen v nikolaisen
SCC_2000-2026,SCC_2015scc16,1984canlii33,both_strong,1,Hunter et al. v. Southam Inc. <-> hunter v southam inc
SCC_2000-2026,SCC_2015scc16,2013qcca1139,both_strong,1,Imperial Tobacco Canada Ltd. c. Létourneau <-> imperial tobacco canada ltd v l tourneau
SCC_2000-2026,SCC_2015scc16,1989canlii87,both_strong,1,Irwin Toy Ltd. v. Quebec (Attorney General) <-> irwin toy ltd v quebec attorney general
SCC_2000-2026,SCC_2015scc16,2003scc20,both_strong,1,Law Society of New Brunswick v. Ryan <-> law society of new brunswick v ryan
SCC_2000-2026,SCC_2015scc16,2015scc12,both_strong,1,Loyola High School v. Quebec (Attorney General) <-> loyola high school v quebec attorney general
SCC_2000-2026,SCC_2015scc16,2013scc67,both_strong,1,McLean v. British Columbia (Securities Commission) <-> mclean v british columbia securities commission
SCC_2000-2026,SCC_2015scc16,1997canlii9973,both_loose,1,Ménard c. Rivet <-> m nard v rivet
SCC_2000-2026,SCC_2015scc16,2014scc24,both_strong,1,Mission Institution v. Khela <-> mission institution v khela
SCC_2000-2026,SCC_2015scc16,2012scc61,both_strong,1,Moore v. British Columbia (Education) <-> moore v british columbia education
SCC_2000-2026,SCC_2015scc16,2006scc6,both_strong,1,Multani v. Commission scolaire Marguerite-Bourgeoys <-> multani v commission scolaire marguerite bourgeoys
SCC_2000-2026,SCC_2015scc16,2011scc62,both_strong,1,Newfoundland and Labrador Nurses' Union v. Newfoundland and Labrador (Treasury Board) <-> newfoundland and labrador nurses union v newfoundland and labrador treasury board
SCC_2000-2026,SCC_2015scc16,2003scc54,both_strong,1,Nova Scotia (Workers' Compensation Board) v. Martin; Nova Scotia (Workers' Compensation Board) v. Laseur <-> nova scotia workers compensation board v martin
SCC_2000-2026,SCC_2015scc16,2005scc16,both_strong,1,Okwuobi v. Lester B. Pearson School Board; Casimir v. Quebec (Attorney General); Zorrilla v. Quebec (Attorney General) <-> okwuobi v lester b pearson school board
SCC_2000-2026,SCC_2015scc16,2001canlii8549,both_weak,1,Ontario (Speaker of the Legislative Assembly) v. Ontario (Human Rights Commission) <-> ontario speaker of the legislative assembly v ontario human rights commission
SCC_2000-2026,SCC_2015scc16,2000canlii11031,both_strong,1,Québec (Commission des droits de la personne et des droits de la jeunesse) c. Dhawan <-> qu bec commission des droits de la personne et des droits de la jeunesse v dhawan
SCC_2000-2026,SCC_2015scc16,2004scc30,both_strong,1,Quebec (Commission des droits de la personne et des droits de la jeunesse) v. Communauté urbaine de Montréal <-> quebec commission des droits de la personne et des droits de la jeunesse v communaut urbaine de montr al
SCC_2000-2026,SCC_2015scc16,2000scc27,both_strong,1,Quebec (Commission des droits de la personne et des droits de la jeunesse) v. Montréal (City); Quebec (Commission des droits de la personne et des droits de la jeunesse) v. Boisbriand (City) <-> quebec commission des droits de la personne et des droits de la jeunesse v montr al city
SCC_2000-2026,SCC_2015scc16,2002canlii31280,both_loose,1,Québec (Procureure générale) c Tribunal des droits de la personne <-> qu bec procureure g n rale v tribunal des droits de la personne
SCC_2000-2026,SCC_2015scc16,1996canlii172,both_strong,1,Quebec (Public Curator) v.  Syndicat national des employés de l'hôpital St-Ferdinand <-> quebec public curator v syndicat national des employ s de l h pital st ferdinand
SCC_2000-2026,SCC_2015scc16,1985canlii69,both_strong,1,R. v. Big M Drug Mart Ltd. <-> r v big m drug mart ltd
SCC_2000-2026,SCC_2015scc16,1986canlii12,both_strong,1,R. v. Edwards Books and Art Ltd. <-> r v edwards books and art ltd
SCC_2000-2026,SCC_2015scc16,1990canlii24,both_strong,1,R. v. Keegstra <-> r v keegstra
SCC_2000-2026,SCC_2015scc16,1987canlii25,both_strong,1,R. v. Lyons <-> r v lyons
SCC_2000-2026,SCC_2015scc16,2012scc72,both_strong,1,R. v. N.S. <-> r v n s
SCC_2000-2026,SCC_2015scc16,1986canlii46,both_strong,1,R. v. Oakes <-> r v oakes
SCC_2000-2026,SCC_2015scc16,1997canlii324,both_strong,1,R. v. S. (R.D.) <-> r v s r d
SCC_2000-2026,SCC_2015scc16,1991canlii61,both_strong,1,Reference re Prov. Electoral Boundaries (Sask.) <-> reference re prov electoral boundaries sask
SCC_2000-2026,SCC_2015scc16,1997canlii317,both_strong,1,Ref re Remuneration of Judges of the Prov. Court of P.E.I.; Ref re Independence and Impartiality of Judges of the Prov. Court of P.E.I. <-> reference re remuneration of judges of the provincial court of prince edward island
SCC_2000-2026,SCC_2015scc16,2012scc8,both_strong,1,Richard v. Time Inc. <-> richard v time inc
SCC_2000-2026,SCC_2015scc16,2012scc35,both_strong,1,"Rogers Communications Inc. v. Society of Composers, Authors and Music Publishers of Canada <-> rogers communications inc v society of composers authors and music publishers of canada"
SCC_2000-2026,SCC_2015scc16,2012scc7,both_strong,1,S.L. v. Commission scolaire des Chênes <-> s l v commission scolaire des ch nes
SCC_2000-2026,SCC_2015scc16,2013qcca936,both_strong,1,Saguenay (Ville de) c. Mouvement laïque québécois <-> 
SCC_2000-2026,SCC_2015scc16,2013scc11,both_strong,1,Saskatchewan (Human Rights Commission) v. Whatcott <-> saskatchewan human rights commission v whatcott
SCC_2000-2026,SCC_2015scc16,2011qctdp1,both_strong,1,Simoneau c. Tremblay <-> 
SCC_2000-2026,SCC_2015scc16,2011scc7,both_strong,1,Smith v. Alliance Pipeline Ltd. <-> smith v alliance pipeline ltd
SCC_2000-2026,SCC_2015scc16,2004scc47,both_strong,1,Syndicat Northcrest v. Amselem <-> syndicat northcrest v amselem
SCC_2000-2026,SCC_2015scc16,2015scc3,both_strong,1,Tervita Corp. v. Canada (Commissioner of Competition) <-> tervita corp v canada commissioner of competition
SCC_2000-2026,SCC_2015scc16,2002canlii41120,both_loose,1,Viel c. Entreprises immobilières du terroir Ltée. <-> viel v entreprises immobili res du terroir lt e
SCC_2000-2026,SCC_2015scc16,1988canlii189,both_loose,1,Zylberberg v. Sudbury Board of Education <-> zylberberg v sudbury board of education director
SCC_2000-2026,SCC_2015scc16,XC-G166633,ours_only_origin_undetermined|pubnone:supported,0,reporter
SCC_2000-2026,SCC_2015scc16,XC-G169844,ours_only_origin_undetermined|pubnone:supported,0,reporter
SCC_2000-2026,SCC_2015scc16,XC-G174263,ours_only_origin_undetermined|pubnone:supported,0,reporter
SCC_2000-2026,SCC_2015scc16,XC-G174955,ours_only_origin_ca|pubca:supported,0,reporter
SCC_2000-2026,SCC_2015scc16,XC-G176143,ours_only_origin_undetermined|pubca:supported,0,identifier
SCC_2000-2026,SCC_2015scc16,XC-G176449,ours_only_origin_undetermined|pubnone:supported,0,reporter
SCC_2000-2026,SCC_2015scc16,XC-G176459,ours_only_origin_undetermined|pubnone:supported,0,reporter
SCC_2000-2026,SCC_2015scc16,XC-G176468,ours_only_origin_ca|pubca:supported,0,reporter
SCC_2000-2026,SCC_2015scc16,XC-G176545,ours_only_origin_ca|pubca:supported,0,reporter
SCC_2000-2026,SCC_2015scc16,XC-G176583,ours_only_origin_undetermined|pubnone:supported,0,reporter
SCC_2000-2026,SCC_2015scc16,XC-G177583,ours_only_origin_undetermined|pubca:supported,0,identifier
SCC_2000-2026,SCC_2015scc16,XC-G177904,ours_only_origin_undetermined|pubca:supported,0,reporter
SCC_2000-2026,SCC_2015scc16,XC-G177913,ours_only_origin_ca|pubca:supported,0,reporter
SCC_2000-2026,SCC_2015scc16,XC-G177914,ours_only_origin_ca|pubca:supported,0,reporter
SCC_2000-2026,SCC_2015scc16,XC-G177916,ours_only_origin_ca|pubca:supported,0,reporter
SCC_2000-2026,SCC_2015scc16,XC-G177968,ours_only_origin_ca|pubca:supported,0,reporter
SCC_2000-2026,SCC_2015scc16,XC-G213217,ours_only_origin_ca|pubca:supported,0,reporter
SCC_2000-2026,SCC_2015scc16,XC-G230602,ours_only_origin_undetermined|pubca:supported,0,reporter
SCC_2000-2026,SCC_2005scc6,1996canlii153,both_strong,1,2747-3174 Québec Inc. v. Quebec (Régie des permis d'alcool) <-> 2747 3174 qu bec inc v quebec r gie des permis d alcool
SCC_2000-2026,SCC_2005scc6,2000canlii22715,both_weak,1,528852 Ontario Inc. v. Royal Insurance Co. <-> 528852 ontario inc v royal insurance co
SCC_2000-2026,SCC_2005scc6,2002scc42,both_strong,1,Bell ExpressVu Limited Partnership v. Rex <-> bell expressvu limited partnership v rex
SCC_2000-2026,SCC_2005scc6,1988canlii7,both_strong,1,Brossard (Town) v. Quebec (Commission des droits de la personne) <-> brossard town v quebec commission des droits de la personne
SCC_2000-2026,SCC_2005scc6,1993canlii31,both_strong,1,Canadian Pacific Air Lines Ltd. v. Canadian Air Line Pilots Association <-> canadian pacific air lines ltd v canadian air line pilots assn
SCC_2000-2026,SCC_2005scc6,2002scc3,both_strong,1,Chieu v. Canada (Minister of Citizenship and Immigration) <-> chieu v canada minister of citizenship and immigration
SCC_2000-2026,SCC_2005scc6,1888canlii1,both_weak,1,City of London Fire Insurance Co. v. Smith <-> city of london fire insurance co v smith
SCC_2000-2026,SCC_2005scc6,1987canlii109,both_strong,1,CN v. Canada (Canadian Human Rights Commission) <-> canadian national railway co v canada canadian human rights commission
SCC_2000-2026,SCC_2005scc6,1920canlii464,both_loose,1,Curtis's and Harvey Limited v. North British and Mercantile Insurance Company <-> curtis s and harvey ltd v north british and mercantile insurance co
SCC_2000-2026,SCC_2005scc6,1985canlii10,both_strong,1,Dubois v. The Queen <-> dubois v the queen
SCC_2000-2026,SCC_2005scc6,1989canlii38,both_strong,1,Falk Bros. Industries Ltd. v. Elance Steel Fabricating Co. <-> falk bros industries ltd v elance steel fabricating co
SCC_2000-2026,SCC_2005scc6,1977canlii9,both_strong,1,Gravel v. City of St-Léonard <-> gravel v city of st l onard
SCC_2000-2026,SCC_2005scc6,2003nsca32,both_strong,1,Halifax Insurance Co. v. Marche <-> 
SCC_2000-2026,SCC_2005scc6,1967canlii17,both_strong,1,Henwood v. Prudential Insurance Co. of America <-> henwood v prudential insurance co of america
SCC_2000-2026,SCC_2005scc6,1978canlii349,both_loose,1,Hirst v. Commercial Union Assurance Company of Canada <-> hirst v commercial union assurance co of canada
SCC_2000-2026,SCC_2005scc6,1989canlii97,both_strong,1,Janzen v. Platy Enterprises Ltd. <-> janzen v platy enterprises ltd
SCC_2000-2026,SCC_2005scc6,1981canlii2728,both_weak,1,Kekarainen v. Oreland Movers Ltd. <-> kekarainen v oreland movers ltd
SCC_2000-2026,SCC_2005scc6,1985canlii1227,both_loose,1,Krupich v. Safeco Insurance Company of America <-> krupich v safeco insurance co of america
SCC_2000-2026,SCC_2005scc6,2002nssc62,both_strong,1,Marche v. Halifax Insurance Co. <-> 
SCC_2000-2026,SCC_2005scc6,1964canlii718,both_loose,1,Nahayowski v. Pearl Assurance Company <-> nahayowski v pearl assurance co
SCC_2000-2026,SCC_2005scc6,1995canlii112,both_strong,1,Ontario v. Canadian Pacific Ltd. <-> ontario v canadian pacific ltd
SCC_2000-2026,SCC_2005scc6,1998canlii771,both_strong,1,Ordon Estate v. Grail <-> ordon estate v grail
SCC_2000-2026,SCC_2005scc6,1983canlii5481,both_loose,1,Poast v. Royal Insurance Company of Canada <-> poast v royal insurance co of canada
SCC_2000-2026,SCC_2005scc6,2004scc6,both_strong,1,R. v. Daoust <-> r v daoust
SCC_2000-2026,SCC_2005scc6,1995canlii124,both_strong,1,R. v. McIntosh <-> r v mcintosh
SCC_2000-2026,SCC_2005scc6,1992canlii72,both_strong,1,R. v. Nova Scotia Pharmaceutical Society <-> r v nova scotia pharmaceutical society
SCC_2000-2026,SCC_2005scc6,2001scc2,both_strong,1,R. v. Sharpe <-> r v sharpe
SCC_2000-2026,SCC_2005scc6,2001scc56,both_strong,1,R. v. Ulybel Enterprises Ltd. <-> r v ulybel enterprises ltd
SCC_2000-2026,SCC_2005scc6,1981canlii1642,Q_not_found,0,
SCC_2000-2026,SCC_2005scc6,1998canlii837,both_strong,1,Rizzo & Rizzo Shoes Ltd. (Re) <-> rizzo and rizzo shoes ltd re
SCC_2000-2026,SCC_2005scc6,1985canlii60,both_strong,1,Skoke-Graham v. The Queen <-> skoke graham v the queen
SCC_2000-2026,SCC_2005scc6,1984canlii20,both_strong,1,Stubart Investments Ltd. v. The Queen <-> stubart investments ltd v the queen
SCC_2000-2026,SCC_2005scc6,XC-G007561,ours_only_origin_undetermined|pubca:heuristic_only,0,reporter
SCC_2000-2026,SCC_2005scc6,XC-G139490,ours_only_origin_undetermined|pubca:supported,0,reporter
SCC_2000-2026,SCC_2005scc6,XC-G169494,ours_only_origin_undetermined|pubca:supported,0,reporter
SCC_2000-2026,SCC_2005scc6,XC-G170187,ours_only_origin_undetermined|pubca:supported,0,reporter
SCC_2000-2026,SCC_2005scc6,XC-G184647,ours_only_origin_undetermined|pubnone:supported,0,reporter
SCC_2000-2026,SCC_2005scc6,XC-G185836,ours_only_origin_undetermined|pubnone:supported,0,reporter
SCC_2000-2026,SCC_2005scc6,XC-G185948,ours_only_origin_undetermined|pubnone:supported,0,reporter
SCC_2000-2026,SCC_2005scc6,XC-G191137,ours_only_origin_undetermined|pubnone:supported,0,reporter
SCC_2000-2026,SCC_2005scc6,XC-G199700,ours_only_origin_ca|pubca:supported,0,reporter
SCC_2000-2026,SCC_2005scc6,XC-G200524,ours_only_origin_ca|pubca:supported,0,reporter
SCC_2000-2026,SCC_2005scc6,XC-G203066,ours_only_origin_undetermined|pubnone:supported,0,reporter
SCC_2000-2026,SCC_2005scc6,XC-G214992,ours_only_origin_undetermined|pubnone:supported,0,reporter
SCC_2000-2026,SCC_2005scc6,XC-G220210,ours_only_origin_undetermined|pubca:supported,0,reporter
SCC_2000-2026,SCC_2005scc6,XC-G227241,ours_only_origin_undetermined|pubca:supported,0,reporter
SCC_2000-2026,SCC_2005scc6,XC-G228002,ours_only_origin_undetermined|pubca:supported,0,reporter
SCC_2000-2026,SCC_2005scc6,XC-G230404,ours_only_origin_undetermined|pubnone:supported,0,reporter
SCC_2000-2026,SCC_2005scc6,XC-G232194,ours_only_origin_undetermined|pubnone:supported,0,reporter
SCC_2000-2026,SCC_2002scc70,1997canlii322,both_strong,1,Canada (Minister of Citizenship and Immigration) v. Tobiass <-> canada minister of citizenship and immigration v tobiass
SCC_2000-2026,SCC_2002scc70,1982canlii1787,both_loose,1,"Davey v. Woolley, Hames, Dale & Dingwall; Woolley et al. (Third Parties) <-> davey v woolley hames dale and dingwall"
SCC_2000-2026,SCC_2002scc70,1998canlii14699,both_loose,1,Drabinsky v. KPMG <-> 18 in drabinsky v kpmg
SCC_2000-2026,SCC_2002scc70,1988canlii9365,both_weak,1,Enerchem Ship Management Inc. v. Coastal Canada (The) <-> enerchem ship management inc v coastal canada the
SCC_2000-2026,SCC_2002scc70,1996canlii3547,both_loose,1,Gaylor v. Galiano Trading Co. Ltd. <-> gaylor v galiano trading co
SCC_2000-2026,SCC_2002scc70,1994canlii70,both_strong,1,Hodgkinson v. Simms <-> hodgkinson v simms
SCC_2000-2026,SCC_2002scc70,1992canlii8216,both_weak,1,Jans v. Coulter (G.H.) Co. <-> jans v coulter g h co
SCC_2000-2026,SCC_2002scc70,1990canlii32,both_strong,1,MacDonald Estate v. Martin <-> macdonald estate v martin
SCC_2000-2026,SCC_2002scc70,1992canlii57,both_strong,1,McInerney v. MacDonald <-> mcinerney v macdonald
SCC_2000-2026,SCC_2002scc70,1996canlii8009,both_weak,1,Moffat v. Wetstein <-> moffat v wetstein
SCC_2000-2026,SCC_2002scc70,1995canlii4247,both_loose,1,Montreal Trust Company of Canada v. Basinview Village Ltd. <-> montreal trust co of canada v basinview village ltd
SCC_2000-2026,SCC_2002scc70,1990canlii3201,both_loose,1,R. c. Henry <-> r v henry
SCC_2000-2026,SCC_2002scc70,1996canlii6391,both_weak,1,R. v. Barbeau <-> r v barbeau
SCC_2000-2026,SCC_2002scc70,2001canlii28044,both_weak,1,R. v. Chen <-> r v chen
SCC_2000-2026,SCC_2002scc70,1989canlii66,both_strong,1,R. v. Conway <-> r v conway
SCC_2000-2026,SCC_2002scc70,1997canlii398,both_strong,1,R. v. Finn <-> r v finn
SCC_2000-2026,SCC_2002scc70,1993abca57,both_loose,1,R. v. Graff <-> 39 in r v graff
SCC_2000-2026,SCC_2002scc70,1985canlii47,both_strong,1,R. v. Jewitt <-> r v jewitt
SCC_2000-2026,SCC_2002scc70,1999canlii3685,both_weak,1,R. v. McCallen <-> r v mccallen
SCC_2000-2026,SCC_2002scc70,2001scc14,both_strong,1,R. v. McClure <-> r v mcclure
SCC_2000-2026,SCC_2002scc70,2000abca266,both_strong,1,R. v. Neil <-> 
SCC_2000-2026,SCC_2002scc70,1998abqb859,both_strong,1,R. v. Neil <-> 
SCC_2000-2026,SCC_2002scc70,1995canlii51,both_strong,1,R. v. O'Connor <-> r v o connor
SCC_2000-2026,SCC_2002scc70,1998canlii776,both_strong,1,R. v. Pearson <-> r v pearson
SCC_2000-2026,SCC_2002scc70,1986canlii4687,both_loose,1,R. v. Robillard <-> re regina and robillard
SCC_2000-2026,SCC_2002scc70,1991canlii2703,both_weak,1,R. v. Silvini <-> r v silvini
SCC_2000-2026,SCC_2002scc70,1995canlii3505,Q_not_found,0,
SCC_2000-2026,SCC_2002scc70,1994abca341,both_weak,1,Ramrakha v. Zinner <-> ramrakha v zinner
SCC_2000-2026,SCC_2002scc70,1983canlii1704,both_weak,1,Re Regina and Speid <-> re regina and speid
SCC_2000-2026,SCC_2002scc70,1992canlii7131,both_weak,1,R v Parsons <-> r v parsons
SCC_2000-2026,SCC_2002scc70,1995canlii4702,both_loose,1,Services environnementaux Laidlaw (mercier) ltée c. Québec (Procureur général) <-> services environnementaux laidlaw mercier lt e v qu bec procureur g n ral
SCC_2000-2026,SCC_2002scc70,1999canlii674,both_strong,1,Smith v. Jones <-> smith v jones
SCC_2000-2026,SCC_2002scc70,1997canlii12318,both_weak,1,Stewart v. Canadian Broadcasting Corp. <-> stewart v canadian broadcasting corp
SCC_2000-2026,SCC_2002scc70,1988canlii4778,both_weak,2,Szarfer v. Chodos <-> szarfer v chodos / szarfer v chodos
SCC_2000-2026,SCC_2002scc70,1986canlii2508,both_weak,2,Szarfer v. Chodos <-> szarfer v chodos / szarfer v chodos
SCC_2000-2026,SCC_2002scc70,1993canlii3995,Q_first_word_only,0,
SCC_2000-2026,SCC_2002scc70,2001scc19,both_strong,1,United States of America v. Cobb <-> united states of america v cobb
SCC_2000-2026,SCC_2002scc70,2001scc21,both_strong,1,United States of America v. Shulman <-> united states of america v shulman
SCC_2000-2026,SCC_2002scc70,XC-G002820,ours_only_origin_undetermined|pubforeign:supported,0,reporter
SCC_2000-2026,SCC_2002scc70,XC-G070875,ours_only_origin_undetermined|pubca:heuristic_only,0,reporter
SCC_2000-2026,SCC_2002scc70,XC-G080836,ours_only_origin_undetermined|pubca:heuristic_only,0,reporter
SCC_2000-2026,SCC_2002scc70,XC-G083662,ours_only_origin_undetermined|pubforeign:supported,0,reporter
SCC_2000-2026,SCC_2002scc70,XC-G152343,ours_only_origin_undetermined|pubforeign:supported,0,reporter
SCC_2000-2026,SCC_2002scc70,XC-G156714,ours_only_origin_undetermined|pubforeign:supported,0,reporter
SCC_2000-2026,SCC_2002scc70,XC-G161452,ours_only_origin_undetermined|pubca:supported,0,reporter
SCC_2000-2026,SCC_2002scc70,XC-G164515,ours_only_origin_undetermined|pubca:supported,0,reporter
SCC_2000-2026,SCC_2002scc70,XC-G166747,ours_only_origin_undetermined|pubca:supported,0,reporter
SCC_2000-2026,SCC_2002scc70,XC-G167952,ours_only_origin_undetermined|pubca:supported,0,reporter
SCC_2000-2026,SCC_2002scc70,XC-G168975,ours_only_origin_undetermined|pubforeign:supported,0,reporter
SCC_2000-2026,SCC_2002scc70,XC-G201365,ours_only_origin_undetermined|pubca:supported,0,reporter
SCC_2000-2026,SCC_2002scc70,XC-G201987,ours_only_origin_undetermined|pubca:supported,0,reporter
SCC_2000-2026,SCC_2002scc70,XC-G204155,ours_only_origin_undetermined|pubca:supported,0,reporter
SCC_2000-2026,SCC_2004scc38,2001scc40,both_strong,1,"114957 Canada Ltée (Spraytech, Société d'arrosage) v. Hudson (Town) <-> 114957 canada lt e spraytech soci t d arrosage v hudson town"
SCC_2000-2026,SCC_2004scc38,1990canlii8110,both_loose,1,Aerlinte Eirann Teoranta v. Canada (Minister of Transport) <-> aerlinte eireann teoranta v canada minister of transport
SCC_2000-2026,SCC_2004scc38,1989canlii95,both_strong,1,Air Canada v. British Columbia <-> air canada v british columbia
SCC_2000-2026,SCC_2004scc38,1995canlii979,both_loose,1,Air Canada v. Ontario (Liquor Control Board) <-> air canada v liquor control board of ontario
SCC_2000-2026,SCC_2004scc38,1978canlii1,both_strong,1,Andrews v. Grand & Toy Alberta Ltd. <-> andrews v grand and toy alberta ltd
SCC_2000-2026,SCC_2004scc38,1978canlii186,both_strong,1,"Apeco of Canada, Ltd. v. Windmill Place <-> apeco of canada ltd v windmill place"
SCC_2000-2026,SCC_2004scc38,1978canlii16,both_strong,1,Asamera Oil Corporation Ltd. v. Sea Oil & General Corporation et al. <-> asamera oil corp v sea oil and general corp
SCC_2000-2026,SCC_2004scc38,1984canlii85,both_strong,1,Attorney General (Ontario) v. Fatehi <-> attorney general for ontario v fatehi
SCC_2000-2026,SCC_2004scc38,1974canlii1320,both_loose,1,Attorney-General for Nova Scotia v. Christian et al. <-> attorney general for nova scotia v christian
SCC_2000-2026,SCC_2004scc38,2003bcsc77,both_strong,1,B.C. (Minister of Forests) v. Bugbusters Pest Management Inc. <-> 
SCC_2000-2026,SCC_2004scc38,1997canlii14978,Q_not_found,0,
SCC_2000-2026,SCC_2004scc38,1999canlii692,both_strong,1,Bazley v. Curry <-> bazley v curry
SCC_2000-2026,SCC_2004scc38,1973canlii1263,both_loose,1,Brazier et al. v. Humphreys <-> brazier v humphreys
SCC_2000-2026,SCC_2004scc38,2002bcca217,both_strong,1,British Columbia v. Canadian Forest Products Ltd. <-> 
SCC_2000-2026,SCC_2004scc38,1946canlii14,both_strong,1,Cemco Electrical Manufacturing Co. v. Van Snellenberg <-> cemco electrical manufacturing co v van snellenberg
SCC_2000-2026,SCC_2004scc38,1994canlii120,both_strong,1,Cunningham v. Wheeler; Cooper v. Miller; Shanks v. McNee <-> cunningham v wheeler
SCC_2000-2026,SCC_2004scc38,1963canlii150,both_weak,1,Dell v. Vermette <-> dell v vermette
SCC_2000-2026,SCC_2004scc38,1963canlii320,both_weak,1,Dell v. Vermette <-> dell v vermette
SCC_2000-2026,SCC_2004scc38,1989canlii5281,Q_not_found,0,
SCC_2000-2026,SCC_2004scc38,1992canlii110,both_strong,1,Friends of the Oldman River Society v. Canada (Minister of Transport) <-> friends of the oldman river society v canada minister of transport
SCC_2000-2026,SCC_2004scc38,2004scc25,both_strong,1,Garland v. Consumers' Gas Co. <-> garland v consumers gas co
SCC_2000-2026,SCC_2004scc38,1943canlii53,both_strong,1,Karas et al. v. Rowlett <-> karas v rowlett
SCC_2000-2026,SCC_2004scc38,1991canlii1127,both_weak,1,Kates v. Hall <-> kates v hall
SCC_2000-2026,SCC_2004scc38,1931canlii1,both_strong,1,Kelliher (Village of) v. Smith <-> kelliher village of v smith
SCC_2000-2026,SCC_2004scc38,2002canlii49466,both_weak,1,Law Society of Upper Canada v. Ernst & Young <-> law society of upper canada v ernst and young
SCC_2000-2026,SCC_2004scc38,2003canlii14187,both_weak,1,Law Society Of Upper Canada v. Ernst & Young <-> law society of upper canada v ernst and young
SCC_2000-2026,SCC_2004scc38,1972canlii598,both_weak,1,Massia v. Allen <-> massia v allen
SCC_2000-2026,SCC_2004scc38,1965canlii475,both_weak,1,McCready v. Munroe <-> mccready v munroe
SCC_2000-2026,SCC_2004scc38,1971canlii565,both_weak,1,Menhennet v. Schoenholz <-> menhennet v schoenholz
SCC_2000-2026,SCC_2004scc38,1995canlii112,both_strong,1,Ontario v. Canadian Pacific Ltd. <-> ontario v canadian pacific ltd
SCC_2000-2026,SCC_2004scc38,1982canlii1855,both_loose,1,Oshawa Group Ltd. v. Great American Insurance Co. et al. <-> oshawa group ltd v great american insurance co
SCC_2000-2026,SCC_2004scc38,1963canlii568,both_loose,1,Parsons v. Saunders and Snair <-> parsons v saunders
SCC_2000-2026,SCC_2004scc38,1975canlii6,both_strong,1,Penvidic v. International Nickel <-> penvidic contracting co v international nickel co of canada
SCC_2000-2026,SCC_2004scc38,1994canlii2135,both_loose,1,Prince Rupert (City of) v. Pederson <-> prince rupert city v pederson
SCC_2000-2026,SCC_2004scc38,1997canlii318,both_strong,1,R. v. Hydro-Québec <-> r v hydro qu bec
SCC_2000-2026,SCC_2004scc38,1970canlii345,both_loose,1,Rados et al. v. Neumann <-> rados v neumann
SCC_2000-2026,SCC_2004scc38,1990canlii97,both_strong,1,Ratych v. Bloomer <-> ratych v bloomer
SCC_2000-2026,SCC_2004scc38,1999canlii706,both_strong,1,Ryan v. Victoria (City) <-> ryan v victoria city
SCC_2000-2026,SCC_2004scc38,1984canlii344,both_weak,1,Stein v. Gonzales <-> stein v gonzales
SCC_2000-2026,SCC_2004scc38,1991canlii107,both_strong,1,Sunrise Co. v. Lake Winnipeg (The) <-> sunrise co v lake winnipeg the
SCC_2000-2026,SCC_2004scc38,1983canlii5035,both_loose,1,"The Queen v. The ""Sun Diamond"" <-> the queen v the ship sun diamond"
SCC_2000-2026,SCC_2004scc38,1949canlii35,both_strong,1,Toronto Transportation Commission v. The King <-> toronto transportation commission v the king
SCC_2000-2026,SCC_2004scc38,1980canlii17,both_strong,1,Woelk v. Halvorson <-> woelk v halvorson
SCC_2000-2026,SCC_2004scc38,1915canlii574,both_loose,1,Wood v. Grand Valley R. Co. <-> wood v grand valley rway co
SCC_2000-2026,SCC_2004scc38,1963canlii586,both_weak,1,Woodworth v. Farmer <-> woodworth v farmer
SCC_2000-2026,SCC_2004scc38,XC-G004859,ours_only_origin_undetermined|pubforeign:heuristic_only,0,reporter
SCC_2000-2026,SCC_2004scc38,XC-G077666,ours_only_origin_undetermined|pubforeign:supported,0,reporter
SCC_2000-2026,SCC_2004scc38,XC-G132084,ours_only_origin_undetermined|pubforeign:supported,0,reporter
SCC_2000-2026,SCC_2004scc38,XC-G134104,ours_only_origin_undetermined|pubforeign:supported,0,reporter
SCC_2000-2026,SCC_2004scc38,XC-G135511,ours_only_origin_undetermined|pubforeign:supported,0,reporter
SCC_2000-2026,SCC_2004scc38,XC-G135512,ours_only_origin_undetermined|pubforeign:supported,0,reporter
SCC_2000-2026,SCC_2004scc38,XC-G136754,ours_only_origin_undetermined|pubforeign:supported,0,reporter
SCC_2000-2026,SCC_2004scc38,XC-G138077,ours_only_origin_undetermined|pubforeign:supported,0,reporter
SCC_2000-2026,SCC_2004scc38,XC-G138945,ours_only_origin_undetermined|pubforeign:supported,0,reporter
SCC_2000-2026,SCC_2004scc38,XC-G139504,ours_only_origin_undetermined|pubforeign:supported,0,reporter
SCC_2000-2026,SCC_2004scc38,XC-G139601,ours_only_origin_undetermined|pubforeign:supported,0,reporter
SCC_2000-2026,SCC_2004scc38,XC-G149545,ours_only_origin_undetermined|pubforeign:supported,0,reporter
SCC_2000-2026,SCC_2004scc38,XC-G151254,ours_only_origin_undetermined|pubforeign:supported,0,reporter
SCC_2000-2026,SCC_2004scc38,XC-G151563,ours_only_origin_undetermined|pubforeign:supported,0,reporter
SCC_2000-2026,SCC_2004scc38,XC-G152116,ours_only_origin_undetermined|pubforeign:supported,0,reporter
SCC_2000-2026,SCC_2004scc38,XC-G152599,ours_only_origin_undetermined|pubnone:supported,0,reporter
SCC_2000-2026,SCC_2004scc38,XC-G152766,ours_only_origin_undetermined|pubforeign:supported,0,reporter
SCC_2000-2026,SCC_2004scc38,XC-G153108,ours_only_origin_undetermined|pubforeign:supported,0,reporter
SCC_2000-2026,SCC_2004scc38,XC-G153157,ours_only_origin_undetermined|pubforeign:supported,0,reporter
SCC_2000-2026,SCC_2004scc38,XC-G153432,ours_only_origin_undetermined|pubforeign:supported,0,reporter
SCC_2000-2026,SCC_2004scc38,XC-G154105,ours_only_origin_undetermined|pubforeign:supported,0,reporter
SCC_2000-2026,SCC_2004scc38,XC-G156285,ours_only_origin_undetermined|pubca:supported,0,reporter
SCC_2000-2026,SCC_2004scc38,XC-G156492,ours_only_origin_undetermined|pubnone:supported,0,reporter
SCC_2000-2026,SCC_2004scc38,XC-G156759,ours_only_origin_undetermined|pubforeign:supported,0,reporter
SCC_2000-2026,SCC_2004scc38,XC-G157634,ours_only_origin_undetermined|pubca:supported,0,reporter
SCC_2000-2026,SCC_2004scc38,XC-G161150,ours_only_origin_undetermined|pubca:supported,0,reporter
SCC_2000-2026,SCC_2004scc38,XC-G161526,ours_only_origin_undetermined|pubnone:supported,0,reporter
SCC_2000-2026,SCC_2004scc38,XC-G161593,ours_only_origin_ca|pubca:supported,0,reporter
SCC_2000-2026,SCC_2004scc38,XC-G161688,ours_only_origin_undetermined|pubforeign:supported,0,reporter
SCC_2000-2026,SCC_2004scc38,XC-G165846,ours_only_origin_ca|pubca:supported,0,reporter
SCC_2000-2026,SCC_2004scc38,XC-G166091,ours_only_origin_undetermined|pubnone:supported,0,reporter
SCC_2000-2026,SCC_2004scc38,XC-G167394,ours_only_origin_undetermined|pubca:supported,0,reporter
SCC_2000-2026,SCC_2004scc38,XC-G168957,ours_only_origin_undetermined|pubca:supported,0,reporter
SCC_2000-2026,SCC_2004scc38,XC-G169347,ours_only_origin_undetermined|pubca:supported,0,reporter
SCC_2000-2026,SCC_2004scc38,XC-G169999,ours_only_origin_undetermined|pubca:supported,0,reporter
SCC_2000-2026,SCC_2004scc38,XC-G186642,ours_only_origin_undetermined|pubca:supported,0,reporter
SCC_2000-2026,SCC_2004scc38,XC-G192472,ours_only_origin_undetermined|pubca:supported,0,reporter
SCC_2000-2026,SCC_2004scc38,XC-G195627,ours_only_origin_undetermined|pubnone:supported,0,reporter
SCC_2000-2026,SCC_2004scc38,XC-G204761,ours_only_origin_undetermined|pubca:supported,0,reporter
SCC_2000-2026,SCC_2004scc38,XC-G209808,ours_only_origin_undetermined|pubforeign:supported,0,reporter
SCC_2000-2026,SCC_2004scc38,XC-G211644,ours_only_origin_undetermined|pubforeign:supported,0,reporter
SCC_2000-2026,SCC_2004scc38,XC-G212650,ours_only_origin_undetermined|pubforeign:supported,0,reporter
SCC_2000-2026,SCC_2004scc38,XC-G212775,ours_only_origin_undetermined|pubforeign:supported,0,reporter
SCC_2000-2026,SCC_2004scc38,XC-G220802,ours_only_origin_undetermined|pubca:supported,0,reporter
SCC_2000-2026,SCC_2004scc38,XC-G227028,ours_only_origin_undetermined|pubforeign:supported,0,reporter
SCC_2000-2026,SCC_2004scc38,XC-G233237,ours_only_origin_undetermined|pubforeign:supported,0,reporter
SCC_2000-2026,SCC_2020scc28,2011scc37,both_strong,1,Alberta (Aboriginal Affairs and Northern Development) v. Cunningham <-> alberta aboriginal affairs and northern development v cunningham
SCC_2000-2026,SCC_2020scc28,1986canlii1287,both_weak,1,Andrews v. Law Society of British Columbia <-> andrews v law society of british columbia
SCC_2000-2026,SCC_2020scc28,1989canlii2,both_strong,1,Andrews v. Law Society of British Columbia <-> andrews v law society of british columbia
SCC_2000-2026,SCC_2020scc28,2004scc78,both_strong,1,Auton (Guardian ad litem of) v. British Columbia (Attorney General) <-> auton guardian ad litem of v british columbia attorney general
SCC_2000-2026,SCC_2020scc28,2018fca181,both_strong,1,Begum v. Canada (Citizenship and Immigration) <-> begum v canada citizenship and immigration
SCC_2000-2026,SCC_2020scc28,1999canlii652,both_strong,1,British Columbia (Public Service Employee Relations Commission) v. BCGSEU <-> british columbia public service employee relations commission v b c g s e u / british columbia public service employee relations commission v bcgseu
SCC_2000-2026,SCC_2020scc28,1999canlii646,both_strong,1,British Columbia (Superintendent of Motor Vehicles) v. British Columbia (Council of Human Rights) <-> british columbia superintendent of motor vehicles v british columbia council of human rights
SCC_2000-2026,SCC_2020scc28,1989canlii96,both_strong,1,Brooks v. Canada Safeway Ltd. <-> brooks v canada safeway ltd
SCC_2000-2026,SCC_2020scc28,2014fca110,both_strong,1,Canada (Attorney General) v. Johnstone <-> canada attorney general v johnstone
SCC_2000-2026,SCC_2020scc28,2003fca3,both_strong,1,Canada ( Attorney General ) v. Lesiuk ( C.A. ) <-> canada attorney general v lesiuk
SCC_2000-2026,SCC_2020scc28,1990canlii26,both_strong,1,Canada (human Rights Commission) v. Taylor <-> canada human rights commission v taylor
SCC_2000-2026,SCC_2020scc28,1990canlii76,both_strong,1,Central Alberta Dairy Pool v. Alberta (Human Rights Commission) <-> central alberta dairy pool v alberta human rights commission
SCC_2000-2026,SCC_2020scc28,2018scc18,both_strong,1,Centrale des syndicats du Québec v. Quebec (Attorney General) <-> centrale des syndicats du qu bec v quebec attorney general
SCC_2000-2026,SCC_2020scc28,1987canlii109,both_strong,1,CN v. Canada (Canadian Human Rights Commission) <-> canadian national railway co v canada canadian human rights commission
SCC_2000-2026,SCC_2020scc28,1999canlii687,both_strong,1,Corbiere v. Canada (Minister of Indian and Northern Affairs) <-> corbiere v canada minister of indian and northern affairs
SCC_2000-2026,SCC_2020scc28,2003scc62,both_strong,1,Doucet-Boudreau v. Nova Scotia (Minister of Education) <-> doucet boudreau v nova scotia minister of education
SCC_2000-2026,SCC_2020scc28,1997canlii366,both_strong,1,Eaton v. Brant County Board of Education <-> eaton v brant county board of education
SCC_2000-2026,SCC_2020scc28,1995canlii98,both_strong,1,Egan v. Canada <-> egan v canada
SCC_2000-2026,SCC_2020scc28,1997canlii327,both_strong,1,Eldridge v. British Columbia (Attorney General) <-> eldridge v british columbia attorney general
SCC_2000-2026,SCC_2020scc28,1998canlii6274,both_loose,1,Ferrel v. Ontario (Attorney General of) <-> ferrel v ontario attorney general
SCC_2000-2026,SCC_2020scc28,2018fca223,both_strong,2,Fraser v. Canada (Attorney General) <-> 
SCC_2000-2026,SCC_2020scc28,2017fc557,both_strong,1,Fraser v. Canada (Attorney General) <-> 
SCC_2000-2026,SCC_2020scc28,2011qcca1201,both_strong,1,Gaz métropolitain inc. c. Commission des droits de la personne et des droits de la jeunesse <-> gaz m tropolitain inc v commission des droits de la personne et des droits de la jeunesse
SCC_2000-2026,SCC_2020scc28,2002scc84,both_strong,1,Gosselin v. Québec (Attorney General) <-> gosselin v quebec attorney general
SCC_2000-2026,SCC_2020scc28,2016fca4,both_strong,1,Grenon v. Canada <-> grenon v minister of national revenue
SCC_2000-2026,SCC_2020scc28,2004bcca260,both_strong,1,Health Sciences Assoc. of B.C. v. Campbell River and North Island Transition Society <-> campbell river and north island transition society v health sciences assn of british columbia
SCC_2000-2026,SCC_2020scc28,2004scc65,both_strong,1,Hodge v. Canada (Minister of Human Resources Development) <-> hodge v canada minister of human resources development
SCC_2000-2026,SCC_2020scc28,2013scc70,both_strong,1,IBM Canada Limited v. Waterman <-> ibm canada limited v waterman
SCC_2000-2026,SCC_2020scc28,1989canlii87,both_strong,1,Irwin Toy Ltd. v. Quebec (Attorney General) <-> irwin toy ltd v quebec attorney general
SCC_2000-2026,SCC_2020scc28,1989canlii97,both_strong,1,Janzen v. Platy Enterprises Ltd. <-> janzen v platy enterprises ltd
SCC_2000-2026,SCC_2020scc28,2015scc30,both_strong,1,Kahkewistahaw First Nation v. Taypotat <-> kahkewistahaw first nation v taypotat
SCC_2000-2026,SCC_2020scc28,2002scc23,both_strong,1,Lavoie v. Canada <-> lavoie v canada
SCC_2000-2026,SCC_2020scc28,2018scc32,both_strong,1,Law Society of British Columbia v. Trinity Western University <-> law society of british columbia v trinity western university
SCC_2000-2026,SCC_2020scc28,1999canlii675,both_strong,1,Law v. Canada (Minister of Employment and Immigration) <-> law v canada minister of employment and immigration
SCC_2000-2026,SCC_2020scc28,2000scc37,both_strong,1,Lovelace v. Ontario <-> lovelace v ontario
SCC_2000-2026,SCC_2020scc28,1990canlii60,both_strong,1,McKinney v. University of Guelph <-> mckinney v university of guelph
SCC_2000-2026,SCC_2020scc28,2013fca158,both_strong,1,Miceli-Riggins v. Canada (Attorney General) <-> miceli riggins v canada attorney general
SCC_2000-2026,SCC_2020scc28,1995canlii97,both_strong,1,Miron v. Trudel <-> miron v trudel
SCC_2000-2026,SCC_2020scc28,2016hrto1229,both_strong,1,Misetich v. Value Village Stores Inc. <-> misetich v value village stores inc
SCC_2000-2026,SCC_2020scc28,1992canlii25,both_strong,1,Moge v. Moge <-> moge v moge
SCC_2000-2026,SCC_2020scc28,2012scc61,both_strong,1,Moore v. British Columbia (Education) <-> moore v british columbia education
SCC_2000-2026,SCC_2020scc28,1999canlii653,both_strong,1,New Brunswick (Minister of Health and Community Services) v. G. (J.) <-> new brunswick minister of health and community services v g j
SCC_2000-2026,SCC_2020scc28,2004scc66,both_strong,1,Newfoundland (Treasury Board) v. N.A.P.E. <-> newfoundland treasury board v n a p e
SCC_2000-2026,SCC_2020scc28,2002scc83,both_strong,1,Nova Scotia (Attorney General) v. Walsh <-> nova scotia attorney general v walsh
SCC_2000-2026,SCC_2020scc28,2003scc54,both_strong,1,Nova Scotia (Workers' Compensation Board) v. Martin; Nova Scotia (Workers' Compensation Board) v. Laseur <-> nova scotia workers compensation board v martin
SCC_2000-2026,SCC_2020scc28,1985canlii18,both_strong,1,Ont. Human Rights Comm. v. Simpsons-Sears <-> ontario human rights commission v simpsons sears ltd
SCC_2000-2026,SCC_2020scc28,1996canlii4067,both_loose,1,Public Service Alliance of Canada v. Canada (Department of National Defence) (C.A.) <-> public service alliance of canada v canada department of national defence
SCC_2000-2026,SCC_2020scc28,2013scc5,both_strong,1,Quebec (Attorney General) v. A <-> quebec attorney general v a
SCC_2000-2026,SCC_2020scc28,2018scc17,both_strong,1,Quebec (Attorney General) v. Alliance du personnel professionnel et technique de la santé et des services sociaux <-> quebec attorney general v alliance du personnel professionnel et technique de la sant et des services sociaux
SCC_2000-2026,SCC_2020scc28,2015scc14,both_strong,1,Quebec (Attorney General) v. Canada (Attorney General) <-> quebec attorney general v canada attorney general
SCC_2000-2026,SCC_2020scc28,1986canlii12,both_strong,1,R. v. Edwards Books and Art Ltd. <-> r v edwards books and art ltd
SCC_2000-2026,SCC_2020scc28,2016scc31,both_strong,1,R. v. K.R.J. <-> r v k r j
SCC_2000-2026,SCC_2020scc28,2008scc41,both_strong,1,R. v. Kapp <-> r v kapp
SCC_2000-2026,SCC_2020scc28,1992canlii72,both_strong,1,R. v. Nova Scotia Pharmaceutical Society <-> r v nova scotia pharmaceutical society
SCC_2000-2026,SCC_2020scc28,1986canlii46,both_strong,1,R. v. Oakes <-> r v oakes
SCC_2000-2026,SCC_2020scc28,2005scc71,both_strong,1,R. v. Spence <-> r v spence
SCC_2000-2026,SCC_2020scc28,1989canlii98,both_strong,1,R. v. Turpin <-> r v turpin
SCC_2000-2026,SCC_2020scc28,1995canlii64,both_strong,1,RJR-MacDonald Inc. v. Canada (Attorney General) <-> rjr macdonald inc v canada attorney general
SCC_2000-2026,SCC_2020scc28,1986canlii5,both_strong,1,RWDSU v. Dolphin Delivery Ltd. <-> rwdsu v dolphin delivery ltd
SCC_2000-2026,SCC_2020scc28,1992canlii74,both_strong,1,Schachter v. Canada <-> schachter v canada
SCC_2000-2026,SCC_2020scc28,1990canlii70,both_strong,1,Snell v. Farrell <-> snell v farrell
SCC_2000-2026,SCC_2020scc28,1993canlii55,both_strong,1,Symes v. Canada <-> symes v canada
SCC_2000-2026,SCC_2020scc28,1991canlii12,both_strong,1,Tétreault-Gadoury v. Canada (Employment and Immigration Commission) <-> t treault gadoury v canada employment and immigration commission
SCC_2000-2026,SCC_2020scc28,1995canlii99,both_strong,1,Thibaudeau v. Canada <-> thibaudeau v canada
SCC_2000-2026,SCC_2020scc28,2010scc27,both_strong,1,Vancouver (City) v. Ward <-> vancouver city v ward
SCC_2000-2026,SCC_2020scc28,2018bcca132,both_strong,1,Vancouver Area Network of Drug Users v. Downtown Vancouver Business Improvement Association <-> vancouver area network of drug users v downtown vancouver business improvement association
SCC_2000-2026,SCC_2020scc28,1998canlii816,both_strong,1,Vriend v. Alberta <-> vriend v alberta
SCC_2000-2026,SCC_2020scc28,1999canlii694,both_strong,1,Winko v. British Columbia (Forensic Psychiatric Institute) <-> winko v british columbia forensic psychiatric institute
SCC_2000-2026,SCC_2020scc28,2011scc12,both_strong,1,Withler v. Canada (Attorney General) <-> withler v canada attorney general
SCC_2000-2026,SCC_2020scc28,1993canlii34,both_strong,1,Young v. Young <-> young v young
SCC_2000-2026,SCC_2020scc28,XC-G000057,ours_only_origin_undetermined|pubforeign:heuristic_only,0,reporter
SCC_2000-2026,SCC_2020scc28,XC-G004859,ours_only_origin_undetermined|pubforeign:heuristic_only,0,reporter
SCC_2000-2026,SCC_2020scc28,XC-G005194,ours_only_origin_undetermined|pubforeign:heuristic_only,0,reporter
SCC_2000-2026,SCC_2020scc28,XC-G023288,ours_only_origin_undetermined|pubnone:supported,0,reporter
SCC_2000-2026,SCC_2020scc28,XC-G141280,ours_only_origin_undetermined|pubforeign:supported,0,reporter
SCC_2000-2026,SCC_2020scc28,XC-G146028,ours_only_origin_undetermined|pubnone:supported,0,reporter
SCC_2000-2026,SCC_2020scc28,XC-G147674,ours_only_origin_undetermined|pubforeign:supported,0,reporter
SCC_2000-2026,SCC_2020scc28,XC-G150171,ours_only_origin_undetermined|pubnone:supported,0,reporter
SCC_2000-2026,SCC_2020scc28,XC-G152372,ours_only_origin_undetermined|pubforeign:supported,0,reporter
SCC_2000-2026,SCC_2020scc28,XC-G154625,ours_only_origin_undetermined|pubforeign:supported,0,reporter
SCC_2000-2026,SCC_2020scc28,XC-G156475,ours_only_origin_undetermined|pubca:supported,0,reporter
SCC_2000-2026,SCC_2020scc28,XC-G160979,ours_only_origin_undetermined|pubforeign:supported,0,reporter
SCC_2000-2026,SCC_2020scc28,XC-G163888,ours_only_origin_undetermined|pubnone:supported,0,reporter
SCC_2000-2026,SCC_2020scc28,XC-G164685,ours_only_origin_undetermined|pubforeign:supported,0,reporter
SCC_2000-2026,SCC_2020scc28,XC-G164798,ours_only_origin_undetermined|pubnone:supported,0,reporter
SCC_2000-2026,SCC_2020scc28,XC-G165499,ours_only_origin_undetermined|pubnone:supported,0,reporter
SCC_2000-2026,SCC_2020scc28,XC-G165519,ours_only_origin_undetermined|pubnone:supported,0,reporter
SCC_2000-2026,SCC_2020scc28,XC-G167455,ours_only_origin_undetermined|pubnone:supported,0,reporter
SCC_2000-2026,SCC_2020scc28,XC-G168296,ours_only_origin_undetermined|pubnone:supported,0,reporter
SCC_2000-2026,SCC_2020scc28,XC-G168441,ours_only_origin_undetermined|pubnone:supported,0,reporter
SCC_2000-2026,SCC_2020scc28,XC-G168555,ours_only_origin_undetermined|pubnone:supported,0,reporter
SCC_2000-2026,SCC_2020scc28,XC-G171099,ours_only_origin_undetermined|pubnone:supported,0,reporter
SCC_2000-2026,SCC_2020scc28,XC-G171300,ours_only_origin_undetermined|pubforeign:supported,0,reporter
SCC_2000-2026,SCC_2020scc28,XC-G172635,ours_only_origin_undetermined|pubnone:supported,0,reporter
SCC_2000-2026,SCC_2020scc28,XC-G173163,ours_only_origin_undetermined|pubnone:supported,0,reporter
SCC_2000-2026,SCC_2020scc28,XC-G174325,ours_only_origin_undetermined|pubforeign:supported,0,reporter
SCC_2000-2026,SCC_2020scc28,XC-G175049,ours_only_origin_undetermined|pubnone:supported,0,reporter
SCC_2000-2026,SCC_2020scc28,XC-G175078,ours_only_origin_undetermined|pubnone:supported,0,reporter
SCC_2000-2026,SCC_2020scc28,XC-G175081,ours_only_origin_undetermined|pubnone:supported,0,reporter
SCC_2000-2026,SCC_2020scc28,XC-G175801,ours_only_origin_undetermined|pubnone:supported,0,reporter
SCC_2000-2026,SCC_2020scc28,XC-G175818,ours_only_origin_undetermined|pubnone:supported,0,reporter
SCC_2000-2026,SCC_2020scc28,XC-G176504,ours_only_origin_undetermined|pubnone:supported,0,reporter
SCC_2000-2026,SCC_2020scc28,XC-G176562,ours_only_origin_foreign|pubforeign:supported,0,neutral|reporter
SCC_2000-2026,SCC_2020scc28,XC-G176578,ours_only_origin_undetermined|pubnone:supported,0,reporter
SCC_2000-2026,SCC_2020scc28,XC-G176611,ours_only_origin_undetermined|pubnone:supported,0,reporter
SCC_2000-2026,SCC_2020scc28,XC-G177211,ours_only_origin_undetermined|pubnone:supported,0,reporter
SCC_2000-2026,SCC_2020scc28,XC-G177227,ours_only_origin_undetermined|pubnone:supported,0,reporter
SCC_2000-2026,SCC_2020scc28,XC-G177604,ours_only_origin_undetermined|pubnone:supported,0,reporter
SCC_2000-2026,SCC_2020scc28,XC-G177975,ours_only_origin_undetermined|pubnone:supported,0,reporter
SCC_2000-2026,SCC_2020scc28,XC-G178715,ours_only_origin_undetermined|pubforeign:supported,0,reporter
SCC_2000-2026,SCC_2020scc28,XC-G178724,ours_only_origin_undetermined|pubnone:supported,0,reporter
SCC_2000-2026,SCC_2020scc28,XC-G178792,ours_only_origin_undetermined|pubnone:supported,0,reporter
SCC_2000-2026,SCC_2020scc28,XC-G179496,ours_only_origin_undetermined|pubnone:supported,0,reporter
SCC_2000-2026,SCC_2020scc28,XC-G179537,ours_only_origin_undetermined|pubnone:supported,0,reporter
SCC_2000-2026,SCC_2020scc28,XC-G180130,ours_only_origin_foreign|pubforeign:supported,0,neutral|reporter
SCC_2000-2026,SCC_2020scc28,XC-G180143,ours_only_origin_undetermined|pubnone:supported,0,reporter
SCC_2000-2026,SCC_2020scc28,XC-G180324,ours_only_origin_undetermined|pubca:supported,0,identifier
SCC_2000-2026,SCC_2020scc28,XC-G180405,ours_only_origin_undetermined|pubca:supported,0,reporter
SCC_2000-2026,SCC_2020scc28,XC-G180672,ours_only_origin_foreign|pubforeign:supported,0,neutral|reporter
SCC_2000-2026,SCC_2020scc28,XC-G180681,ours_only_origin_undetermined|pubnone:supported,0,reporter
SCC_2000-2026,SCC_2020scc28,XC-G180682,ours_only_origin_undetermined|pubnone:supported,0,reporter
SCC_2000-2026,SCC_2020scc28,XC-G180683,ours_only_origin_undetermined|pubnone:supported,0,reporter
SCC_2000-2026,SCC_2020scc28,XC-G180701,ours_only_origin_undetermined|pubnone:supported,0,reporter
SCC_2000-2026,SCC_2020scc28,XC-G180719,ours_only_origin_undetermined|pubnone:supported,0,reporter
SCC_2000-2026,SCC_2020scc28,XC-G180750,ours_only_origin_undetermined|pubnone:supported,0,reporter
SCC_2000-2026,SCC_2020scc28,XC-G180910,ours_only_origin_undetermined|pubca:supported,0,identifier
SCC_2000-2026,SCC_2020scc28,XC-G180993,ours_only_origin_undetermined|pubca:supported,0,reporter
SCC_2000-2026,SCC_2020scc28,XC-G181266,ours_only_origin_undetermined|pubnone:supported,0,reporter
SCC_2000-2026,SCC_2020scc28,XC-G181848,ours_only_origin_undetermined|pubforeign:supported,0,reporter
SCC_2000-2026,SCC_2020scc28,XC-G181929,ours_only_origin_undetermined|pubnone:supported,0,reporter
SCC_2000-2026,SCC_2020scc28,XC-G184760,ours_only_origin_undetermined|pubca:supported,0,reporter
SCC_2000-2026,SCC_2020scc28,XC-G205556,ours_only_origin_undetermined|pubca:supported,0,reporter
SCC_2000-2026,SCC_2020scc28,XC-G214812,ours_only_origin_undetermined|pubca:supported,0,reporter
SCC_2000-2026,SCC_2020scc28,XC-G218159,ours_only_origin_undetermined|pubca:supported,0,reporter
SCC_2000-2026,SCC_2020scc28,XC-G219096,ours_only_origin_undetermined|pubca:supported,0,reporter
SCC_2000-2026,SCC_2020scc28,XC-G220379,ours_only_origin_ca|pubca:supported,0,reporter
SCC_2000-2026,SCC_2020scc28,XC-G235513,ours_only_origin_undetermined|pubforeign:supported,0,reporter
SCC_2000-2026,SCC_2003scc47,2001bcca457,both_strong,1,R. v. Edgar <-> 
SCC_2000-2026,SCC_2003scc47,2003scc46,both_strong,2,R. v. Johnson <-> r v johnson / r v johnson
SCC_2000-2026,SCC_2003scc47,2003scc50,both_strong,1,R. v. Kelly <-> r v kelly
SCC_2000-2026,SCC_2003scc47,2003scc49,both_strong,1,R. v. Mitchell <-> r v mitchell
SCC_2000-2026,SCC_2003scc47,2003scc48,both_strong,1,R. v. Smith <-> r v smith
SCC_2000-2026,SCC_2003scc47,XC-G168650,ours_only_origin_undetermined|pubca:supported,0,reporter
SCC_2000-2026,SCC_2003scc47,XC-G203541,ours_only_origin_undetermined|pubca:supported,0,reporter
SCC_2000-2026,SCC_2025scc8,2024skca77,both_strong,1,R v P.B <-> 
SCC_2000-2026,SCC_2025scc8,XC-G183559,ours_only_origin_undetermined|pubca:supported,0,identifier
SCC_2000-2026,SCC_2025scc8,XC-G183665,ours_only_origin_undetermined|pubforeign:supported,0,reporter
SCC_2000-2026,SCC_2025scc8,XC-G183677,ours_only_origin_undetermined|pubca:supported,0,reporter
SCC_2000-2026,SCC_2025scc8,XC-G222631,ours_only_origin_ca|pubca:supported,0,reporter
SCC_2000-2026,SCC_2025scc3,2024qcca488,both_strong,1,Chicoine-Joubert c. R. <-> 
SCC_2000-2026,SCC_2025scc3,XC-G183553,ours_only_origin_undetermined|pubca:supported,0,identifier
SCC_2000-2026,SCC_2025scc3,XC-G183572,ours_only_origin_undetermined|pubca:supported,0,reporter
SCC_2000-2026,SCC_2025scc26,1979canlii29,both_strong,1,Aucoin v. R. <-> aucoin v the queen
SCC_2000-2026,SCC_2025scc26,2022scc22,both_strong,1,Barendregt v. Grebliunas <-> barendregt v grebliunas
SCC_2000-2026,SCC_2025scc26,2002scc42,both_strong,1,Bell ExpressVu Limited Partnership v. Rex <-> bell expressvu limited partnership v rex
SCC_2000-2026,SCC_2025scc26,1970canlii145,both_strong,1,Boivin v. R. <-> boivin v the queen
SCC_2000-2026,SCC_2025scc26,2017scc47,both_strong,1,Canada (Attorney General) v. Fontaine <-> canada attorney general v fontaine
SCC_2000-2026,SCC_2025scc26,1979canlii63,both_strong,1,Cooper v. R. <-> cooper v the queen
SCC_2000-2026,SCC_2025scc26,2024onca350,both_strong,1,Kolapully v. Myles <-> kolapully v myles
SCC_2000-2026,SCC_2025scc26,2016scc52,both_strong,1,Lizotte v. Aviva Insurance Company of Canada <-> lizotte v aviva insurance company of canada
SCC_2000-2026,SCC_2025scc26,1979canlii8,both_strong,1,Palmer v. The Queen <-> palmer v the queen
SCC_2000-2026,SCC_2025scc26,1991canlii3882,both_loose,1,R. c. Steele <-> r v steele
SCC_2000-2026,SCC_2025scc26,1982canlii25,both_strong,1,R. v. Abbey <-> r v abbey
SCC_2000-2026,SCC_2025scc26,2009onca624,both_strong,1,R. v. Abbey <-> r v abbey
SCC_2000-2026,SCC_2025scc26,2023scc18,both_strong,1,R. v. Basque <-> r v basque
SCC_2000-2026,SCC_2025scc26,2023onca203,both_strong,1,R. v. Bharwani <-> r v bharwani
SCC_2000-2026,SCC_2025scc26,2009scc38,both_strong,1,R. v. Bjelland <-> r v bjelland
SCC_2000-2026,SCC_2025scc26,2018onca119,both_strong,1,R. v. Blackett <-> r v blackett
SCC_2000-2026,SCC_2025scc26,2011scc58,both_strong,1,R. v. Bouchard-Lebrun <-> r v bouchard lebrun
SCC_2000-2026,SCC_2025scc26,2011onca362,both_strong,1,R. v. Brant <-> r v brant
SCC_2000-2026,SCC_2025scc26,1990canlii34,both_strong,1,R. v. Chaulk <-> r v chaulk
SCC_2000-2026,SCC_2025scc26,2014scc60,both_strong,1,R. v. Conception <-> r v conception
SCC_2000-2026,SCC_2025scc26,2010scc10,both_strong,1,R. v. Cunningham <-> r v cunningham
SCC_2000-2026,SCC_2025scc26,2016scc22,both_strong,1,R. v. D.L.W. <-> r v d l w
SCC_2000-2026,SCC_2025scc26,2004scc46,both_strong,1,R. v. Demers <-> r v demers
SCC_2000-2026,SCC_2025scc26,2018onca589,both_strong,1,R. v. Dobson <-> r v dobson
SCC_2000-2026,SCC_2025scc26,2023onca427,both_strong,1,R. v. Doyle <-> r v doyle
SCC_2000-2026,SCC_2025scc26,1993canlii86,both_strong,1,R. v. Evans <-> r v evans
SCC_2000-2026,SCC_2025scc26,2018onca402,both_strong,1,R. v. Forcillo <-> r v forcillo
SCC_2000-2026,SCC_2025scc26,2000scc22,both_strong,2,R. v. G.D.B. <-> r v g d b / r v g d b
SCC_2000-2026,SCC_2025scc26,1999canlii19941,both_weak,1,R. v. Ghorvei <-> r v ghorvei
SCC_2000-2026,SCC_2025scc26,2018scc44,both_strong,1,R. v. Gubbins <-> r v gubbins
SCC_2000-2026,SCC_2025scc26,1995canlii70,both_strong,1,R. v. Harrer <-> r v harrer
SCC_2000-2026,SCC_2025scc26,2024onca369,both_strong,1,R. v. Hason <-> r v hason
SCC_2000-2026,SCC_2025scc26,2013scc61,both_strong,1,R. v. Hay <-> r v hay
SCC_2000-2026,SCC_2025scc26,1982canlii3307,both_weak,1,R. v. Hertrich <-> r v hertrich
SCC_2000-2026,SCC_2025scc26,1997canlii394,both_strong,1,R. v. Hinse  <-> r v hinse
SCC_2000-2026,SCC_2025scc26,2014yksc48,both_strong,1,R. v. Hureau <-> r v hureau
SCC_2000-2026,SCC_2025scc26,2014yktc36,both_strong,1,R. v. Hureau <-> r v hureau
SCC_2000-2026,SCC_2025scc26,2011scc17,both_strong,1,R. v. J.A.A. <-> r v j a a
SCC_2000-2026,SCC_2025scc26,2022scc15,both_strong,1,R. v. J.D. <-> r v j d
SCC_2000-2026,SCC_2025scc26,2022scc28,both_strong,1,R. v. J.J. <-> r v j j
SCC_2000-2026,SCC_2025scc26,2009scc42,both_strong,1,R. v. Jaw <-> r v jaw
SCC_2000-2026,SCC_2025scc26,2008onca258,both_strong,1,R. v. Jayne <-> r v jayne
SCC_2000-2026,SCC_2025scc26,2023scc20,both_strong,1,R. v. Kahsai <-> r v kahsai
SCC_2000-2026,SCC_2025scc26,2006scc57,both_strong,1,R. v. Khelawon <-> r v khelawon
SCC_2000-2026,SCC_2025scc26,2011onca120,both_strong,1,R. v. Kumar <-> r v kumar
SCC_2000-2026,SCC_2025scc26,2006scc10,both_strong,1,R. v. Lavigne <-> r v lavigne
SCC_2000-2026,SCC_2025scc26,2000scc47,both_strong,1,R. v. Lévesque <-> r v l vesque
SCC_2000-2026,SCC_2025scc26,2004scc80,both_strong,1,R. v. Lohrer <-> r v lohrer
SCC_2000-2026,SCC_2025scc26,2004scc5,both_strong,1,R. v. Lyttle <-> r v lyttle
SCC_2000-2026,SCC_2025scc26,1990canlii80,both_strong,1,R. v. Martineau <-> r v martineau
SCC_2000-2026,SCC_2025scc26,1988canlii149,both_weak,1,R. v. McGibbon <-> r v mcgibbon
SCC_2000-2026,SCC_2025scc26,2021onsc1258,both_strong,1,R. v. Minassian <-> r v minassian
SCC_2000-2026,SCC_2025scc26,1995canlii3498,both_weak,1,R. v. Morrissey <-> r v morrissey
SCC_2000-2026,SCC_2025scc26,2007onca770,both_strong,1,R. v. Morrissey <-> r v morrissey
SCC_2000-2026,SCC_2025scc26,2007onca720,both_strong,1,R. v. Mullins-Johnson <-> r v mullins johnson
SCC_2000-2026,SCC_2025scc26,2023onsc3390,both_strong,1,R. v. Nettleton <-> r v nettleton
SCC_2000-2026,SCC_2025scc26,1994canlii101,both_strong,1,R. v. Oommen <-> r v oommen
SCC_2000-2026,SCC_2025scc26,2003abca4,both_strong,1,R. v. Phillips <-> r v phillips
SCC_2000-2026,SCC_2025scc26,2003scc57,both_strong,1,R. v. Phillips <-> r v phillips
SCC_2000-2026,SCC_2025scc26,2019scc51,both_strong,1,R. v. Rafilovich <-> r v rafilovich
SCC_2000-2026,SCC_2025scc26,1991canlii112,both_strong,1,R. v. Ratti <-> r v ratti
SCC_2000-2026,SCC_2025scc26,1975canlii1394,both_weak,1,R. v. Roberts <-> r v roberts
SCC_2000-2026,SCC_2025scc26,2001scc24,both_strong,1,R. v. Ruzic <-> r v ruzic
SCC_2000-2026,SCC_2025scc26,2022scc9,both_strong,1,R. v. Samaniego <-> r v samaniego
SCC_2000-2026,SCC_2025scc26,1991canlii76,both_strong,1,R. v. Seaboyer;  R. v. Gayme <-> r v seaboyer
SCC_2000-2026,SCC_2025scc26,2016onca188,both_strong,1,R. v. Shepherd <-> r v shepherd
SCC_2000-2026,SCC_2025scc26,2009onca886,both_strong,1,R. v. Sherret-Robinson <-> r v sherret robinson
SCC_2000-2026,SCC_2025scc26,2021scc16,both_strong,1,R. v. Smith <-> r v smith
SCC_2000-2026,SCC_2025scc26,2017onca148,both_strong,1,R. v. Stark <-> r v stark
SCC_2000-2026,SCC_2025scc26,1991canlii45,both_strong,1,R. v. Stinchcombe <-> r v stinchcombe
SCC_2000-2026,SCC_2025scc26,1988canlii65,both_strong,1,R. v. Stolar <-> r v stolar
SCC_2000-2026,SCC_2025scc26,1991canlii104,both_strong,1,R. v. Swain <-> r v swain
SCC_2000-2026,SCC_2025scc26,2024scc38,both_strong,1,R. v. T.J.F. <-> r v t j f
SCC_2000-2026,SCC_2025scc26,1992canlii7412,both_weak,1,R. v. Taylor <-> r v taylor
SCC_2000-2026,SCC_2025scc26,2024scc16,both_strong,1,R. v. Tayo Tompouba <-> r v tayo tompouba
SCC_2000-2026,SCC_2025scc26,2021onca379,both_strong,1,R. v. Trought <-> r v trought
SCC_2000-2026,SCC_2025scc26,2014scc2,both_strong,1,R. v. W.E.B. <-> r v w e b
SCC_2000-2026,SCC_2025scc26,2019onca765,both_strong,1,R. v. Walker <-> r v walker
SCC_2000-2026,SCC_2025scc26,1996canlii4008,both_weak,1,R. v. Watson <-> r v watson
SCC_2000-2026,SCC_2025scc26,2022scc7,both_strong,1,R. v. White <-> r v white
SCC_2000-2026,SCC_2025scc26,1952canlii186,both_weak,1,R. v. Woltucky <-> r v woltucky
SCC_2000-2026,SCC_2025scc26,2018scc25,both_strong,1,R. v. Wong <-> r v wong
SCC_2000-2026,SCC_2025scc26,2020scc14,both_strong,1,R. v. Zora <-> r v zora
SCC_2000-2026,SCC_2025scc26,2017onsc2040,both_strong,1,R. v France <-> r v france
SCC_2000-2026,SCC_2025scc26,1976canlii833,both_weak,1,Reference Re Regina v. Gorecki (No. 1) <-> reference re regina v gorecki no 1
SCC_2000-2026,SCC_2025scc26,1946canlii113,Q_first_word_only,0,
SCC_2000-2026,SCC_2025scc26,1998canlii837,both_strong,1,Rizzo & Rizzo Shoes Ltd. (Re) <-> rizzo and rizzo shoes ltd re
SCC_2000-2026,SCC_2025scc26,1976canlii165,both_strong,1,Schwartz v. R. <-> schwartz v the queen
SCC_2000-2026,SCC_2025scc26,1969canlii79,both_strong,1,The Queen v. Borg <-> r v borg
SCC_2000-2026,SCC_2025scc26,1877canlii24,both_weak,1,The Queen v. Laliberté <-> the queen v lalibert
SCC_2000-2026,SCC_2025scc26,2007onca575,both_strong,1,Truscott (Re) <-> r v villaroman
SCC_2000-2026,SCC_2025scc26,1948canlii53,both_strong,1,Vescio v. The King <-> vescio v the king
SCC_2000-2026,SCC_2025scc26,2015scc23,both_strong,1,White Burgess Langille Inman v. Abbott and Haliburton Co. <-> white burgess langille inman v abbott and haliburton co
SCC_2000-2026,SCC_2025scc26,2014abca404,both_strong,1,WP v Alberta <-> p w v alberta
SCC_2000-2026,SCC_2025scc26,XC-G128012,ours_only_origin_undetermined|pubforeign:supported,0,reporter
SCC_2000-2026,SCC_2025scc26,XC-G128624,ours_only_origin_undetermined|pubforeign:supported,0,reporter
SCC_2000-2026,SCC_2025scc26,XC-G142200,ours_only_origin_undetermined|pubforeign:supported,0,reporter
SCC_2000-2026,SCC_2025scc26,XC-G145418,ours_only_origin_undetermined|pubca:heuristic_only,0,reporter
SCC_2000-2026,SCC_2025scc26,XC-G150719,ours_only_origin_undetermined|pubnone:supported,0,reporter
SCC_2000-2026,SCC_2025scc26,XC-G151275,ours_only_origin_undetermined|pubforeign:supported,0,reporter
SCC_2000-2026,SCC_2025scc26,XC-G151841,ours_only_origin_undetermined|pubnone:supported,0,reporter
SCC_2000-2026,SCC_2025scc26,XC-G161280,ours_only_origin_undetermined|pubnone:supported,0,reporter
SCC_2000-2026,SCC_2025scc26,XC-G164842,ours_only_origin_undetermined|pubnone:supported,0,reporter
SCC_2000-2026,SCC_2025scc26,XC-G167739,ours_only_origin_undetermined|pubnone:supported,0,reporter
SCC_2000-2026,SCC_2025scc26,XC-G174213,ours_only_origin_undetermined|pubnone:supported,0,reporter
SCC_2000-2026,SCC_2025scc26,XC-G174992,ours_only_origin_undetermined|pubnone:supported,0,reporter
SCC_2000-2026,SCC_2025scc26,XC-G180752,ours_only_origin_undetermined|pubnone:supported,0,reporter
SCC_2000-2026,SCC_2025scc26,XC-G181333,ours_only_origin_undetermined|pubnone:supported,0,reporter
SCC_2000-2026,SCC_2025scc26,XC-G183312,ours_only_origin_undetermined|pubca:supported,0,identifier
SCC_2000-2026,SCC_2025scc26,XC-G183378,ours_only_origin_undetermined|pubca:supported,0,reporter
SCC_2000-2026,SCC_2025scc26,XC-G190045,ours_only_origin_ca|pubca:supported,0,reporter
SCC_2000-2026,SCC_2025scc26,XC-G191442,ours_only_origin_ca|pubca:supported,0,reporter
SCC_2000-2026,SCC_2025scc26,XC-G192495,ours_only_origin_ca|pubca:supported,0,reporter
SCC_2000-2026,SCC_2025scc26,XC-G193351,ours_only_origin_ca|pubca:supported,0,reporter
SCC_2000-2026,SCC_2025scc26,XC-G193364,ours_only_origin_ca|pubca:supported,0,reporter
SCC_2000-2026,SCC_2025scc26,XC-G193415,ours_only_origin_undetermined|pubforeign:supported,0,reporter
SCC_2000-2026,SCC_2025scc26,XC-G201294,ours_only_origin_ca|pubca:supported,0,reporter
SCC_2000-2026,SCC_2025scc26,XC-G204203,ours_only_origin_ca|pubca:supported,0,reporter
SCC_2000-2026,SCC_2025scc26,XC-G212242,ours_only_origin_ca|pubca:supported,0,reporter
SCC_2000-2026,SCC_2025scc26,XC-G213449,ours_only_origin_undetermined|pubca:supported,0,reporter
SCC_2000-2026,SCC_2025scc26,XC-G213813,ours_only_origin_ca|pubca:supported,0,reporter
SCC_2000-2026,SCC_2025scc26,XC-G214148,ours_only_origin_ca|pubca:supported,0,reporter
SCC_2000-2026,SCC_2025scc26,XC-G217239,ours_only_origin_ca|pubca:supported,0,reporter
SCC_2000-2026,SCC_2025scc26,XC-G217525,ours_only_origin_undetermined|pubnone:supported,0,reporter
SCC_2000-2026,SCC_2025scc26,XC-G218128,ours_only_origin_ca|pubca:supported,0,reporter
SCC_2000-2026,SCC_2025scc26,XC-G218175,ours_only_origin_ca|pubca:supported,0,reporter
SCC_2000-2026,SCC_2025scc26,XC-G220545,ours_only_origin_undetermined|pubca:supported,0,reporter
SCC_2000-2026,SCC_2025scc26,XC-G220724,ours_only_origin_ca|pubca:supported,0,reporter
SCC_2000-2026,SCC_2025scc26,XC-G233223,ours_only_origin_ca|pubca:supported,0,reporter
SCC_2000-2026,SCC_2025scc26,XC-G233224,ours_only_origin_ca|pubca:supported,0,reporter
SCC_2000-2026,SCC_2025scc26,XC-G234635,ours_only_origin_ca|pubca:supported,0,reporter
SCC_2000-2026,SCC_2025scc26,XC-G235421,ours_only_origin_ca|pubca:supported,0,reporter
SCC_2000-2026,SCC_2008scc32,2007qcca363,both_loose,1,Chambre immobilière du Grand Montréal c. Association des courtiers et agents immobiliers du Québec <-> chambre immobili re du grand montr al v association des courtiers et agents immobiliers du qu bec
SCC_2000-2026,SCC_2008scc32,2003scc19,both_strong,1,Dr. Q. v. College of Physicians and Surgeons of British Columbia <-> dr q v college of physicians and surgeons of british columbia
SCC_2000-2026,SCC_2008scc32,2008scc9,both_strong,1,Dunsmuir v. New Brunswick <-> dunsmuir v new brunswick
SCC_2000-2026,SCC_2008scc32,2003scc20,both_strong,1,Law Society of New Brunswick v. Ryan <-> law society of new brunswick v ryan
SCC_2000-2026,SCC_2008scc32,2002scc11,both_strong,1,Moreau-Bérubé v. New Brunswick (Judicial Council) <-> moreau b rub v new brunswick judicial council
SCC_2000-2026,SCC_2008scc32,1991canlii26,both_strong,1,Pearlman v. Manitoba Law Society Judicial Committee <-> pearlman v manitoba law society judicial committee
SCC_2000-2026,SCC_2008scc32,2003canlii32934,both_loose,1,Pigeon c. Daigneault <-> pigeon v daigneault
SCC_2000-2026,SCC_2008scc32,2006qcca978,both_strong,1,Proprio Direct inc. c. Pigeon <-> 
SCC_2000-2026,SCC_2008scc32,1998canlii778,both_strong,1,Pushpanathan v. Canada (Minister of Citizenship and Immigration) <-> pushpanathan v canada minister of citizenship and immigration
SCC_2000-2026,SCC_2008scc32,XC-G153283,ours_only_origin_undetermined|pubnone:supported,0,reporter
SCC_2000-2026,SCC_2008scc32,XC-G170807,ours_only_origin_undetermined|pubca:supported,0,identifier
SCC_2000-2026,SCC_2008scc32,XC-G171027,ours_only_origin_undetermined|pubca:supported,0,reporter
SCC_2000-2026,SCC_2008scc32,XC-G172270,ours_only_origin_undetermined|pubca:supported,0,identifier
SCC_2000-2026,SCC_2008scc32,XC-G172530,ours_only_origin_undetermined|pubca:supported,0,reporter
SCC_2000-2026,SCC_2008scc32,XC-G172548,ours_only_origin_ca|pubca:supported,0,reporter
SCC_2000-2026,SCC_2020scc14,2018scc30,both_strong,1,Ewert v. Canada <-> ewert v canada
SCC_2000-2026,SCC_2020scc14,2013qcca944,both_strong,1,Laferrière c. R. <-> r v laferri re
SCC_2000-2026,SCC_2020scc14,1977canlii2,both_strong,1,Leary v. The Queen <-> leary v the queen
SCC_2000-2026,SCC_2020scc14,2018qccs1956,both_strong,1,Lemay c. R. <-> r v lemay
SCC_2000-2026,SCC_2020scc14,1980canlii13,both_strong,1,Pappajohn v. The Queen <-> pappajohn v the queen
SCC_2000-2026,SCC_2020scc14,2019qccq1328,both_strong,1,R. c. Edgar <-> r v edgar
SCC_2000-2026,SCC_2020scc14,2009skpc120,both_strong,1,R. v. A.D.B. <-> r v a d b
SCC_2000-2026,SCC_2020scc14,2013scc28,both_strong,1,R. v. A.D.H. <-> r v a d h
SCC_2000-2026,SCC_2020scc14,2017nspc77,both_strong,1,R. v. A.D.M. <-> r v a d m
SCC_2000-2026,SCC_2020scc14,2017nssc99,both_strong,1,R. v. A.M.Y. <-> r v a m y
SCC_2000-2026,SCC_2020scc14,2014nspc62,both_strong,1,R. v. Al Khatib <-> r v al khatib
SCC_2000-2026,SCC_2020scc14,2017scc27,both_strong,1,R. v. Antic <-> r v antic
SCC_2000-2026,SCC_2020scc14,2010onca236,both_strong,1,R. v. Badgerow <-> r v badgerow
SCC_2000-2026,SCC_2020scc14,2008bcpc245,both_strong,1,R. v. Bingley <-> r v bingley
SCC_2000-2026,SCC_2020scc14,2019oncj198,both_strong,1,R. v. Birtchnell <-> r v birtchnell
SCC_2000-2026,SCC_2020scc14,2006abpc93,both_strong,1,R. v. Bremmer <-> contra r v bremmer
SCC_2000-2026,SCC_2020scc14,2010scc13,both_strong,1,R. v. Briscoe <-> r v briscoe
SCC_2000-2026,SCC_2020scc14,2008abpc128,both_strong,1,R. v. Brown <-> r v brown
SCC_2000-2026,SCC_2020scc14,2012nspc64,both_strong,1,R. v. Brown <-> r v brown
SCC_2000-2026,SCC_2020scc14,2010abca171,both_strong,1,R. v. Burdon <-> r v burdon
SCC_2000-2026,SCC_2020scc14,2006mbqb250,both_strong,1,R. v. Chen <-> r v chen
SCC_2000-2026,SCC_2020scc14,2014nbqb259,both_strong,1,R. v. Colin Howe <-> r v howe
SCC_2000-2026,SCC_2020scc14,2004abqb621,both_strong,1,R. v. Coombs <-> r v coombs
SCC_2000-2026,SCC_2020scc14,1993canlii61,both_strong,1,R. v. Creighton <-> r v creighton
SCC_2000-2026,SCC_2020scc14,2005mbca23,both_strong,1,R. v. Custance <-> r v custance
SCC_2000-2026,SCC_2020scc14,1999skqb262,both_strong,1,R. v. D. (J.A.) <-> r v j a d
SCC_2000-2026,SCC_2020scc14,2015mbqb32,both_strong,1,R. v. Delacruz <-> r v delacruz
SCC_2000-2026,SCC_2020scc14,2015nspc49,both_strong,1,R. v. Denny <-> r v denny
SCC_2000-2026,SCC_2020scc14,1989canlii45,both_strong,1,R. v. Docherty <-> r v docherty
SCC_2000-2026,SCC_2020scc14,2013nssc328,both_strong,1,R. v. Doncaster <-> r v doncaster
SCC_2000-2026,SCC_2020scc14,2007abpc81,both_strong,1,R. v. Eby <-> r v eby
SCC_2000-2026,SCC_2020scc14,2019bcca164,both_strong,1,R. v. Goddard <-> r v goddard
SCC_2000-2026,SCC_2020scc14,2014bcca80,both_strong,1,R. v. Goleski <-> r v goleski
SCC_2000-2026,SCC_2020scc14,2015scc6,both_strong,1,R. v. Goleski <-> r v goleski
SCC_2000-2026,SCC_2020scc14,1993canlii17035,both_weak,1,R. v. Grey <-> r v grey
SCC_2000-2026,SCC_2020scc14,2005scc47,both_strong,1,R. v. Hamilton <-> r v hamilton
SCC_2000-2026,SCC_2020scc14,2012abqb110,both_strong,1,R. v. Hammoud <-> e g r v hammoud
SCC_2000-2026,SCC_2020scc14,1988canlii84,both_strong,1,R. v. Holmes <-> r v holmes
SCC_2000-2026,SCC_2020scc14,1993canlii120,both_strong,1,R. v. Hundal <-> r v hundal
SCC_2000-2026,SCC_2020scc14,1994canlii9157,both_weak,1,R. v. Hutchinson <-> r v hutchinson
SCC_2000-2026,SCC_2020scc14,2010nucj7,both_strong,1,R. v. Josephie <-> r v josephie
SCC_2000-2026,SCC_2020scc14,2014oncj566,both_strong,1,R. v. K.(R.) <-> r v k r
SCC_2000-2026,SCC_2020scc14,1998canlii13344,both_strong,1,R. v. K. (S.) <-> r v s k
SCC_2000-2026,SCC_2020scc14,2004canlii2897,both_strong,1,R. v. L.T.W. <-> r v l t w
SCC_2000-2026,SCC_2020scc14,2015scc64,both_strong,1,R. v. Lacasse <-> r v lacasse
SCC_2000-2026,SCC_2020scc14,1995canlii1551,both_weak,1,R. v. Legere <-> r v legere
SCC_2000-2026,SCC_2020scc14,2016abpc197,both_strong,1,R. v. Lofstrom <-> r v lofstrom
SCC_2000-2026,SCC_2020scc14,2011abqb545,both_strong,1,R. v. Loutitt <-> r v loutitt
SCC_2000-2026,SCC_2020scc14,1999bcca365,both_strong,1,R. v.  Ludlow <-> r v ludlow
SCC_2000-2026,SCC_2020scc14,2014onsc7123,both_strong,1,R. v. McCormack <-> r v mccormack
SCC_2000-2026,SCC_2020scc14,2010abqb770,both_strong,1,R. v. McDonald <-> r v mcdonald
SCC_2000-2026,SCC_2020scc14,2016bcca129,both_strong,1,R. v. Mehan <-> r v mehan
SCC_2000-2026,SCC_2020scc14,1992canlii53,both_strong,1,R. v. Morales <-> r v morales
SCC_2000-2026,SCC_2020scc14,2013onca223,both_strong,1,R. v. Morris <-> r v morris
SCC_2000-2026,SCC_2020scc14,1992canlii2839,both_weak,1,R. v. Moser <-> r v moser
SCC_2000-2026,SCC_2020scc14,2003yktc26,both_strong,1,R. v. Mullin <-> r v mullin
SCC_2000-2026,SCC_2020scc14,2017yksc34,both_strong,1,R. v. Murphy <-> r v murphy
SCC_2000-2026,SCC_2020scc14,2019scc18,both_strong,1,R. v. Myers <-> r v myers
SCC_2000-2026,SCC_2020scc14,1993canlii64,both_strong,1,R. v. Naglik <-> r v naglik
SCC_2000-2026,SCC_2020scc14,2018ykca12,both_strong,1,R. v. Nowazek <-> r v nowazek
SCC_2000-2026,SCC_2020scc14,1986canlii46,both_strong,1,R. v. Oakes <-> r v oakes
SCC_2000-2026,SCC_2020scc14,2017scc17,both_strong,1,R. v. Oland <-> r v oland
SCC_2000-2026,SCC_2020scc14,2013abpc328,both_strong,1,R. v. Omeasoo <-> r v omeasoo
SCC_2000-2026,SCC_2020scc14,2006nspc52,both_strong,1,R. v. Osmond <-> r v osmond
SCC_2000-2026,SCC_2020scc14,2014onsc5597,both_strong,1,R. v. Pammett <-> r v pammett
SCC_2000-2026,SCC_2020scc14,1997canlii14679,both_weak,1,R. v. Parsons <-> r v parsons
SCC_2000-2026,SCC_2020scc14,1992canlii52,both_strong,1,R. v. Pearson <-> r v pearson
SCC_2000-2026,SCC_2020scc14,2019scc39,both_strong,1,R. v. Penunsi <-> r v penunsi
SCC_2000-2026,SCC_2020scc14,2010abqb563,both_strong,1,R. v. Prychitko <-> r v prychitko
SCC_2000-2026,SCC_2020scc14,2016abpc27,both_strong,1,R. v. Qadir <-> r v qadir
SCC_2000-2026,SCC_2020scc14,1999canlii13903,Q_not_found,0,
SCC_2000-2026,SCC_2020scc14,2007abca395,both_strong,1,R. v. Ritter <-> e g r v ritter
SCC_2000-2026,SCC_2020scc14,1978canlii11,both_strong,1,R. v. Sault Ste. Marie <-> r v city of sault ste marie
SCC_2000-2026,SCC_2020scc14,2016yktc69,both_strong,1,R. v. Schab <-> r v schab
SCC_2000-2026,SCC_2020scc14,2014scc15,both_strong,1,R. v. Sekhon <-> r v sekhon
SCC_2000-2026,SCC_2020scc14,1996canlii201,both_strong,1,R. v. Seymour <-> r v seymour
SCC_2000-2026,SCC_2020scc14,2006scc44,both_strong,1,R. v. Shoker <-> r v shoker
SCC_2000-2026,SCC_2020scc14,2018onsc5336,both_strong,1,R. v. Singh <-> r v singh
SCC_2000-2026,SCC_2020scc14,2008onca101,both_strong,1,R. v. Smith <-> r v smith
SCC_2000-2026,SCC_2020scc14,2015scc27,both_strong,1,R. v. St-Cloud <-> r v st cloud
SCC_2000-2026,SCC_2020scc14,2015oncj73,both_strong,1,R. v. Syblis <-> r v syblis
SCC_2000-2026,SCC_2020scc14,2011bcpc155,both_strong,1,R. v. T.J.J. <-> r v t j j
SCC_2000-2026,SCC_2020scc14,2018onsc961,both_strong,1,R. v. Tunney <-> r v tunney
SCC_2000-2026,SCC_2020scc14,2013onsc7413,both_strong,1,R. v. Withworth <-> r v withworth
SCC_2000-2026,SCC_2020scc14,2019bcca9,both_strong,1,R. v. Zora <-> 
SCC_2000-2026,SCC_2020scc14,2019canlii119787,both_strong,1,R. v Companion <-> r v companion
SCC_2000-2026,SCC_2020scc14,2018canlii38297,both_strong,1,R. v Foote <-> r v foote
SCC_2000-2026,SCC_2020scc14,2015onsc2040,both_strong,1,R. v John <-> r v john
SCC_2000-2026,SCC_2020scc14,2017bcsc2070,both_strong,1,R. v Zora <-> 
SCC_2000-2026,SCC_2020scc14,1979canlii1927,Q_not_found,0,
SCC_2000-2026,SCC_2020scc14,1976canlii1456,Q_not_found,0,
SCC_2000-2026,SCC_2020scc14,1998canlii837,both_strong,1,Rizzo & Rizzo Shoes Ltd. (Re) <-> rizzo and rizzo shoes ltd re
SCC_2000-2026,SCC_2020scc14,2005nwttc11,both_strong,1,R v Nedlin <-> r v nedlin
SCC_2000-2026,SCC_2020scc14,2018abpc208,both_strong,1,R v Rowan <-> r v rowan
SCC_2000-2026,SCC_2020scc14,2015skca74,both_strong,1,R v Sabados <-> r v sabados
SCC_2000-2026,SCC_2020scc14,2002nwtsc15,both_strong,1,R v Selamio <-> r v selamio
SCC_2000-2026,SCC_2020scc14,2019skqb299,both_strong,1,R v Tithi <-> r v tithi
SCC_2000-2026,SCC_2020scc14,1985canlii79,both_strong,1,Sansregret v. The Queen <-> sansregret v the queen
SCC_2000-2026,SCC_2020scc14,XC-G017804,ours_only_origin_undetermined|pubnone:supported,0,reporter
SCC_2000-2026,SCC_2020scc14,XC-G024295,ours_only_origin_undetermined|pubca:heuristic_only,0,reporter
SCC_2000-2026,SCC_2020scc14,XC-G156045,ours_only_origin_ca|pubca:supported,0,reporter
SCC_2000-2026,SCC_2020scc14,XC-G167092,ours_only_origin_undetermined|pubnone:supported,0,reporter
SCC_2000-2026,SCC_2020scc14,XC-G169522,ours_only_origin_undetermined|pubca:supported,0,reporter
SCC_2000-2026,SCC_2020scc14,XC-G176300,ours_only_origin_undetermined|pubca:supported,0,neutral|reporter
SCC_2000-2026,SCC_2020scc14,XC-G176508,ours_only_origin_undetermined|pubnone:supported,0,reporter
SCC_2000-2026,SCC_2020scc14,XC-G178464,ours_only_origin_undetermined|pubca:supported,0,neutral|reporter
SCC_2000-2026,SCC_2020scc14,XC-G180163,ours_only_origin_undetermined|pubnone:supported,0,reporter
SCC_2000-2026,SCC_2020scc14,XC-G180170,ours_only_origin_undetermined|pubnone:supported,0,reporter
SCC_2000-2026,SCC_2020scc14,XC-G180188,ours_only_origin_undetermined|pubnone:supported,0,reporter
SCC_2000-2026,SCC_2020scc14,XC-G180258,ours_only_origin_undetermined|pubca:supported,0,reporter
SCC_2000-2026,SCC_2020scc14,XC-G180311,ours_only_origin_undetermined|pubca:supported,0,identifier
SCC_2000-2026,SCC_2020scc14,XC-G180760,ours_only_origin_undetermined|pubnone:supported,0,reporter
SCC_2000-2026,SCC_2020scc14,XC-G181338,ours_only_origin_undetermined|pubnone:supported,0,reporter
SCC_2000-2026,SCC_2020scc14,XC-G181339,ours_only_origin_undetermined|pubnone:supported,0,reporter
SCC_2000-2026,SCC_2020scc14,XC-G181431,ours_only_origin_undetermined|pubca:supported,0,reporter
SCC_2000-2026,SCC_2020scc14,XC-G181483,ours_only_origin_undetermined|pubca:supported,0,identifier
SCC_2000-2026,SCC_2020scc14,XC-G187623,ours_only_origin_undetermined|pubca:supported,0,reporter
SCC_2000-2026,SCC_2020scc14,XC-G189460,ours_only_origin_undetermined|pubca:supported,0,reporter
SCC_2000-2026,SCC_2020scc14,XC-G194422,ours_only_origin_ca|pubca:supported,0,reporter
SCC_2000-2026,SCC_2020scc14,XC-G195413,ours_only_origin_ca|pubca:supported,0,reporter
SCC_2000-2026,SCC_2020scc14,XC-G199830,ours_only_origin_ca|pubca:supported,0,reporter
SCC_2000-2026,SCC_2020scc14,XC-G201963,ours_only_origin_undetermined|pubca:supported,0,reporter
SCC_2000-2026,SCC_2020scc14,XC-G202793,ours_only_origin_ca|pubca:supported,0,reporter
SCC_2000-2026,SCC_2020scc14,XC-G204048,ours_only_origin_undetermined|pubca:supported,0,reporter
SCC_2000-2026,SCC_2020scc14,XC-G209765,ours_only_origin_undetermined|pubca:supported,0,reporter
SCC_2000-2026,SCC_2020scc14,XC-G209801,ours_only_origin_ca|pubca:supported,0,reporter
SCC_2000-2026,SCC_2020scc14,XC-G210502,ours_only_origin_ca|pubca:supported,0,reporter
SCC_2000-2026,SCC_2020scc14,XC-G211094,ours_only_origin_ca|pubca:supported,0,reporter
SCC_2000-2026,SCC_2020scc14,XC-G211218,ours_only_origin_undetermined|pubca:supported,0,reporter
SCC_2000-2026,SCC_2020scc14,XC-G211290,ours_only_origin_undetermined|pubca:supported,0,reporter
SCC_2000-2026,SCC_2020scc14,XC-G211636,ours_only_origin_ca|pubca:supported,0,reporter
SCC_2000-2026,SCC_2020scc14,XC-G212213,ours_only_origin_ca|pubca:supported,0,reporter
SCC_2000-2026,SCC_2020scc14,XC-G212653,ours_only_origin_ca|pubca:supported,0,reporter
SCC_2000-2026,SCC_2020scc14,XC-G212955,ours_only_origin_undetermined|pubca:supported,0,reporter
SCC_2000-2026,SCC_2020scc14,XC-G213239,ours_only_origin_ca|pubca:supported,0,reporter
SCC_2000-2026,SCC_2020scc14,XC-G213271,ours_only_origin_ca|pubca:supported,0,reporter
SCC_2000-2026,SCC_2020scc14,XC-G213311,ours_only_origin_ca|pubca:supported,0,reporter
SCC_2000-2026,SCC_2020scc14,XC-G213664,ours_only_origin_ca|pubca:supported,0,reporter
SCC_2000-2026,SCC_2020scc14,XC-G213789,ours_only_origin_ca|pubca:supported,0,reporter
SCC_2000-2026,SCC_2020scc14,XC-G214213,ours_only_origin_undetermined|pubca:supported,0,reporter
SCC_2000-2026,SCC_2020scc14,XC-G214745,ours_only_origin_ca|pubca:supported,0,reporter
SCC_2000-2026,SCC_2020scc14,XC-G218096,ours_only_origin_ca|pubca:supported,0,reporter
SCC_2000-2026,SCC_2020scc14,XC-G218509,ours_only_origin_ca|pubca:supported,0,reporter
SCC_2000-2026,SCC_2020scc14,XC-G218966,ours_only_origin_ca|pubca:supported,0,reporter
SCC_2000-2026,SCC_2020scc14,XC-G219124,ours_only_origin_undetermined|pubca:supported,0,reporter
SCC_2000-2026,SCC_2020scc14,XC-G220417,ours_only_origin_ca|pubca:supported,0,reporter
SCC_2000-2026,SCC_2020scc14,XC-G223202,ours_only_origin_ca|pubca:supported,0,reporter
SCC_2000-2026,SCC_2020scc14,XC-G223413,ours_only_origin_ca|pubca:supported,0,reporter
SCC_2000-2026,SCC_2020scc14,XC-G223546,ours_only_origin_undetermined|pubca:supported,0,reporter
SCC_2000-2026,SCC_2020scc14,XC-G225010,ours_only_origin_undetermined|pubca:supported,0,reporter
SCC_2000-2026,SCC_2020scc14,XC-G226835,ours_only_origin_ca|pubca:supported,0,reporter
SCC_2000-2026,SCC_2020scc14,XC-G230676,ours_only_origin_ca|pubca:supported,0,reporter
SCC_2000-2026,SCC_2020scc14,XC-G235021,ours_only_origin_ca|pubca:supported,0,reporter
SCC_2000-2026,SCC_2000scc13,1996canlii153,both_strong,1,2747-3174 Québec Inc. v. Quebec (Régie des permis d'alcool) <-> 2747 3174 qu bec inc v quebec r gie des permis d alcool
SCC_2000-2026,SCC_2000scc13,1907canlii1,both_weak,1,City of Hamilton v. Hamilton Distillery Co. <-> city of hamilton v hamilton distillery co
SCC_2000-2026,SCC_2000scc13,1997canlii335,both_strong,1,Godbout v. Longueuil (City) <-> godbout v longueuil city
SCC_2000-2026,SCC_2000scc13,1999canlii648,both_strong,1,M & D Farm Ltd. v. Manitoba Agricultural Credit Corp. <-> m and d farm ltd v manitoba agricultural credit corp
SCC_2000-2026,SCC_2000scc13,1998canlii6119,Q_first_word_only,0,
SCC_2000-2026,SCC_2000scc13,1998canlii778,both_strong,1,Pushpanathan v. Canada (Minister of Citizenship and Immigration) <-> pushpanathan v canada minister of citizenship and immigration
SCC_2000-2026,SCC_2000scc13,1993canlii166,both_strong,1,R. v. Greenbaum <-> r v greenbaum
SCC_2000-2026,SCC_2000scc13,1993canlii165,both_strong,1,R. v. Sharma <-> r v sharma
SCC_2000-2026,SCC_2000scc13,1998canlii837,both_strong,1,Rizzo & Rizzo Shoes Ltd. (Re) <-> rizzo and rizzo shoes ltd re
SCC_2000-2026,SCC_2000scc13,1994canlii115,both_strong,1,Shell Canada Products Ltd. v. Vancouver (City) <-> shell canada products ltd v vancouver city
SCC_2000-2026,SCC_2000scc13,1988canlii30,both_strong,1,"U.E.S., Local 298 v. Bibeault <-> u e s local 298 v bibeault"
SCC_2000-2026,SCC_2000scc13,XC-G133608,ours_only_origin_undetermined|pubforeign:supported,0,reporter
SCC_2000-2026,SCC_2000scc13,XC-G166644,ours_only_origin_undetermined|pubca:supported,0,reporter
SCC_2000-2026,SCC_2000scc13,XC-G166771,ours_only_origin_undetermined|pubca:supported,0,reporter
SCC_2000-2026,SCC_2000scc13,XC-G184623,ours_only_origin_undetermined|pubca:supported,0,reporter
SCC_2000-2026,SCC_2000scc13,XC-G192338,ours_only_origin_ca|pubca:supported,0,reporter
SCC_2000-2026,SCC_2000scc13,XC-G193562,ours_only_origin_undetermined|pubca:supported,0,reporter
SCC_2000-2026,SCC_2000scc13,XC-G220284,ours_only_origin_undetermined|pubca:supported,0,reporter
SCC_2000-2026,SCC_2000scc13,XC-G222261,ours_only_origin_undetermined|pubnone:supported,0,reporter
SCC_2000-2026,SCC_2000scc13,XC-G226172,ours_only_origin_undetermined|pubnone:supported,0,reporter
SCC_2000-2026,SCC_2009scc43,1983canlii22,both_strong,1,Abel Skiver Farm Corp. v. Town of Sainte-Foy <-> abel skiver farm corp v town of sainte foy
SCC_2000-2026,SCC_2009scc43,1989canlii95,both_strong,1,Air Canada v. British Columbia <-> air canada v british columbia
SCC_2000-2026,SCC_2009scc43,1991canlii3579,both_loose,1,Berdah c. Nolisair international inc. <-> berdah v nolisair international inc
SCC_2000-2026,SCC_2009scc43,2006scc19,both_strong,1,Bisaillon v. Concordia University <-> bisaillon v concordia university
SCC_2000-2026,SCC_2009scc43,2006qcca1342,both_strong,1,Bouchard c. Agropur Coopérative <-> bouchard v agropur coop rative
SCC_2000-2026,SCC_2009scc43,1997canlii10085,both_loose,1,Boutique Linen Chest (phase II) inc. c. Wise <-> boutique linen chest phase ii inc v wise
SCC_2000-2026,SCC_2009scc43,2009scc44,both_strong,1,Breslaw v. Montreal (City) <-> breslaw v montreal city
SCC_2000-2026,SCC_2009scc43,2008qccs2231,both_strong,1,Brito c. Pfizer Canada inc. <-> brito v pfizer canada inc
SCC_2000-2026,SCC_2009scc43,1982canlii2094,both_loose,1,"Butler et al v. Regional Assessment Commissioner, Assessment Region No. 9 <-> butler v regional assessment commissioner assessment region no 9"
SCC_2000-2026,SCC_2009scc43,2007scc10,both_strong,1,Canada (Attorney General) v. Hislop <-> canada attorney general v hislop
SCC_2000-2026,SCC_2009scc43,2007qccs2427,both_strong,1,Canada (Procureur général) c. Malcolm Média inc. (Expour 2000) <-> canada procureur g n ral v malcolm m dia inc expour 2000
SCC_2000-2026,SCC_2009scc43,1990canlii2903,both_loose,1,Château c. Placements Germarich inc. <-> ch teau v placements germarich inc
SCC_2000-2026,SCC_2009scc43,1990canlii3338,both_loose,1,Comité d'environnement de la Baie inc. c. Société d'électrolyse et de chimie Alcan ltée <-> comit d environnement de la baie inc v soci t d lectrolyse et de chimie alcan lt e
SCC_2000-2026,SCC_2009scc43,1981canlii19,both_strong,1,Comité Régional des Usagers v. Q.U.C.T.C. <-> comit r gional des usagers des transports en commun de qu bec v quebec urban community transit commission
SCC_2000-2026,SCC_2009scc43,1936canlii48,both_strong,1,Corporation du Village de Deschênes v. Loveys <-> corporation du village de desch nes v loveys
SCC_2000-2026,SCC_2009scc43,2007scc34,both_strong,1,Dell Computer Corp. v. Union des consommateurs <-> dell computer corp v union des consommateurs
SCC_2000-2026,SCC_2009scc43,1997canlii315,both_strong,1,Doré v. Verdun (City) <-> dor v verdun city
SCC_2000-2026,SCC_2009scc43,1985canlii2964,Q_not_found,0,
SCC_2000-2026,SCC_2009scc43,1988canlii251,both_loose,1,Gravel c. La Plaine (Paroisse) <-> gravel v corporation municipale de la paroisse de la plaine
SCC_2000-2026,SCC_2009scc43,1996canlii175,both_strong,1,Guimond v. Quebec (Attorney General) <-> guimond v quebec attorney general
SCC_2000-2026,SCC_2009scc43,2008qcca380,both_strong,1,Harmegnies c. Toyota Canada inc. <-> harmegnies v toyota canada inc
SCC_2000-2026,SCC_2009scc43,2001scc68,both_strong,1,Hollick v. Toronto (City) <-> hollick v toronto city
SCC_2000-2026,SCC_2009scc43,1991canlii82,both_strong,1,Immeubles Port Louis Ltée v. Lafontaine (Village) <-> immeubles port louis lt e v lafontaine village
SCC_2000-2026,SCC_2009scc43,2007scc1,both_strong,1,Kingstreet Investments Ltd. v. New Brunswick (Finance) <-> kingstreet investments ltd v new brunswick finance
SCC_2000-2026,SCC_2009scc43,2001scc51,both_strong,1,Lac d'Amiante du Québec Ltée v. 2858-0702 Québec Inc. <-> lac d amiante du qu bec lt e v 2858 0702 qu bec inc
SCC_2000-2026,SCC_2009scc43,2007qcca920,both_strong,1,Lallier c. Volkswagen Canada inc. <-> lallier v volkswagen canada inc
SCC_2000-2026,SCC_2009scc43,1988canlii268,both_loose,1,Lasalle c. Kaplan <-> lasalle v kaplan
SCC_2000-2026,SCC_2009scc43,2007qcca866,both_strong,1,Marcotte c. Longueuil (Ville de) <-> marcotte v longueuil city
SCC_2000-2026,SCC_2009scc43,2006qccs6516,both_strong,1,Marcotte c. Longueuil (Ville de) <-> 
SCC_2000-2026,SCC_2009scc43,1981canlii189,both_strong,1,Nault v. Canadian Consumer Co. Ltd. <-> nault v canadian consumer co ltd
SCC_2000-2026,SCC_2009scc43,2008qccs2781,both_strong,1,"Option Consommateurs c. Infineon Technologies, a.g. <-> option consommateurs v infineon technologies ag"
SCC_2000-2026,SCC_2009scc43,2005qcca437,both_strong,1,Pharmascience inc. v. Option Consommateurs <-> pharmascience inc v option consommateurs
SCC_2000-2026,SCC_2009scc43,2002canlii37029,both_loose,1,Québec (Sous-ministre du Revenu) c. D. (B.) <-> qu bec sous ministre du revenu v b d
SCC_2000-2026,SCC_2009scc43,2007qccs3990,both_strong,1,"Quesnel c. KPMG, s.r.l. <-> quesnel v kpmg s r l"
SCC_2000-2026,SCC_2009scc43,1915canlii593,both_weak,1,Robertson v. City of Montreal <-> robertson v city of montreal
SCC_2000-2026,SCC_2009scc43,2006qccs2663,both_strong,1,"Roy c. Boivin Carrier, s.e.n.c. (Boivin O'Neil, s.e.n.c.) <-> roy v boivin carrier"
SCC_2000-2026,SCC_2009scc43,2001scc69,both_strong,1,Rumley v. British Columbia <-> rumley v british columbia
SCC_2000-2026,SCC_2009scc43,1992canlii3662,both_loose,1,Thompson c. Masson <-> thompson v masson
SCC_2000-2026,SCC_2009scc43,2006bcsc639,both_strong,1,Totol Vision Enterprises Inc. v. 689720 B.C. Ltd. et al <-> totol vision enterprises inc v 689720 b c ltd
SCC_2000-2026,SCC_2009scc43,1990canlii2808,both_loose,1,Tremaine c. A.H. Robins Canada Inc. <-> tremaine v a h robins canada inc
SCC_2000-2026,SCC_2009scc43,2007qcca867,both_strong,1,Usinage Pouliot inc. c. Longueuil (Ville de) <-> 
SCC_2000-2026,SCC_2009scc43,2006qccs6517,both_strong,1,Usinage Pouliot inc. c. Longueuil (Ville de) <-> 
SCC_2000-2026,SCC_2009scc43,2001scc46,both_strong,1,Western Canadian Shopping Centres Inc. v. Dutton <-> western canadian shopping centres inc v dutton
SCC_2000-2026,SCC_2009scc43,1977canlii1110,both_loose,1,York Condominium Corp. No. 148 v. Singular Investments Ltd. <-> see for example york condominium corp no 148 v singular investments ltd
SCC_2000-2026,SCC_2009scc43,XC-G152075,ours_only_origin_undetermined|pubca:supported,0,reporter
SCC_2000-2026,SCC_2009scc43,XC-G156548,ours_only_origin_undetermined|pubnone:supported,0,reporter
SCC_2000-2026,SCC_2009scc43,XC-G157852,ours_only_origin_undetermined|pubca:supported,0,reporter
SCC_2000-2026,SCC_2009scc43,XC-G159515,ours_only_origin_undetermined|pubca:supported,0,reporter
SCC_2000-2026,SCC_2009scc43,XC-G160045,ours_only_origin_ca|pubca:supported,0,reporter
SCC_2000-2026,SCC_2009scc43,XC-G160643,ours_only_origin_ca|pubca:supported,0,reporter
SCC_2000-2026,SCC_2009scc43,XC-G166676,ours_only_origin_undetermined|pubnone:supported,0,reporter
SCC_2000-2026,SCC_2009scc43,XC-G168089,ours_only_origin_undetermined|pubca:supported,0,reporter
SCC_2000-2026,SCC_2009scc43,XC-G169129,ours_only_origin_foreign|pubforeign:supported,0,neutral|reporter
SCC_2000-2026,SCC_2009scc43,XC-G169162,ours_only_origin_undetermined|pubforeign:supported,0,reporter
SCC_2000-2026,SCC_2009scc43,XC-G169404,ours_only_origin_foreign|pubforeign:supported,0,neutral
SCC_2000-2026,SCC_2009scc43,XC-G169461,ours_only_origin_undetermined|pubca:supported,0,reporter
SCC_2000-2026,SCC_2009scc43,XC-G170084,ours_only_origin_foreign|pubforeign:supported,0,neutral
SCC_2000-2026,SCC_2009scc43,XC-G170444,ours_only_origin_undetermined|pubforeign:supported,0,reporter
SCC_2000-2026,SCC_2009scc43,XC-G170496,ours_only_origin_undetermined|pubforeign:supported,0,reporter
SCC_2000-2026,SCC_2009scc43,XC-G170823,ours_only_origin_foreign|pubforeign:supported,0,neutral
SCC_2000-2026,SCC_2009scc43,XC-G171217,ours_only_origin_undetermined|pubnone:supported,0,reporter
SCC_2000-2026,SCC_2009scc43,XC-G172265,ours_only_origin_undetermined|pubca:supported,0,identifier
SCC_2000-2026,SCC_2009scc43,XC-G172266,ours_only_origin_undetermined|pubca:supported,0,identifier
SCC_2000-2026,SCC_2009scc43,XC-G172297,ours_only_origin_foreign|pubforeign:supported,0,neutral
SCC_2000-2026,SCC_2009scc43,XC-G172359,ours_only_origin_undetermined|pubca:supported,0,reporter
SCC_2000-2026,SCC_2009scc43,XC-G172360,ours_only_origin_undetermined|pubca:supported,0,reporter
SCC_2000-2026,SCC_2009scc43,XC-G172615,ours_only_origin_undetermined|pubforeign:supported,0,reporter
SCC_2000-2026,SCC_2009scc43,XC-G173034,ours_only_origin_undetermined|pubca:supported,0,identifier
SCC_2000-2026,SCC_2009scc43,XC-G173119,ours_only_origin_undetermined|pubca:supported,0,reporter
SCC_2000-2026,SCC_2009scc43,XC-G173120,ours_only_origin_undetermined|pubca:supported,0,reporter
SCC_2000-2026,SCC_2009scc43,XC-G174310,ours_only_origin_undetermined|pubnone:supported,0,reporter
SCC_2000-2026,SCC_2009scc43,XC-G205980,ours_only_origin_undetermined|pubnone:supported,0,reporter
SCC_2000-2026,SCC_2005scc69,1996canlii183,both_strong,1,Athey v. Leonati <-> athey v leonati
SCC_2000-2026,SCC_2005scc69,1997canlii302,both_strong,1,Delgamuukw v. British Columbia <-> delgamuukw v british columbia
SCC_2000-2026,SCC_2005scc69,2004scc73,both_strong,1,Haida Nation v. British Columbia (Minister of Forests) <-> haida nation v british columbia minister of forests
SCC_2000-2026,SCC_2005scc69,1999bcca470,both_strong,1,Halfway  River First Nation v. British Columbia (Ministry of Forests) <-> halfway river first nation v british columbia ministry of forests
SCC_2000-2026,SCC_2005scc69,1907canlii38,both_weak,1,Lamb v. Kincaid <-> lamb v kincaid
SCC_2000-2026,SCC_2005scc69,1992canlii57,both_strong,1,McInerney v. MacDonald <-> mcinerney v macdonald
SCC_2000-2026,SCC_2005scc69,2001fct1426,both_strong,1,Mikisew Cree First Nation v. Canada (Minister of Canadian Heritage) <-> 
SCC_2000-2026,SCC_2005scc69,2004fca66,both_strong,2,Mikisew Cree First Nation v. Canada (Minister of Canadian Heritage) (F.C.A.) <-> 
SCC_2000-2026,SCC_2005scc69,2002scc19,both_strong,1,Performance Industries Ltd. v. Sylvan Lake Golf & Tennis Club Ltd. <-> performance industries ltd v sylvan lake golf and tennis club ltd
SCC_2000-2026,SCC_2005scc69,1895canlii112,both_loose,1,Province of Ontario v. The Dominion of Canada and Province of Quebec. In re Indian Claims <-> province of ontario v dominion of canada
SCC_2000-2026,SCC_2005scc69,1996canlii236,both_strong,1,R. v. Badger <-> r v badger
SCC_2000-2026,SCC_2005scc69,1999canlii665,both_strong,1,R. v. Marshall <-> r v marshall
SCC_2000-2026,SCC_2005scc69,2005scc43,both_strong,1,R. v. Marshall; R. v. Bernard <-> r v marshall
SCC_2000-2026,SCC_2005scc69,1993canlii158,both_strong,1,R. v. Morgentaler <-> r v morgentaler
SCC_2000-2026,SCC_2005scc69,1990canlii103,both_strong,1,R. v. Sioui <-> r v sioui
SCC_2000-2026,SCC_2005scc69,1935canlii140,both_weak,1,R. v. Smith <-> r v smith
SCC_2000-2026,SCC_2005scc69,1990canlii104,both_strong,1,R. v. Sparrow <-> r v sparrow
SCC_2000-2026,SCC_2005scc69,2004scc74,both_strong,1,Taku River Tlingit First Nation v. British Columbia (Project Assessment Director) <-> taku river tlingit first nation v british columbia project assessment director
SCC_2000-2026,SCC_2005scc69,2002scc79,both_strong,1,Wewaykum Indian Band v. Canada <-> wewaykum indian band v canada
SCC_2000-2026,SCC_2005scc69,XC-G168392,ours_only_origin_undetermined|pubca:supported,0,reporter
SCC_2000-2026,SCC_2005scc69,XC-G168743,ours_only_origin_undetermined|pubca:supported,0,reporter
SCC_2000-2026,SCC_2005scc69,XC-G169008,ours_only_origin_undetermined|pubca:supported,0,reporter
SCC_2000-2026,SCC_2005scc69,XC-G170389,ours_only_origin_ca|pubca:supported,0,reporter
SCC_2000-2026,SCC_2005scc69,XC-G170450,ours_only_origin_undetermined|pubca:supported,0,reporter
SCC_2000-2026,SCC_2005scc69,XC-G170853,ours_only_origin_undetermined|pubca:supported,0,reporter
SCC_2000-2026,SCC_2005scc69,XC-G188442,ours_only_origin_undetermined|pubnone:supported,0,reporter
SCC_2000-2026,SCC_2005scc69,XC-G194667,ours_only_origin_undetermined|pubnone:supported,0,reporter
SCC_2000-2026,SCC_2005scc69,XC-G195637,ours_only_origin_undetermined|pubnone:supported,0,reporter
SCC_2000-2026,SCC_2005scc69,XC-G209473,ours_only_origin_undetermined|pubnone:supported,0,reporter
SCC_2000-2026,SCC_2005scc69,XC-G210466,ours_only_origin_ca|pubca:supported,0,reporter
SCC_2000-2026,SCC_2005scc69,XC-G225073,ours_only_origin_undetermined|pubnone:supported,0,reporter
SCC_2000-2026,SCC_2014scc43,2013scc62,both_strong,1,"Alberta (Information and Privacy Commissioner) v. United Food and Commercial Workers, Local 401 <-> alberta information and privacy commissioner v united food and commercial workers local 401"
SCC_2000-2026,SCC_2014scc43,1997canlii358,both_strong,1,Dagg v. Canada (Minister of Finance) <-> dagg v canada minister of finance
SCC_2000-2026,SCC_2014scc43,1984canlii33,both_strong,1,Hunter et al. v. Southam Inc. <-> hunter v southam inc
SCC_2000-2026,SCC_2014scc43,1992canlii57,both_strong,1,McInerney v. MacDonald <-> mcinerney v macdonald
SCC_2000-2026,SCC_2014scc43,2008scc19,both_strong,1,R. v. A.M. <-> r v a m
SCC_2000-2026,SCC_2014scc43,2010scc13,both_strong,1,R. v. Briscoe <-> r v briscoe
SCC_2000-2026,SCC_2014scc43,2012scc53,both_strong,1,R. v. Cole <-> r v cole
SCC_2000-2026,SCC_2014scc43,1987canlii84,both_strong,1,R. v. Collins <-> r v collins
SCC_2000-2026,SCC_2014scc43,1990canlii150,both_strong,1,R. v. Duarte <-> r v duarte
SCC_2000-2026,SCC_2014scc43,1988canlii10,both_strong,1,R. v. Dyment <-> r v dyment
SCC_2000-2026,SCC_2014scc43,2010scc55,both_strong,1,R. v. Gomboc <-> r v gomboc
SCC_2000-2026,SCC_2014scc43,2009scc32,both_strong,1,R. v. Grant <-> r v grant
SCC_2000-2026,SCC_2014scc43,2006scc16,both_strong,1,R. v. Graveline <-> r v graveline
SCC_2000-2026,SCC_2014scc43,1995canlii85,both_strong,1,R. v. Jorgensen <-> r v jorgensen
SCC_2000-2026,SCC_2014scc43,2008scc18,both_strong,1,R. v. Kang-Brown <-> r v kang brown
SCC_2000-2026,SCC_2014scc43,2010bcsc1544,both_strong,1,R. v. McNeice <-> r v mcneice
SCC_2000-2026,SCC_2014scc43,2010scc8,both_strong,1,R. v. Morelli <-> r v morelli
SCC_2000-2026,SCC_2014scc43,2009scc17,both_strong,1,R. v. Patrick <-> r v patrick
SCC_2000-2026,SCC_2014scc43,1993canlii70,both_strong,1,R. v. Plant <-> r v plant
SCC_2000-2026,SCC_2014scc43,2009skqb341,both_strong,1,R. v. Spencer <-> 
SCC_2000-2026,SCC_2014scc43,2004scc67,both_strong,1,R. v. Tessling <-> r v tessling
SCC_2000-2026,SCC_2014scc43,2013scc60,both_strong,1,R. v. Vu <-> r v vu
SCC_2000-2026,SCC_2014scc43,2012onca660,both_strong,1,R. v. Ward <-> r v ward
SCC_2000-2026,SCC_2014scc43,1992canlii125,both_strong,1,R. v. Wise <-> r v wise
SCC_2000-2026,SCC_2014scc43,2011skca144,both_strong,1,R v  Spencer <-> 
SCC_2000-2026,SCC_2014scc43,2011skca143,both_strong,1,R v Trapp <-> r v trapp
SCC_2000-2026,SCC_2014scc43,1985canlii79,both_strong,1,Sansregret v. The Queen <-> sansregret v the queen
SCC_2000-2026,SCC_2014scc43,XC-G160933,ours_only_origin_undetermined|pubnone:supported,0,reporter
SCC_2000-2026,SCC_2014scc43,XC-G167868,ours_only_origin_undetermined|pubnone:supported,0,reporter
SCC_2000-2026,SCC_2014scc43,XC-G169152,ours_only_origin_undetermined|pubnone:supported,0,reporter
SCC_2000-2026,SCC_2014scc43,XC-G174208,ours_only_origin_undetermined|pubnone:supported,0,reporter
SCC_2000-2026,SCC_2014scc43,XC-G174654,ours_only_origin_undetermined|pubca:supported,0,identifier
SCC_2000-2026,SCC_2014scc43,XC-G174965,ours_only_origin_undetermined|pubforeign:supported,0,reporter
SCC_2000-2026,SCC_2014scc43,XC-G175846,ours_only_origin_undetermined|pubnone:supported,0,reporter
SCC_2000-2026,SCC_2014scc43,XC-G175885,ours_only_origin_undetermined|pubnone:supported,0,reporter
SCC_2000-2026,SCC_2014scc43,XC-G176150,ours_only_origin_undetermined|pubca:supported,0,identifier
SCC_2000-2026,SCC_2014scc43,XC-G176475,ours_only_origin_undetermined|pubforeign:supported,0,reporter
SCC_2000-2026,SCC_2014scc43,XC-G176591,ours_only_origin_undetermined|pubca:supported,0,reporter
SCC_2000-2026,SCC_2014scc43,XC-G185943,ours_only_origin_ca|pubca:supported,0,reporter
SCC_2000-2026,SCC_2014scc43,XC-G205428,ours_only_origin_ca|pubca:supported,0,reporter
SCC_2000-2026,SCC_2014scc43,XC-G213188,ours_only_origin_ca|pubca:supported,0,reporter
SCC_2000-2026,SCC_2014scc43,XC-G213797,ours_only_origin_ca|pubca:supported,0,reporter
SCC_2000-2026,SCC_2014scc43,XC-G213798,ours_only_origin_ca|pubca:supported,0,reporter
SCC_2000-2026,SCC_2014scc43,XC-G223208,ours_only_origin_undetermined|pubca:supported,0,reporter
SCC_2000-2026,SCC_2021scc29,2020nlca3,both_strong,1,Bailey v Temple <-> 
SCC_2000-2026,SCC_2021scc29,2000bcca291,both_strong,1,Bank of British Columbia Pension Plan v.  Kaiser <-> 
SCC_2000-2026,SCC_2021scc29,2017onca386,both_strong,1,Biancaniello v. DMCT LLP <-> biancaniello v dmct llp
SCC_2000-2026,SCC_2021scc29,1997canlii401,both_strong,1,Hill v. Nova Scotia (Attorney General) <-> hill v nova scotia attorney general
SCC_2000-2026,SCC_2021scc29,2011mbca80,both_strong,1,King v. Operating Engineers Training <-> king v operating engineers training institute of manitoba inc
SCC_2000-2026,SCC_2021scc29,2016scc37,both_strong,1,Ledcor Construction Ltd. v. Northbridge Indemnity Insurance Co. <-> ledcor construction ltd v northbridge indemnity insurance co
SCC_2000-2026,SCC_2021scc29,2020scc29,both_strong,2,"Owners, Strata Plan LMS 3905 v. Crystal Square Parking Corp. <-> owners strata plan lms 3905 v crystal square parking corp / owners strata plan lms 3905 v crystal square parking corp"
SCC_2000-2026,SCC_2021scc29,1997canlii11546,both_loose,1,Privest Properties Ltd. v. Foundation Company of Canada Limited <-> privest properties ltd v foundation co of canada
SCC_2000-2026,SCC_2021scc29,2019scc60,both_strong,1,Resolute FP Canada Inc. v. Ontario (Attorney General) <-> resolute fp canada inc v ontario attorney general
SCC_2000-2026,SCC_2021scc29,2014scc53,both_strong,1,Sattva Capital Corp. v. Creston Moly Corp. <-> sattva capital corp v creston moly corp
SCC_2000-2026,SCC_2021scc29,2018nlsc177,both_strong,1,Temple v. Bailey <-> 
SCC_2000-2026,SCC_2021scc29,2014bcca237,both_strong,1,"The Owners, Strata Plan BCS 327 v. IPEX Inc. <-> strata plan bcs 327 owners v ipex inc"
SCC_2000-2026,SCC_2021scc29,1984canlii3002,both_weak,1,White v. Central Trust Co. <-> white v central trust co
SCC_2000-2026,SCC_2021scc29,XC-G034874,ours_only_origin_foreign|pubforeign:supported,0,neutral|reporter
SCC_2000-2026,SCC_2021scc29,XC-G128981,ours_only_origin_undetermined|pubforeign:supported,0,reporter
SCC_2000-2026,SCC_2021scc29,XC-G129497,ours_only_origin_undetermined|pubforeign:supported,0,reporter
SCC_2000-2026,SCC_2021scc29,XC-G147435,ours_only_origin_undetermined|pubforeign:supported,0,reporter
SCC_2000-2026,SCC_2021scc29,XC-G168954,ours_only_origin_foreign|pubforeign:supported,0,neutral|reporter
SCC_2000-2026,SCC_2021scc29,XC-G180912,ours_only_origin_undetermined|pubca:supported,0,identifier
SCC_2000-2026,SCC_2021scc29,XC-G181038,ours_only_origin_undetermined|pubca:supported,0,reporter
SCC_2000-2026,SCC_2021scc29,XC-G182076,ours_only_origin_undetermined|pubca:supported,0,identifier
SCC_2000-2026,SCC_2021scc29,XC-G182201,ours_only_origin_undetermined|pubca:supported,0,reporter
SCC_2000-2026,SCC_2021scc29,XC-G182642,ours_only_origin_undetermined|pubnone:supported,0,reporter
SCC_2000-2026,SCC_2021scc29,XC-G189070,ours_only_origin_undetermined|pubca:supported,0,reporter
SCC_2000-2026,SCC_2021scc29,XC-G189140,ours_only_origin_ca|pubca:supported,0,reporter
SCC_2000-2026,SCC_2021scc29,XC-G191497,ours_only_origin_undetermined|pubforeign:supported,0,reporter
SCC_2000-2026,SCC_2021scc29,XC-G204726,ours_only_origin_ca|pubca:supported,0,reporter
SCC_2000-2026,SCC_2021scc29,XC-G212780,ours_only_origin_undetermined|pubca:supported,0,reporter
SCC_2000-2026,SCC_2021scc29,XC-G213944,ours_only_origin_undetermined|pubca:supported,0,reporter
SCC_2000-2026,SCC_2021scc29,XC-G218950,ours_only_origin_ca|pubca:supported,0,reporter
SCC_2000-2026,SCC_2021scc29,XC-G220517,ours_only_origin_undetermined|pubca:supported,0,reporter
SCC_2000-2026,SCC_2021scc29,XC-G224790,ours_only_origin_undetermined|pubca:supported,0,reporter
SCC_2000-2026,SCC_2022scc37,1995canlii52,both_strong,1,A. (L.L.) v. B. (A.) <-> a l l v b a
SCC_2000-2026,SCC_2022scc37,1999canlii699,both_strong,1,Baker v. Canada (Minister of Citizenship and Immigration) <-> baker v canada minister of citizenship and immigration
SCC_2000-2026,SCC_2022scc37,2014scc37,both_strong,1,Canada (Citizenship and Immigration) v. Harkat <-> canada citizenship and immigration v harkat
SCC_2000-2026,SCC_2022scc37,1985canlii23,both_strong,1,Cardinal v. Director of Kent Institution <-> cardinal v director of kent institution
SCC_2000-2026,SCC_2022scc37,2007scc9,both_strong,1,Charkaoui v. Canada (Citizenship and Immigration) <-> charkaoui v canada citizenship and immigration
SCC_2000-2026,SCC_2022scc37,2020qcca796,both_strong,1,Drapeau c. R. <-> drapeau v r
SCC_2000-2026,SCC_2022scc37,1980canlii10,both_strong,1,Kane v. Bd. of Governors of U.B.C. <-> kane v board of governors of the university of british columbia
SCC_2000-2026,SCC_2022scc37,1972canlii171,both_strong,1,Lowry et al. v. R. <-> lowry and lepper v the queen
SCC_2000-2026,SCC_2022scc37,1994canlii114,both_strong,1,Mobil Oil Canada Ltd. v. Canada-Newfoundland Offshore Petroleum Board <-> mobil oil canada ltd v canada newfoundland offshore petroleum board
SCC_2000-2026,SCC_2022scc37,1992canlii84,both_strong,1,Newfoundland Telephone Co. v. Newfoundland (Board of Commissioners of Public Utilities) <-> newfoundland telephone co v newfoundland board of commissioners of public utilities
SCC_2000-2026,SCC_2022scc37,2016scc43,both_strong,1,R. v. Anthony‑Cook <-> r v anthony cook
SCC_2000-2026,SCC_2022scc37,2021onca77,both_strong,1,R. v. Blake-Samuels <-> r v blake samuels
SCC_2000-2026,SCC_2022scc37,2012abca30,both_strong,1,R. v. Burback <-> r v burback
SCC_2000-2026,SCC_2022scc37,1997canlii381,both_strong,1,R. v. Curragh Inc. <-> r v curragh inc
SCC_2000-2026,SCC_2022scc37,2015onca381,both_strong,1,R. v. Delchev <-> r v delchev
SCC_2000-2026,SCC_2022scc37,2017nuca4,both_strong,1,R. v. Ehaloak <-> r v ehaloak
SCC_2000-2026,SCC_2022scc37,2020scc9,both_strong,1,R. v. Friesen <-> r v friesen
SCC_2000-2026,SCC_2022scc37,2000abca333,both_strong,1,R. v. G.W.C. <-> r v g w c
SCC_2000-2026,SCC_2022scc37,2010bcca143,both_strong,1,R. v. Huon <-> r v huon
SCC_2000-2026,SCC_2022scc37,2020bcpc41,both_strong,1,R. v. K.A.N. <-> 
SCC_2000-2026,SCC_2022scc37,2015scc64,both_strong,1,R. v. Lacasse <-> r v lacasse
SCC_2000-2026,SCC_2022scc37,1987canlii25,both_strong,1,R. v. Lyons <-> r v lyons
SCC_2000-2026,SCC_2022scc37,1996canlii230,both_strong,1,R. v. M. (C.A.) <-> r v m c a
SCC_2000-2026,SCC_2022scc37,2018onca369,both_strong,1,R. v. McDonald <-> r v mcdonald
SCC_2000-2026,SCC_2022scc37,2014scc54,both_strong,1,R. v. Mian <-> r v mian
SCC_2000-2026,SCC_2022scc37,2021onca122,both_strong,1,R. v. Mohiadin <-> r v mohiadin
SCC_2000-2026,SCC_2022scc37,2021bcca13,both_strong,1,R. v. Nahanee <-> 
SCC_2000-2026,SCC_2022scc37,2005canlii8662,both_weak,1,R. v. Papadopoulos <-> r v papadopoulos
SCC_2000-2026,SCC_2022scc37,2021scc46,both_strong,1,R. v. Parranto <-> r v parranto
SCC_2000-2026,SCC_2022scc37,2013bcca224,both_strong,1,R. v. R.R.B. <-> r v r r b
SCC_2000-2026,SCC_2022scc37,2006scc15,both_strong,1,R. v. Rodgers <-> r v rodgers
SCC_2000-2026,SCC_2022scc37,1997canlii324,both_strong,1,R. v. S. (R.D.) <-> r v s r d
SCC_2000-2026,SCC_2022scc37,2002scc26,both_strong,1,R. v. Sheppard <-> r v sheppard
SCC_2000-2026,SCC_2022scc37,2014scc47,both_strong,1,R. v. Sipos <-> r v sipos
SCC_2000-2026,SCC_2022scc37,1994canlii56,both_strong,1,R. v. Tran <-> r v tran
SCC_2000-2026,SCC_2022scc37,2019onca765,both_strong,1,R. v. Walker <-> r v walker
SCC_2000-2026,SCC_2022scc37,2018scc25,both_strong,1,R. v. Wong <-> r v wong
SCC_2000-2026,SCC_2022scc37,2003scc6,both_strong,1,R. v. Zinck <-> r v zinck
SCC_2000-2026,SCC_2022scc37,2016nlca16,both_strong,1,R. v Scott <-> r v scott
SCC_2000-2026,SCC_2022scc37,2002scc75,both_strong,1,Ruby v. Canada (Solicitor General) <-> ruby v canada solicitor general
SCC_2000-2026,SCC_2022scc37,2019nwtsc9,both_strong,1,R v Jacobson <-> r v jacobson
SCC_2000-2026,SCC_2022scc37,2018abca331,both_strong,1,R v Shyback <-> r v shyback
SCC_2000-2026,SCC_2022scc37,2022abca66,both_strong,1,R v Sidhu <-> r v sidhu
SCC_2000-2026,SCC_2022scc37,2013scc37,both_strong,1,Sable Offshore Energy Inc. v. Ameron International Corp. <-> sable offshore energy inc v ameron international corp
SCC_2000-2026,SCC_2022scc37,1987canlii19,both_strong,1,Supermarchés Jean Labrecque Inc. v. Flamand <-> supermarch s jean labrecque inc v flamand
SCC_2000-2026,SCC_2022scc37,XC-G160936,ours_only_origin_undetermined|pubforeign:supported,0,reporter
SCC_2000-2026,SCC_2022scc37,XC-G182005,ours_only_origin_undetermined|pubca:supported,0,reporter
SCC_2000-2026,SCC_2022scc37,XC-G182051,ours_only_origin_undetermined|pubca:supported,0,identifier
SCC_2000-2026,SCC_2022scc37,XC-G182507,ours_only_origin_undetermined|pubca:supported,0,reporter
SCC_2000-2026,SCC_2022scc37,XC-G182536,ours_only_origin_undetermined|pubca:supported,0,identifier
SCC_2000-2026,SCC_2022scc37,XC-G187715,ours_only_origin_ca|pubca:supported,0,reporter
SCC_2000-2026,SCC_2022scc37,XC-G204856,ours_only_origin_ca|pubca:supported,0,reporter
SCC_2000-2026,SCC_2022scc37,XC-G211679,ours_only_origin_undetermined|pubca:supported,0,reporter
SCC_2000-2026,SCC_2022scc37,XC-G213158,ours_only_origin_ca|pubca:supported,0,reporter
SCC_2000-2026,SCC_2022scc37,XC-G213267,ours_only_origin_ca|pubca:supported,0,reporter
SCC_2000-2026,SCC_2022scc37,XC-G213775,ours_only_origin_undetermined|pubnone:supported,0,reporter
SCC_2000-2026,SCC_2022scc37,XC-G214148,ours_only_origin_ca|pubca:supported,0,reporter
SCC_2000-2026,SCC_2022scc37,XC-G217657,ours_only_origin_ca|pubca:supported,0,reporter
SCC_2000-2026,SCC_2022scc37,XC-G223182,ours_only_origin_ca|pubca:supported,0,reporter
SCC_2000-2026,SCC_2022scc37,XC-G228378,ours_only_origin_undetermined|pubca:supported,0,reporter
SCC_2000-2026,SCC_2022scc37,XC-G228379,ours_only_origin_undetermined|pubca:supported,0,reporter
SCC_2000-2026,SCC_2005scc28,1995canlii59,both_strong,1,Hill v. Church of Scientology of Toronto <-> hill v church of scientology of toronto
SCC_2000-2026,SCC_2005scc28,1992canlii65,both_strong,1,Norberg v. Wynrib <-> norberg v wynrib
SCC_2000-2026,SCC_2005scc28,2002scc19,both_strong,1,Performance Industries Ltd. v. Sylvan Lake Golf & Tennis Club Ltd. <-> performance industries ltd v sylvan lake golf and tennis club ltd
SCC_2000-2026,SCC_2005scc28,2003skca133,both_strong,1,Prebushewski v. Dodge City Auto (1984) Ltd. <-> 
SCC_2000-2026,SCC_2005scc28,2001skqb537,both_strong,1,Prebushewski v. Dodge City Auto (1984) Ltd. <-> 
SCC_2000-2026,SCC_2005scc28,2002scc18,both_strong,1,Whiten v. Pilot Insurance Co. <-> whiten v pilot insurance co
SCC_2000-2026,SCC_2005scc28,XC-G168939,ours_only_origin_undetermined|pubforeign:supported,0,reporter
SCC_2000-2026,SCC_2005scc28,XC-G169178,ours_only_origin_undetermined|pubca:supported,0,reporter
SCC_2000-2026,SCC_2005scc28,XC-G170295,ours_only_origin_undetermined|pubforeign:supported,0,reporter
SCC_2000-2026,SCC_2005scc28,XC-G170568,ours_only_origin_undetermined|pubca:supported,0,reporter
SCC_2000-2026,SCC_2005scc28,XC-G185444,ours_only_origin_undetermined|pubnone:supported,0,reporter
SCC_2000-2026,SCC_2005scc28,XC-G195755,ours_only_origin_undetermined|pubca:supported,0,reporter
SCC_2000-2026,SCC_2005scc28,XC-G200526,ours_only_origin_undetermined|pubca:supported,0,reporter
SCC_2000-2026,SCC_2005scc28,XC-G202657,ours_only_origin_undetermined|pubca:supported,0,reporter
SCC_2000-2026,SCC_2005scc28,XC-G208470,ours_only_origin_undetermined|pubnone:supported,0,reporter
SCC_2000-2026,SCC_2005scc28,XC-G210384,ours_only_origin_undetermined|pubca:supported,0,reporter
SCC_2000-2026,SCC_2005scc28,XC-G210899,ours_only_origin_undetermined|pubnone:supported,0,reporter
SCC_2000-2026,SCC_2005scc28,XC-G217371,ours_only_origin_undetermined|pubca:supported,0,reporter
SCC_2000-2026,SCC_2005scc28,XC-G226171,ours_only_origin_undetermined|pubnone:supported,0,reporter
SCC_2000-2026,SCC_2005scc28,XC-G231609,ours_only_origin_undetermined|pubnone:supported,0,reporter
SCC_2000-2026,SCC_2019scc8,2018mbca65,both_strong,1,R v CJ <-> 
SCC_2000-2026,SCC_2019scc8,XC-G105761,ours_only_origin_undetermined|pubca:heuristic_only,0,neutral|reporter
SCC_2000-2026,SCC_2019scc8,XC-G180901,ours_only_origin_undetermined|pubca:supported,0,identifier
SCC_2000-2026,SCC_2019scc8,XC-G181032,ours_only_origin_undetermined|pubca:supported,0,reporter
SCC_2000-2026,SCC_2019scc8,XC-G213190,ours_only_origin_ca|pubca:supported,0,reporter
SCC_2000-2026,SCC_2019scc8,XC-G220234,ours_only_origin_undetermined|pubca:supported,0,reporter
SCC_2000-2026,SCC_2024scc40,2002canlii6199,both_loose,1,1176560 Ontario Ltd. v. Great Atlantic & Pacific Company of Canada Ltd. <-> 1176560 ontario ltd v great atlantic and pacific co of canada ltd
SCC_2000-2026,SCC_2024scc40,2013onca279,both_strong,1,1250264 Ontario Inc. v. Pet Valu Canada Inc. <-> 1250264 ontario inc v pet valu canada inc
SCC_2000-2026,SCC_2024scc40,2013scc69,both_strong,1,AIC Limited v. Fischer <-> aic limited v fischer
SCC_2000-2026,SCC_2024scc40,2017onca792,both_strong,1,Airia Brands Inc. v. Air Canada <-> airia brands inc v air canada
SCC_2000-2026,SCC_2024scc40,1989canlii78,both_strong,1,Alberta Government Telephones v. (Canada) Canadian Radio-television and Telecommunications Commission <-> alberta government telephones v canada canadian radio television and telecommunications commission
SCC_2000-2026,SCC_2024scc40,1984canlii85,both_strong,1,Attorney General (Ontario) v. Fatehi <-> attorney general for ontario v fatehi
SCC_2000-2026,SCC_2024scc40,1950canlii26,both_strong,1,Attorney General of Nova Scotia v. Attorney General of Canada <-> attorney general of nova scotia v attorney general of canada
SCC_2000-2026,SCC_2024scc40,1980canlii24,both_strong,1,Attorney General of Quebec v. Labrecque and al. <-> attorney general of quebec v labrecque
SCC_2000-2026,SCC_2024scc40,1978canlii173,both_strong,1,Bank of Montreal v. Attorney General (Quebec) <-> bank of montreal v attorney general quebec
SCC_2000-2026,SCC_2024scc40,2015nsca32,both_strong,1,BCE Inc. v. Gillis <-> gillis v bce inc
SCC_2000-2026,SCC_2024scc40,2003scc72,both_strong,1,Beals v. Saldanha <-> beals v saldanha
SCC_2000-2026,SCC_2024scc40,2011onsc1378,both_strong,1,Berry v. Pulley <-> berry v pulley
SCC_2000-2026,SCC_2024scc40,2006scc19,both_strong,1,Bisaillon v. Concordia University <-> bisaillon v concordia university
SCC_2000-2026,SCC_2024scc40,2005scc49,both_strong,1,British Columbia v. Imperial Tobacco Canada Ltd. <-> british columbia v imperial tobacco canada ltd
SCC_2000-2026,SCC_2024scc40,2022bcsc2147,both_strong,1,British Columbia v Apotex Inc. <-> 
SCC_2000-2026,SCC_2024scc40,2019scc63,both_strong,1,Canada (Attorney General) v. British Columbia Investment Management Corp. <-> canada attorney general v british columbia investment management corp
SCC_2000-2026,SCC_2024scc40,2011scc44,both_strong,1,Canada (Attorney General) v. PHS Community Services Society <-> canada attorney general v phs community services society
SCC_2000-2026,SCC_2024scc40,2009scc16,both_strong,1,Canada Post Corp. v. Lépine <-> canada post corp v l pine
SCC_2000-2026,SCC_2024scc40,2007scc22,both_strong,1,Canadian Western Bank v. Alberta <-> canadian western bank v alberta
SCC_2000-2026,SCC_2024scc40,2015scc56,both_strong,1,Caron v. Alberta <-> caron v alberta
SCC_2000-2026,SCC_2024scc40,2005scc83,both_strong,1,Castillo v. Castillo <-> castillo v castillo
SCC_2000-2026,SCC_2024scc40,2012scc17,both_strong,1,Club Resorts Ltd. v. Van Breda <-> club resorts ltd v van breda
SCC_2000-2026,SCC_2024scc40,2019bcca308,both_strong,1,Coburn and Watson’s Metropolitan Home <-> coburn and watson s metropolitan home v home depot of canada inc
SCC_2000-2026,SCC_2024scc40,2005canlii3360,both_weak,1,Currie v. McDonald's Restaurants of Canada Ltd. <-> currie v mcdonald s restaurants of canada ltd
SCC_2000-2026,SCC_2024scc40,1998canlii14855,both_weak,1,Dabbs v. Sun Life Assurance Co. of Canada <-> dabbs v sun life assurance co of canada
SCC_2000-2026,SCC_2024scc40,1976canlii1,both_strong,1,Di Iorio v. Warden of the Montreal Jail <-> di iorio v warden of the montreal jail
SCC_2000-2026,SCC_2024scc40,2021bcca31,both_strong,1,DLC Holdings Corp. v. Payne <-> dlc holdings corp v payne
SCC_2000-2026,SCC_2024scc40,2009onca914,both_strong,1,Dubuc v. 1663066 Ontario Inc. (Laurier Optical) <-> dubuc v 1663066 ontario inc
SCC_2000-2026,SCC_2024scc40,2016scc42,both_strong,1,Endean v. British Columbia <-> endean v british columbia
SCC_2000-2026,SCC_2024scc40,2005scc20,both_strong,1,Fédération des producteurs de volailles du Québec v. Pelland <-> f d ration des producteurs de volailles du qu bec v pelland
SCC_2000-2026,SCC_2024scc40,2016qccs1446,both_strong,1,Fitzsimmons c. Cie matériaux de construction BP Canada <-> fitzsimmons v cie mat riaux de construction bp canada
SCC_2000-2026,SCC_2024scc40,2013skca26,both_strong,1,Frey v Bell Mobility Inc <-> frey v bce inc
SCC_2000-2026,SCC_2024scc40,1918canlii85,both_weak,1,Gauthier v. The King <-> gauthier v the king
SCC_2000-2026,SCC_2024scc40,2000scc21,both_strong,1,Global Securities Corp. v. British Columbia (Securities Commission) <-> global securities corp v british columbia securities commission
SCC_2000-2026,SCC_2024scc40,2015scc46,both_strong,1,Goodwin v. British Columbia (Superintendent of Motor Vehicles) <-> goodwin v british columbia superintendent of motor vehicles
SCC_2000-2026,SCC_2024scc40,2021abca329,both_strong,1,Hamm v Canada (Attorney General) <-> hamm v canada attorney general
SCC_2000-2026,SCC_2024scc40,2000bcca605,both_strong,1,Harrington v. Dow Corning Corp. <-> harrington v dow corning corp
SCC_2000-2026,SCC_2024scc40,2022skca103,both_strong,1,Herold v Wassermann <-> herold v wassermann
SCC_2000-2026,SCC_2024scc40,2008qcca800,both_strong,2,Hocking c. Haziza <-> hocking v haziza / hsbc v hocking
SCC_2000-2026,SCC_2024scc40,2001scc68,both_strong,1,Hollick v. Toronto (City) <-> hollick v toronto city
SCC_2000-2026,SCC_2024scc40,1993canlii43,both_strong,1,Hunt v. T&N plc <-> hunt v t and n plc
SCC_2000-2026,SCC_2024scc40,1910canlii30,both_weak,1,In Re Criminal Code <-> in re criminal code
SCC_2000-2026,SCC_2024scc40,2021onca650,both_strong,1,Johnson v. Ontario <-> johnson v ontario
SCC_2000-2026,SCC_2024scc40,2022onca725,both_strong,1,Johnson v. Ontario <-> johnson v ontario
SCC_2000-2026,SCC_2024scc40,2002scc31,both_strong,1,"Kitkatla Band v. British Columbia (Minister of Small Business, Tourism and Culture) <-> kitkatla band v british columbia minister of small business tourism and culture"
SCC_2000-2026,SCC_2024scc40,2002scc65,both_strong,1,Krieger v. Law Society of Alberta <-> krieger v law society of alberta
SCC_2000-2026,SCC_2024scc40,2022bcca28,both_strong,1,Leonard v. The Manufacturers Life Insurance Company <-> leonard v the manufacturers life insurance company
SCC_2000-2026,SCC_2024scc40,1977canlii13,both_strong,1,McNamara Construction et al. v. The Queen <-> mcnamara construction western ltd v the queen
SCC_2000-2026,SCC_2024scc40,2013mbca81,both_strong,1,Meeking v. Cash Store Inc. et al. <-> meeking v cash store inc
SCC_2000-2026,SCC_2024scc40,1998canlii7119,both_weak,1,Milios v. Zagas <-> milios v zagas
SCC_2000-2026,SCC_2024scc40,1990canlii29,both_strong,1,Morguard Investments Ltd. v. De Savoye <-> morguard investments ltd v de savoye
SCC_2000-2026,SCC_2024scc40,2023scc10,both_strong,1,Murray‑Hall v. Quebec (Attorney General) <-> murray hall v quebec attorney general
SCC_2000-2026,SCC_2024scc40,2021scc41,both_strong,1,Nelson (City) v. Marchi <-> nelson city v marchi
SCC_2000-2026,SCC_2024scc40,2020scc4,both_strong,1,Newfoundland and Labrador (Attorney General) v. Uashaunnuat (Innu of Uashat and of Mani‑Utenam) <-> newfoundland and labrador attorney general v uashaunnuat innu of uashat and of mani utenam
SCC_2000-2026,SCC_2024scc40,2020scc38,both_strong,1,Ontario (Attorney General) v. G <-> ontario attorney general v g
SCC_2000-2026,SCC_2024scc40,1987canlii71,both_strong,1,Ontario (Attorney General) v. OPSEU <-> opseu v ontario attorney general
SCC_2000-2026,SCC_2024scc40,1995canlii112,both_strong,1,Ontario v. Canadian Pacific Ltd. <-> ontario v canadian pacific ltd
SCC_2000-2026,SCC_2024scc40,2013scc43,both_strong,1,Ontario v. Criminal Lawyers’ Association of Ontario <-> ontario v criminal lawyers association of ontario
SCC_2000-2026,SCC_2024scc40,2019scc42,both_strong,1,Pioneer Corp. v. Godfrey <-> pioneer corp v godfrey
SCC_2000-2026,SCC_2024scc40,2020skca121,both_strong,1,Poffenroth Agri Ltd. v Brown <-> poffenroth agri ltd v brown
SCC_2000-2026,SCC_2024scc40,2013scc57,both_strong,1,Pro‑Sys Consultants Ltd. v. Microsoft Corporation <-> pro sys consultants ltd v microsoft corporation
SCC_2000-2026,SCC_2024scc40,2015scc14,both_strong,1,Quebec (Attorney General) v. Canada (Attorney General) <-> quebec attorney general v canada attorney general
SCC_2000-2026,SCC_2024scc40,2010scc38,both_strong,1,Quebec (Attorney General) v. Lacombe <-> quebec attorney general v lacombe
SCC_2000-2026,SCC_2024scc40,1992canlii12849,both_weak,1,R. v. British Columbia <-> r v british columbia
SCC_2000-2026,SCC_2024scc40,2022scc18,both_strong,1,R. v. Brown <-> r v brown
SCC_2000-2026,SCC_2024scc40,2023scc8,both_strong,1,R. v. McColman <-> r v mccolman
SCC_2000-2026,SCC_2024scc40,1993canlii74,both_strong,1,R. v. Morgentaler <-> r v morgentaler
SCC_2000-2026,SCC_2024scc40,2021scc46,both_strong,1,R. v. Parranto <-> r v parranto
SCC_2000-2026,SCC_2024scc40,2010scc61,both_strong,1,Reference re Assisted Human Reproduction Act <-> reference re assisted human reproduction act
SCC_2000-2026,SCC_2024scc40,1991canlii74,both_strong,1,Reference Re Canada Assistance Plan (B.C.) <-> reference re canada assistance plan b c
SCC_2000-2026,SCC_2024scc40,2020scc17,both_strong,1,Reference re Genetic Non‑Discrimination Act <-> reference re genetic non discrimination act
SCC_2000-2026,SCC_2024scc40,2023scc23,both_strong,1,Reference re Impact Assessment Act <-> reference re impact assessment act
SCC_2000-2026,SCC_2024scc40,2018scc48,both_strong,1,Reference re Pan‑Canadian Securities Regulation <-> reference re pan canadian securities regulation
SCC_2000-2026,SCC_2024scc40,1998canlii793,both_strong,1,Reference re Secession of Quebec <-> reference re secession of quebec
SCC_2000-2026,SCC_2024scc40,2011scc66,both_strong,1,Reference re Securities Act <-> reference re securities act
SCC_2000-2026,SCC_2024scc40,1984canlii17,both_strong,1,Reference re Upper Churchill Water Rights Reversion Act <-> reference re upper churchill water rights reversion act
SCC_2000-2026,SCC_2024scc40,2021scc11,both_strong,2,References re Greenhouse Gas Pollution Pricing Act <-> 
SCC_2000-2026,SCC_2024scc40,2001scc69,both_strong,1,Rumley v. British Columbia <-> rumley v british columbia
SCC_2000-2026,SCC_2024scc40,2017skqb5,both_strong,1,R v Fyfe <-> r v fyfe
SCC_2000-2026,SCC_2024scc40,2019skca100,both_strong,1,R v Smith <-> r v smith
SCC_2000-2026,SCC_2024scc40,2023bcca306,both_strong,1,Sandoz Canada Inc. v. British Columbia <-> 
SCC_2000-2026,SCC_2024scc40,1992canlii74,both_strong,1,Schachter v. Canada <-> schachter v canada
SCC_2000-2026,SCC_2024scc40,2023scc29,both_strong,1,Sharp v. Autorité des marchés financiers <-> sharp v autorit des march s financiers
SCC_2000-2026,SCC_2024scc40,1988canlii26,both_strong,1,Sparling v. Québec (Caisse de Dépôt et Placement du Québec) <-> sparling v quebec caisse de d p t et placement du qu bec
SCC_2000-2026,SCC_2024scc40,2021mbqb153,both_strong,1,Tataskweyak Cree Nation et al. v. Canada (A.G.) <-> tataskweyak cree nation v canada a g
SCC_2000-2026,SCC_2024scc40,1967canlii49,both_strong,1,The Queen v. Murray et al. <-> the queen v murray
SCC_2000-2026,SCC_2024scc40,2011skqb72,both_strong,1,"Thorpe v. Honda Canada, Inc. <-> thorpe v honda canada inc"
SCC_2000-2026,SCC_2024scc40,1994canlii44,both_strong,1,Tolofson v. Jensen; Lucas (Litigation Guardian of) v. Gagnon <-> tolofson v jensen
SCC_2000-2026,SCC_2024scc40,2016abca21,both_strong,1,Turner v Bell Mobility Inc <-> turner v bell mobility inc
SCC_2000-2026,SCC_2024scc40,2003scc40,both_strong,1,Unifund Assurance Co. v. Insurance Corp. of British Columbia <-> unifund assurance co v insurance corp of british columbia
SCC_2000-2026,SCC_2024scc40,1975canlii179,both_strong,1,Verreault (J.E.) & Fils Ltée v. Attorney General (Quebec) <-> verreault j e and fils lt e v attorney general quebec
SCC_2000-2026,SCC_2024scc40,2014scc1,both_strong,1,Vivendi Canada Inc. v. Dell’Aniello <-> vivendi canada inc v dell aniello
SCC_2000-2026,SCC_2024scc40,2020bcsc1233,both_strong,1,Wannan v Hutchison <-> wannan v hutchison
SCC_2000-2026,SCC_2024scc40,1999canlii657,both_strong,1,Wells v. Newfoundland <-> wells v newfoundland
SCC_2000-2026,SCC_2024scc40,2001scc46,both_strong,1,Western Canadian Shopping Centres Inc. v. Dutton <-> western canadian shopping centres inc v dutton
SCC_2000-2026,SCC_2024scc40,2000canlii22407,both_weak,1,Wilson v. Servier Canada Inc. <-> wilson v servier canada inc
SCC_2000-2026,SCC_2024scc40,XC-G026278,ours_only_origin_undetermined|pubca:supported,0,reporter
SCC_2000-2026,SCC_2024scc40,XC-G151613,ours_only_origin_undetermined|pubnone:supported,0,reporter
SCC_2000-2026,SCC_2024scc40,XC-G170359,ours_only_origin_undetermined|pubnone:supported,0,reporter
SCC_2000-2026,SCC_2024scc40,XC-G171980,ours_only_origin_undetermined|pubnone:supported,0,reporter
SCC_2000-2026,SCC_2024scc40,XC-G175065,ours_only_origin_undetermined|pubnone:supported,0,reporter
SCC_2000-2026,SCC_2024scc40,XC-G181930,ours_only_origin_undetermined|pubnone:supported,0,reporter
SCC_2000-2026,SCC_2024scc40,XC-G182410,ours_only_origin_undetermined|pubnone:supported,0,reporter
SCC_2000-2026,SCC_2024scc40,XC-G182951,ours_only_origin_undetermined|pubca:supported,0,reporter
SCC_2000-2026,SCC_2024scc40,XC-G182983,ours_only_origin_undetermined|pubca:supported,0,identifier
SCC_2000-2026,SCC_2024scc40,XC-G183281,ours_only_origin_undetermined|pubca:supported,0,reporter
SCC_2000-2026,SCC_2024scc40,XC-G183293,ours_only_origin_undetermined|pubca:supported,0,identifier
SCC_2000-2026,SCC_2024scc40,XC-G183488,ours_only_origin_undetermined|pubca:supported,0,reporter
SCC_2000-2026,SCC_2024scc40,XC-G184457,ours_only_origin_ca|pubca:supported,0,reporter
SCC_2000-2026,SCC_2024scc40,XC-G186682,ours_only_origin_undetermined|pubnone:supported,0,reporter
SCC_2000-2026,SCC_2024scc40,XC-G191507,ours_only_origin_ca|pubca:supported,0,reporter
SCC_2000-2026,SCC_2024scc40,XC-G192394,ours_only_origin_undetermined|pubnone:supported,0,reporter
SCC_2000-2026,SCC_2024scc40,XC-G192445,ours_only_origin_ca|pubca:supported,0,reporter
SCC_2000-2026,SCC_2024scc40,XC-G195341,ours_only_origin_ca|pubca:supported,0,reporter
SCC_2000-2026,SCC_2024scc40,XC-G211142,ours_only_origin_ca|pubca:supported,0,reporter
SCC_2000-2026,SCC_2024scc40,XC-G212791,ours_only_origin_ca|pubca:supported,0,reporter
SCC_2000-2026,SCC_2024scc40,XC-G213199,ours_only_origin_ca|pubca:supported,0,reporter
SCC_2000-2026,SCC_2024scc40,XC-G213290,ours_only_origin_ca|pubca:supported,0,reporter
SCC_2000-2026,SCC_2024scc40,XC-G214162,ours_only_origin_ca|pubca:supported,0,reporter
SCC_2000-2026,SCC_2024scc40,XC-G214661,ours_only_origin_ca|pubca:supported,0,reporter
SCC_2000-2026,SCC_2024scc40,XC-G217350,ours_only_origin_ca|pubca:supported,0,reporter
SCC_2000-2026,SCC_2024scc40,XC-G217731,ours_only_origin_ca|pubca:supported,0,reporter
SCC_2000-2026,SCC_2024scc40,XC-G218601,ours_only_origin_ca|pubca:supported,0,reporter
SCC_2000-2026,SCC_2024scc40,XC-G219362,ours_only_origin_ca|pubca:supported,0,reporter
SCC_2000-2026,SCC_2024scc40,XC-G220084,ours_only_origin_ca|pubca:supported,0,reporter
SCC_2000-2026,SCC_2024scc40,XC-G220105,ours_only_origin_ca|pubca:supported,0,reporter
SCC_2000-2026,SCC_2024scc40,XC-G220394,ours_only_origin_ca|pubca:supported,0,reporter
SCC_2000-2026,SCC_2024scc40,XC-G227710,ours_only_origin_undetermined|pubca:supported,0,reporter
SCC_2000-2026,SCC_2024scc40,XC-G230343,ours_only_origin_undetermined|pubca:supported,0,reporter
SCC_2000-2026,SCC_2024scc40,XC-G230443,ours_only_origin_undetermined|pubca:supported,0,reporter
SCC_2000-2026,SCC_2024scc40,XC-G230689,ours_only_origin_undetermined|pubca:supported,0,reporter
SCC_2000-2026,SCC_2024scc40,XC-G230935,ours_only_origin_undetermined|pubca:supported,0,reporter
SCC_2000-2026,SCC_2024scc40,XC-G235649,ours_only_origin_ca|pubca:supported,0,reporter
SCC_2000-2026,SCC_2005scc71,1963canlii92,both_strong,1,Campbell v. Royal Bank of Canada <-> campbell v royal bank of canada
SCC_2000-2026,SCC_2005scc71,2004scc4,both_strong,1,"Canadian Foundation for Children, Youth and the Law v. Canada (Attorney General) <-> canadian foundation for children youth and the law v canada attorney general"
SCC_2000-2026,SCC_2005scc71,1990canlii93,both_strong,1,Danson v. Ontario (Attorney General) <-> danson v ontario attorney general
SCC_2000-2026,SCC_2005scc71,1980canlii1728,both_loose,1,Drabinsky v. Maclean-Hunter Ltd. et al. <-> drabinsky v maclean hunter ltd
SCC_2000-2026,SCC_2005scc71,1918canlii463,both_weak,1,Hays v. Weiland <-> hays v weiland
SCC_2000-2026,SCC_2005scc71,1977canlii15,both_strong,1,Hubbert v. R. <-> hubbert v the queen
SCC_2000-2026,SCC_2005scc71,2000scc69,both_strong,1,Little Sisters Book and Art Emporium v. Canada (Minister of Justice) <-> little sisters book and art emporium v canada minister of justice
SCC_2000-2026,SCC_2005scc71,1989canlii26,both_strong,1,Mackay v. Manitoba <-> mackay v manitoba
SCC_2000-2026,SCC_2005scc71,1984canlii3070,both_loose,1,McINnis v. University Students' Council <-> mcinnis v university students council of university of western ontario
SCC_2000-2026,SCC_2005scc71,1992canlii25,both_strong,1,Moge v. Moge <-> moge v moge
SCC_2000-2026,SCC_2005scc71,1985canlii97,both_strong,1,Montréal v. Arcade Amusements Inc. <-> montr al city of v arcade amusements inc
SCC_2000-2026,SCC_2005scc71,1989canlii55,both_strong,1,Moysa v. Alberta (Labour Relations Board) <-> moysa v alberta labour relations board
SCC_2000-2026,SCC_2005scc71,1999canlii640,both_strong,1,Public School Boards’ Assn. of Alberta v. Alberta (Attorney General) <-> public school boards assn of alberta v alberta attorney general
SCC_2000-2026,SCC_2005scc71,2001scc70,both_strong,2,R. v. Advance Cutting & Coring Ltd. <-> r v advance cutting and coring ltd / r v find
SCC_2000-2026,SCC_2005scc71,1992canlii124,both_strong,1,R. v. Butler <-> r v butler
SCC_2000-2026,SCC_2005scc71,1999canlii2688,Q_not_found,0,
SCC_2000-2026,SCC_2005scc71,1988canlii80,both_strong,1,R. v. Corbett <-> r v corbett
SCC_2000-2026,SCC_2005scc71,2001scc32,both_strong,1,R. v. Find <-> r v find
SCC_2000-2026,SCC_2005scc71,1999canlii679,both_strong,1,R. v. Gladue <-> r v gladue
SCC_2000-2026,SCC_2005scc71,1998canlii6117,both_weak,1,R. v. Koh <-> r v koh
SCC_2000-2026,SCC_2005scc71,1990canlii95,both_strong,1,R. v. Lavallee <-> r v lavallee
SCC_2000-2026,SCC_2005scc71,2003scc74,both_strong,1,R. v. Malmo-Levine; R. v. Caine <-> r v malmo levine
SCC_2000-2026,SCC_2005scc71,1993canlii3383,both_weak,1,R. v. Parks <-> r v parks
SCC_2000-2026,SCC_2005scc71,1990canlii88,both_strong,1,R. v. Penno <-> r v penno
SCC_2000-2026,SCC_2005scc71,1995canlii8923,Q_not_found,0,
SCC_2000-2026,SCC_2005scc71,2001scc2,both_strong,1,R. v. Sharpe <-> r v sharpe
SCC_2000-2026,SCC_2005scc71,1991canlii86,both_strong,1,R. v. Sherratt <-> r v sherratt
SCC_2000-2026,SCC_2005scc71,2004canlii34919,Q_first_word_only,0,
SCC_2000-2026,SCC_2005scc71,1988canlii87,both_strong,1,R. v. Vermette <-> r v vermette
SCC_2000-2026,SCC_2005scc71,2000scc10,both_strong,1,R. v. Wells <-> r v wells
SCC_2000-2026,SCC_2005scc71,1998canlii782,both_strong,1,R. v. Williams <-> r v williams
SCC_2000-2026,SCC_2005scc71,1996canlii376,both_weak,1,R. v. Wilson <-> r v wilson
SCC_2000-2026,SCC_2005scc71,1987canlii121,both_weak,1,R. v. Zundel <-> r v zundel
SCC_2000-2026,SCC_2005scc71,1938canlii1,both_strong,1,Reference Re Alberta Statutes - The Bank Taxation Act; The Credit of Alberta Regulation Act; and the Accurate News and Information Act <-> reference re alberta statutes
SCC_2000-2026,SCC_2005scc71,1961canlii174,both_loose,1,Reid v. Telegram Publishing Co. Ltd. and Drea <-> reid v telegram publishing co
SCC_2000-2026,SCC_2005scc71,1990canlii62,both_strong,1,Stoffman v. Vancouver General Hospital <-> stoffman v vancouver general hospital
SCC_2000-2026,SCC_2005scc71,1993canlii55,both_strong,1,Symes v. Canada <-> symes v canada
SCC_2000-2026,SCC_2005scc71,1991canlii71,both_strong,1,Waldick v. Malcolm <-> waldick v malcolm
SCC_2000-2026,SCC_2005scc71,2000scc67,both_strong,1,Whirlpool Corp. v. Camco Inc. <-> whirlpool corp v camco inc
SCC_2000-2026,SCC_2005scc71,XC-G016035,ours_only_origin_undetermined|pubca:heuristic_only,0,reporter
SCC_2000-2026,SCC_2005scc71,XC-G020159,ours_only_origin_undetermined|pubca:heuristic_only,0,reporter
SCC_2000-2026,SCC_2005scc71,XC-G141260,ours_only_origin_undetermined|pubforeign:supported,0,reporter
SCC_2000-2026,SCC_2005scc71,XC-G162385,ours_only_origin_undetermined|pubnone:supported,0,reporter
SCC_2000-2026,SCC_2005scc71,XC-G164216,ours_only_origin_undetermined|pubnone:supported,0,reporter
SCC_2000-2026,SCC_2005scc71,XC-G166058,ours_only_origin_undetermined|pubforeign:supported,0,reporter
SCC_2000-2026,SCC_2005scc71,XC-G170626,ours_only_origin_ca|pubca:supported,0,reporter
SCC_2000-2026,SCC_2005scc71,XC-G170966,ours_only_origin_undetermined|pubca:supported,0,reporter
SCC_2000-2026,SCC_2005scc71,XC-G195144,ours_only_origin_ca|pubca:supported,0,reporter
SCC_2000-2026,SCC_2005scc71,XC-G195214,ours_only_origin_undetermined|pubca:supported,0,reporter
SCC_2000-2026,SCC_2005scc71,XC-G202988,ours_only_origin_undetermined|pubca:supported,0,reporter
SCC_2000-2026,SCC_2005scc71,XC-G216026,ours_only_origin_undetermined|pubnone:supported,0,reporter
SCC_2000-2026,SCC_2005scc71,XC-G224536,ours_only_origin_undetermined|pubnone:supported,0,reporter
SCC_2000-2026,SCC_2005scc71,XC-G226536,ours_only_origin_undetermined|pubnone:supported,0,reporter
SCC_2000-2026,SCC_2005scc71,XC-G232759,ours_only_origin_undetermined|pubnone:supported,0,reporter
SCC_2000-2026,SCC_2005scc71,XC-G236385,ours_only_origin_undetermined|pubnone:supported,0,reporter
SCC_2000-2026,SCC_2011scc42,1980canlii21,both_strong,1,Att. Gen. of Can. v. Inuit Tapirisat et al. <-> attorney general of canada v inuit tapirisat of canada
SCC_2000-2026,SCC_2011scc42,2005scc58,both_strong,1,Blackwater v. Plint <-> blackwater v plint
SCC_2000-2026,SCC_2011scc42,1997canlii307,both_strong,1,Bow Valley Husky (Bermuda) Ltd. v. Saint John Shipbuilding Ltd. <-> bow valley husky bermuda ltd v saint john shipbuilding ltd
SCC_2000-2026,SCC_2011scc42,2009bcca540,both_strong,1,British Columbia v. Imperial Tobacco Canada Limited <-> 
SCC_2000-2026,SCC_2011scc42,2008bcsc419,both_strong,1,British Columbia v. Imperial Tobacco Canada Limited <-> 
SCC_2000-2026,SCC_2011scc42,2005scc49,both_strong,1,British Columbia v. Imperial Tobacco Canada Ltd. <-> british columbia v imperial tobacco canada ltd
SCC_2000-2026,SCC_2011scc42,1994canlii121,both_strong,1,Brown v. British Columbia (Minister of Transportation and Highways) <-> brown v british columbia minister of transportation and highways
SCC_2000-2026,SCC_2011scc42,1992canlii105,both_strong,1,Canadian National Railway Co. v. Norsk Pacific Steamship Co. <-> canadian national railway co v norsk pacific steamship co
SCC_2000-2026,SCC_2011scc42,2006scc18,both_strong,1,Childs v. Desormeaux <-> childs v desormeaux
SCC_2000-2026,SCC_2011scc42,2001scc79,both_strong,1,Cooper v. Hobart <-> cooper v hobart
SCC_2000-2026,SCC_2011scc42,2000bcsc1134,both_strong,1,Day v. Regional District et al <-> day v central okanagan regional district
SCC_2000-2026,SCC_2011scc42,2008scc22,both_strong,1,Design Services Ltd. v. Canada <-> design services ltd v canada
SCC_2000-2026,SCC_2011scc42,1932canlii536,both_weak,1,Donoghue v. Stevenson <-> donoghue v stevenson
SCC_2000-2026,SCC_2011scc42,2008canlii53133,both_strong,1,Elias v. Headache and Pain Management Clinic <-> elias v headache and pain management clinic
SCC_2000-2026,SCC_2011scc42,2006canlii37121,both_weak,1,Eliopoulos Estate v. Ontario (Minister of Health and Long-Term Care) <-> eliopoulos estate v ontario minister of health and long term care
SCC_2000-2026,SCC_2011scc42,2010scc5,both_strong,1,Fullowka v. Pinkerton's of Canada Ltd. <-> fullowka v pinkerton s of canada ltd
SCC_2000-2026,SCC_2011scc42,1978canlii39,both_strong,1,Giffels v. Eastern Construction <-> giffels associates ltd v eastern construction co
SCC_2000-2026,SCC_2011scc42,2009onca594,both_strong,1,Heaslip Estate v. Ontario <-> heaslip estate v mansfield ski club inc
SCC_2000-2026,SCC_2011scc42,1997canlii345,both_strong,1,Hercules Managements Ltd. v. Ernst & Young <-> hercules managements ltd v ernst and young
SCC_2000-2026,SCC_2011scc42,2007scc41,both_strong,1,Hill v. Hamilton-Wentworth Regional Police Services Board <-> hill v hamilton wentworth regional police services board
SCC_2000-2026,SCC_2011scc42,1990canlii90,both_strong,1,Hunt v. Carey Canada Inc. <-> hunt v carey canada inc
SCC_2000-2026,SCC_2011scc42,1989canlii16,both_strong,1,Just v. British Columbia <-> just v british columbia
SCC_2000-2026,SCC_2011scc42,2009bcca541,both_strong,1,Knight v. Imperial Tobacco Canada Limited <-> 
SCC_2000-2026,SCC_2011scc42,2007bcsc964,both_strong,1,Knight v. Imperial Tobacco Canada Limited <-> 
SCC_2000-2026,SCC_2011scc42,1997canlii304,both_strong,1,Lewis (Guardian ad litem of) v. British Columbia <-> lewis guardian ad litem of v british columbia
SCC_2000-2026,SCC_2011scc42,2003scc69,both_strong,1,Odhavji Estate v. Woodhouse <-> odhavji estate v woodhouse
SCC_2000-2026,SCC_2011scc42,1985canlii74,both_strong,1,Operation Dismantle v. The Queen <-> operation dismantle inc v the queen
SCC_2000-2026,SCC_2011scc42,1945canlii13,both_strong,1,Parmley v. Parmley <-> parmley v parmley
SCC_2000-2026,SCC_2011scc42,1988abca234,Q_not_found,0,
SCC_2000-2026,SCC_2011scc42,1994canlii122,both_strong,1,Swinamer v. Nova Scotia (Attorney General) <-> swinamer v nova scotia attorney general
SCC_2000-2026,SCC_2011scc42,2007scc38,both_strong,1,Syl Apps Secure Treatment Centre v. B.D. <-> syl apps secure treatment centre v b d
SCC_2000-2026,SCC_2011scc42,XC-G004196,ours_only_origin_undetermined|pubforeign:heuristic_only,0,reporter
SCC_2000-2026,SCC_2011scc42,XC-G006233,ours_only_origin_undetermined|pubforeign:heuristic_only,0,neutral|reporter
SCC_2000-2026,SCC_2011scc42,XC-G131136,ours_only_origin_undetermined|pubforeign:supported,0,reporter
SCC_2000-2026,SCC_2011scc42,XC-G147083,ours_only_origin_undetermined|pubforeign:supported,0,reporter
SCC_2000-2026,SCC_2011scc42,XC-G149253,ours_only_origin_undetermined|pubforeign:supported,0,reporter
SCC_2000-2026,SCC_2011scc42,XC-G151949,ours_only_origin_undetermined|pubforeign:heuristic_only,0,reporter
SCC_2000-2026,SCC_2011scc42,XC-G158751,ours_only_origin_undetermined|pubforeign:supported,0,reporter
SCC_2000-2026,SCC_2011scc42,XC-G159038,ours_only_origin_undetermined|pubforeign:heuristic_only,0,reporter
SCC_2000-2026,SCC_2011scc42,XC-G160976,ours_only_origin_undetermined|pubforeign:supported,0,reporter
SCC_2000-2026,SCC_2011scc42,XC-G162105,ours_only_origin_undetermined|pubforeign:supported,0,reporter
SCC_2000-2026,SCC_2011scc42,XC-G162383,ours_only_origin_undetermined|pubforeign:heuristic_only,0,reporter
SCC_2000-2026,SCC_2011scc42,XC-G164847,ours_only_origin_undetermined|pubforeign:supported,0,reporter
SCC_2000-2026,SCC_2011scc42,XC-G165571,ours_only_origin_undetermined|pubforeign:supported,0,reporter
SCC_2000-2026,SCC_2011scc42,XC-G166836,ours_only_origin_undetermined|pubforeign:supported,0,neutral
SCC_2000-2026,SCC_2011scc42,XC-G168413,ours_only_origin_undetermined|pubforeign:supported,0,reporter
SCC_2000-2026,SCC_2011scc42,XC-G172869,ours_only_origin_undetermined|pubca:supported,0,reporter
SCC_2000-2026,SCC_2011scc42,XC-G172966,ours_only_origin_undetermined|pubca:supported,0,identifier
SCC_2000-2026,SCC_2011scc42,XC-G173386,ours_only_origin_undetermined|pubca:supported,0,reporter
SCC_2000-2026,SCC_2011scc42,XC-G173522,ours_only_origin_undetermined|pubca:supported,0,reporter
SCC_2000-2026,SCC_2011scc42,XC-G173667,ours_only_origin_undetermined|pubca:supported,0,reporter
SCC_2000-2026,SCC_2011scc42,XC-G173752,ours_only_origin_undetermined|pubca:supported,0,identifier
SCC_2000-2026,SCC_2011scc42,XC-G174465,ours_only_origin_undetermined|pubca:supported,0,reporter
SCC_2000-2026,SCC_2011scc42,XC-G174466,ours_only_origin_undetermined|pubca:supported,0,reporter
SCC_2000-2026,SCC_2011scc42,XC-G174549,ours_only_origin_undetermined|pubca:supported,0,identifier
SCC_2000-2026,SCC_2011scc42,XC-G174550,ours_only_origin_undetermined|pubca:supported,0,identifier
SCC_2000-2026,SCC_2011scc42,XC-G175037,ours_only_origin_undetermined|pubca:supported,0,reporter
SCC_2000-2026,SCC_2011scc42,XC-G175040,ours_only_origin_undetermined|pubca:supported,0,reporter
SCC_2000-2026,SCC_2011scc42,XC-G195255,ours_only_origin_undetermined|pubforeign:supported,0,reporter
SCC_2000-2026,SCC_2011scc42,XC-G205364,ours_only_origin_undetermined|pubca:supported,0,reporter
SCC_2000-2026,SCC_2011scc42,XC-G205365,ours_only_origin_undetermined|pubca:supported,0,reporter
SCC_2000-2026,SCC_2011scc42,XC-G205985,ours_only_origin_ca|pubca:supported,0,reporter
SCC_2000-2026,SCC_2011scc42,XC-G210371,ours_only_origin_ca|pubca:supported,0,reporter
SCC_2000-2026,SCC_2011scc42,XC-G210372,ours_only_origin_ca|pubca:supported,0,reporter
SCC_2000-2026,SCC_2011scc42,XC-G220100,ours_only_origin_undetermined|pubca:supported,0,reporter
SCC_2000-2026,SCC_2011scc42,XC-G220101,ours_only_origin_undetermined|pubca:supported,0,reporter
SCC_2000-2026,SCC_2011scc42,XC-G230580,ours_only_origin_undetermined|pubca:supported,0,reporter
SCC_2000-2026,SCC_2011scc42,XC-G230932,ours_only_origin_undetermined|pubca:supported,0,reporter
SCC_2000-2026,SCC_2011scc42,XC-G232602,ours_only_origin_undetermined|pubca:supported,0,reporter
SCC_2000-2026,SCC_2011scc42,XC-G235322,ours_only_origin_ca|pubca:supported,0,reporter
SCC_2000-2026,SCC_2011scc42,XC-G235463,ours_only_origin_undetermined|pubca:supported,0,reporter
SCC_2000-2026,SCC_2011scc42,XC-G235573,ours_only_origin_undetermined|pubca:supported,0,reporter
SCC_2000-2026,SCC_2008scc58,1989canlii2706,both_loose,1,B.C. Packers Ltd. v. Sparrow <-> british columbia packers ltd v sparrow
SCC_2000-2026,SCC_2008scc58,1988canlii3029,Q_first_word_only,0,
SCC_2000-2026,SCC_2008scc58,1993canlii17340,both_loose,1,Buston (M.) v. Canada <-> buston v canada
SCC_2000-2026,SCC_2008scc58,1990canlii8074,both_weak,1,Canadian Imperial Bank of Commerce v. Hallahan <-> canadian imperial bank of commerce v hallahan
SCC_2000-2026,SCC_2008scc58,1987canlii4910,Q_first_word_only,0,
SCC_2000-2026,SCC_2008scc58,1997canlii399,both_strong,1,Comeau's Sea Foods Ltd. v. Canada (Minister of Fisheries and Oceans) <-> comeau s sea foods ltd v canada minister of fisheries and oceans
SCC_2000-2026,SCC_2008scc58,1998canlii6857,both_weak,1,Credit Suisse Canada v. 1133 Yonge Street Holdings Ltd. <-> credit suisse canada v 1133 yonge street holdings ltd
SCC_2000-2026,SCC_2008scc58,1992canlii7428,both_weak,1,Foster (Re) <-> foster re
SCC_2000-2026,SCC_2008scc58,1995canlii69,both_strong,1,Husky Oil Operations Ltd. v. Minister of National Revenue <-> husky oil operations ltd v minister of national revenue
SCC_2000-2026,SCC_2008scc58,1997canlii808,Q_first_word_only,0,
SCC_2000-2026,SCC_2008scc58,1985canlii5514,both_weak,1,Joliffe v. The Queen <-> joliffe v the queen
SCC_2000-2026,SCC_2008scc58,2008nbqb44,Q_first_word_only,0,
SCC_2000-2026,SCC_2008scc58,1991canlii945,Q_not_found,0,
SCC_2000-2026,SCC_2008scc58,1985canlii76,both_strong,1,R. v. Tener <-> the queen in right of british columbia v tener
SCC_2000-2026,SCC_2008scc58,1987canlii4098,both_loose,1,Re National Trust Co. and Bouckhuyt et al. <-> re national trust co and bouckhuyt
SCC_2000-2026,SCC_2008scc58,2006nsca91,both_strong,1,Royal Bank of Canada v. Saulnier <-> 
SCC_2000-2026,SCC_2008scc58,2006nssc34,both_strong,1,Royal Bank of Canada v. Saulnier <-> 
SCC_2000-2026,SCC_2008scc58,2001bcsc840,both_strong,1,Slocombe & Associates v. Gold River Lodges <-> g slocombe and associates inc v gold river lodges ltd
SCC_2000-2026,SCC_2008scc58,2004nlca59,both_strong,1,St. Anthony's Seafoods Ltd Partnership v. Newfoundland and Labrador (Minister of Fisheries and Aquaculture) <-> 
SCC_2000-2026,SCC_2008scc58,1999canlii800,both_loose,1,Sugarman v. Duca Community Trust Limited <-> sugarman in trust v duca community credit union ltd
SCC_2000-2026,SCC_2008scc58,2002canlii37699,Q_first_word_only,0,
SCC_2000-2026,SCC_2008scc58,2007fca247,both_strong,1,Veffer v. Canada (Minister of Foreign Affairs) (F.C.A.) <-> veffer v canada minister of foreign affairs
SCC_2000-2026,SCC_2008scc58,XC-G160375,ours_only_origin_undetermined|pubnone:supported,0,reporter
SCC_2000-2026,SCC_2008scc58,XC-G160449,ours_only_origin_undetermined|pubca:supported,0,reporter
SCC_2000-2026,SCC_2008scc58,XC-G161076,ours_only_origin_undetermined|pubca:supported,0,reporter
SCC_2000-2026,SCC_2008scc58,XC-G161285,ours_only_origin_undetermined|pubforeign:supported,0,reporter
SCC_2000-2026,SCC_2008scc58,XC-G162256,ours_only_origin_undetermined|pubnone:supported,0,reporter
SCC_2000-2026,SCC_2008scc58,XC-G162783,ours_only_origin_ca|pubca:supported,0,reporter
SCC_2000-2026,SCC_2008scc58,XC-G163214,ours_only_origin_undetermined|pubnone:supported,0,reporter
SCC_2000-2026,SCC_2008scc58,XC-G163215,ours_only_origin_undetermined|pubnone:supported,0,reporter
SCC_2000-2026,SCC_2008scc58,XC-G163887,ours_only_origin_undetermined|pubnone:supported,0,reporter
SCC_2000-2026,SCC_2008scc58,XC-G164551,ours_only_origin_undetermined|pubca:supported,0,reporter
SCC_2000-2026,SCC_2008scc58,XC-G165019,ours_only_origin_undetermined|pubnone:supported,0,reporter
SCC_2000-2026,SCC_2008scc58,XC-G165960,ours_only_origin_undetermined|pubca:supported,0,reporter
SCC_2000-2026,SCC_2008scc58,XC-G166561,ours_only_origin_undetermined|pubnone:supported,0,reporter
SCC_2000-2026,SCC_2008scc58,XC-G167728,ours_only_origin_undetermined|pubforeign:supported,0,reporter
SCC_2000-2026,SCC_2008scc58,XC-G167782,ours_only_origin_undetermined|pubforeign:supported,0,reporter
SCC_2000-2026,SCC_2008scc58,XC-G169119,ours_only_origin_undetermined|pubca:supported,0,reporter
SCC_2000-2026,SCC_2008scc58,XC-G170413,ours_only_origin_ca|pubca:supported,0,reporter
SCC_2000-2026,SCC_2008scc58,XC-G170570,ours_only_origin_undetermined|pubca:supported,0,reporter
SCC_2000-2026,SCC_2008scc58,XC-G170908,ours_only_origin_undetermined|pubca:supported,0,neutral
SCC_2000-2026,SCC_2008scc58,XC-G172242,ours_only_origin_undetermined|pubca:supported,0,identifier
SCC_2000-2026,SCC_2008scc58,XC-G172243,ours_only_origin_undetermined|pubca:supported,0,identifier
SCC_2000-2026,SCC_2008scc58,XC-G172398,ours_only_origin_undetermined|pubca:supported,0,reporter
SCC_2000-2026,SCC_2008scc58,XC-G172399,ours_only_origin_undetermined|pubca:supported,0,reporter
SCC_2000-2026,SCC_2008scc58,XC-G172692,ours_only_origin_undetermined|pubnone:supported,0,reporter
SCC_2000-2026,SCC_2008scc58,XC-G185546,ours_only_origin_undetermined|pubnone:supported,0,reporter
SCC_2000-2026,SCC_2008scc58,XC-G193710,ours_only_origin_undetermined|pubca:supported,0,reporter
SCC_2000-2026,SCC_2008scc58,XC-G200673,ours_only_origin_undetermined|pubca:supported,0,reporter
SCC_2000-2026,SCC_2008scc58,XC-G201379,ours_only_origin_undetermined|pubca:supported,0,reporter
SCC_2000-2026,SCC_2008scc58,XC-G201473,ours_only_origin_undetermined|pubca:supported,0,reporter
SCC_2000-2026,SCC_2008scc58,XC-G202654,ours_only_origin_ca|pubca:supported,0,reporter
SCC_2000-2026,SCC_2008scc58,XC-G202756,ours_only_origin_ca|pubca:supported,0,reporter
SCC_2000-2026,SCC_2008scc58,XC-G204748,ours_only_origin_ca|pubca:supported,0,reporter
SCC_2000-2026,SCC_2008scc58,XC-G230558,ours_only_origin_undetermined|pubca:supported,0,reporter
SCC_2000-2026,SCC_2008scc58,XC-G230784,ours_only_origin_undetermined|pubca:supported,0,reporter
SCC_2000-2026,SCC_2014scc69,2013onca539,both_strong,1,R. v. Dunn <-> r v dunn
SCC_2000-2026,SCC_2014scc69,XC-G177547,ours_only_origin_undetermined|pubca:supported,0,identifier
SCC_2000-2026,SCC_2014scc69,XC-G177729,ours_only_origin_undetermined|pubca:supported,0,reporter
SCC_2000-2026,SCC_2014scc69,XC-G186281,ours_only_origin_ca|pubca:supported,0,reporter
SCC_2000-2026,SCC_2014scc69,XC-G209754,ours_only_origin_ca|pubca:supported,0,reporter
SCC_2000-2026,SCC_2014scc69,XC-G209848,ours_only_origin_undetermined|pubca:supported,0,reporter
SCC_2000-2026,SCC_2010scc11,1999canlii692,both_strong,1,Bazley v. Curry <-> bazley v curry
SCC_2000-2026,SCC_2010scc11,2002scc42,both_strong,1,Bell ExpressVu Limited Partnership v. Rex <-> bell expressvu limited partnership v rex
SCC_2000-2026,SCC_2010scc11,2005scc58,both_strong,1,Blackwater v. Plint <-> blackwater v plint
SCC_2000-2026,SCC_2010scc11,2004scc38,both_strong,1,British Columbia v. Canadian Forest Products Ltd. <-> british columbia v canadian forest products ltd
SCC_2000-2026,SCC_2010scc11,2006scc18,both_strong,1,Childs v. Desormeaux <-> childs v desormeaux
SCC_2000-2026,SCC_2010scc11,2001scc79,both_strong,1,Cooper v. Hobart <-> cooper v hobart
SCC_2000-2026,SCC_2010scc11,2008scc22,both_strong,1,Design Services Ltd. v. Canada <-> design services ltd v canada
SCC_2000-2026,SCC_2010scc11,1986canlii36,both_strong,1,E. (Mrs.) v. Eve <-> e mrs v eve
SCC_2000-2026,SCC_2010scc11,2001scc80,both_strong,1,Edwards v. Law Society of Upper Canada <-> edwards v law society of upper canada
SCC_2000-2026,SCC_2010scc11,2007scc41,both_strong,1,Hill v. Hamilton-Wentworth Regional Police Services Board <-> hill v hamilton wentworth regional police services board
SCC_2000-2026,SCC_2010scc11,2008scc42,both_strong,1,Holland v. Saskatchewan <-> holland v saskatchewan
SCC_2000-2026,SCC_2010scc11,2000scc12,both_strong,1,Ingles v. Tutkaluk Construction Ltd. <-> ingles v tutkaluk construction ltd
SCC_2000-2026,SCC_2010scc11,2003scc51,both_strong,1,K.L.B. v. British Columbia <-> k l b v british columbia
SCC_2000-2026,SCC_2010scc11,1984canlii21,both_strong,1,Kamloops v. Nielsen <-> kamloops city of v nielsen
SCC_2000-2026,SCC_2010scc11,1985canlii59,both_strong,1,King v. Low <-> king v low
SCC_2000-2026,SCC_2010scc11,1997canlii304,both_strong,1,Lewis (Guardian ad litem of) v. British Columbia <-> lewis guardian ad litem of v british columbia
SCC_2000-2026,SCC_2010scc11,1992canlii31,both_strong,1,M.(K.) v. M.(H.) <-> m k v m h
SCC_2000-2026,SCC_2010scc11,2003scc69,both_strong,1,Odhavji Estate v. Woodhouse <-> odhavji estate v woodhouse
SCC_2000-2026,SCC_2010scc11,1982canlii155,both_strong,1,Re: B.C. Family Relations Act <-> re b c family relations act
SCC_2000-2026,SCC_2010scc11,1982canlii219,both_strong,1,Re: Objection by Quebec to a Resolution to amend the Constitution <-> reference re objection by quebec to a resolution to
SCC_2000-2026,SCC_2010scc11,1991canlii74,both_strong,1,Reference Re Canada Assistance Plan (B.C.) <-> reference re canada assistance plan b c
SCC_2000-2026,SCC_2010scc11,2004scc79,both_strong,1,Reference re Same-Sex Marriage <-> reference re same sex marriage
SCC_2000-2026,SCC_2010scc11,1998canlii793,both_strong,1,Reference re Secession of Quebec <-> reference re secession of quebec
SCC_2000-2026,SCC_2010scc11,2009peca1,both_strong,1,Reference under S-s.18(1) of Supreme Court Act <-> 
SCC_2000-2026,SCC_2010scc11,1998canlii837,both_strong,1,Rizzo & Rizzo Shoes Ltd. (Re) <-> rizzo and rizzo shoes ltd re
SCC_2000-2026,SCC_2010scc11,1999canlii706,both_strong,1,Ryan v. Victoria (City) <-> ryan v victoria city
SCC_2000-2026,SCC_2010scc11,XC-G006233,ours_only_origin_undetermined|pubforeign:heuristic_only,0,neutral|reporter
SCC_2000-2026,SCC_2010scc11,XC-G147028,ours_only_origin_undetermined|pubforeign:supported,0,reporter
SCC_2000-2026,SCC_2010scc11,XC-G147603,ours_only_origin_undetermined|pubforeign:supported,0,reporter
SCC_2000-2026,SCC_2010scc11,XC-G174861,ours_only_origin_undetermined|pubnone:supported,0,reporter
SCC_2000-2026,SCC_2010scc11,XC-G205415,ours_only_origin_undetermined|pubnone:supported,0,reporter
SCC_2000-2026,SCC_2010scc11,XC-G209736,ours_only_origin_ca|pubca:supported,0,reporter
SCC_2000-2026,SCC_2010scc11,XC-G233018,ours_only_origin_undetermined|pubca:supported,0,reporter
SCC_2000-2026,SCC_2012scc18,2005canlii32906,both_weak,1,Bangoura v. Washington Post <-> bangoura v washington post
SCC_2000-2026,SCC_2012scc18,2009canlii7168,both_strong,1,Banro Corporation v. Éditions Écosociété Inc. <-> 
SCC_2000-2026,SCC_2012scc18,2010onca416,both_strong,1,Banro Corporation v. Les Éditions Écosociété Inc. <-> 
SCC_2000-2026,SCC_2012scc18,2003canlii64238,both_weak,1,Barrick Gold Corp. v. Blanchard & Co. <-> barrick gold corp v blanchard and co
SCC_2000-2026,SCC_2012scc18,2012scc17,both_strong,1,Club Resorts Ltd. v. Van Breda <-> club resorts ltd v van breda
SCC_2000-2026,SCC_2012scc18,2011scc47,both_strong,1,Crookes v. Newton <-> crookes v newton
SCC_2000-2026,SCC_2012scc18,1995canlii59,both_strong,1,Hill v. Church of Scientology of Toronto <-> hill v church of scientology of toronto
SCC_2000-2026,SCC_2012scc18,1997canlii542,both_loose,1,Hiltz and Seamone Co. Ltd. v. Nova Scotia (Attorney General) <-> hiltz and seamone co v nova scotia attorney general
SCC_2000-2026,SCC_2012scc18,1951canlii129,both_loose,1,Jenner v. Sun Oil Company Limited et al. <-> jenner v sun oil co
SCC_2000-2026,SCC_2012scc18,1990canlii29,both_strong,1,Morguard Investments Ltd. v. De Savoye <-> morguard investments ltd v de savoye
SCC_2000-2026,SCC_2012scc18,2002canlii44957,both_weak,1,Muscutt v. Courcelles <-> muscutt v courcelles
SCC_2000-2026,SCC_2012scc18,1998canlii17694,both_loose,1,Olde v. Capital Publishing Limited Partnership <-> olde v capital publishing ltd partnership
SCC_2000-2026,SCC_2012scc18,2011onca150,both_strong,1,Paulsson v. Cooper <-> paulsson v cooper
SCC_2000-2026,SCC_2012scc18,1994canlii44,both_strong,1,Tolofson v. Jensen; Lucas (Litigation Guardian of) v. Gagnon <-> tolofson v jensen
SCC_2000-2026,SCC_2012scc18,2010onca84,both_strong,1,Van Breda v. Village Resorts Limited <-> charron estate v village resorts ltd
SCC_2000-2026,SCC_2012scc18,2007canlii28334,both_strong,1,Visram v. Chandarana <-> visram v chandarana
SCC_2000-2026,SCC_2012scc18,2008onca709,both_strong,1,Young v. Tyco International of Canada Ltd. <-> relying on young v tyco international of canada ltd
SCC_2000-2026,SCC_2012scc18,XC-G161947,ours_only_origin_undetermined|pubnone:supported,0,reporter
SCC_2000-2026,SCC_2012scc18,XC-G165476,ours_only_origin_undetermined|pubca:supported,0,reporter
SCC_2000-2026,SCC_2012scc18,XC-G165958,ours_only_origin_undetermined|pubnone:supported,0,reporter
SCC_2000-2026,SCC_2012scc18,XC-G174622,ours_only_origin_undetermined|pubca:supported,0,identifier
SCC_2000-2026,SCC_2012scc18,XC-G174825,ours_only_origin_undetermined|pubca:supported,0,reporter
SCC_2000-2026,SCC_2012scc18,XC-G175329,ours_only_origin_undetermined|pubca:supported,0,identifier
SCC_2000-2026,SCC_2012scc18,XC-G175543,ours_only_origin_undetermined|pubca:supported,0,reporter
SCC_2000-2026,SCC_2012scc18,XC-G184382,ours_only_origin_ca|pubca:supported,0,reporter
SCC_2000-2026,SCC_2012scc18,XC-G234866,ours_only_origin_ca|pubca:supported,0,reporter
SCC_2000-2026,SCC_2012scc18,XC-G235539,ours_only_origin_ca|pubca:supported,0,reporter
SCC_2000-2026,SCC_2018scc3,2014qcca603,both_strong,1,Association des cadres de la Société des casinos du Québec c. Société des casinos du Québec <-> association des cadres de la soci t des casinos du qu bec v soci t des casinos du qu bec
SCC_2000-2026,SCC_2018scc3,1996canlii208,both_strong,1,Béliveau St-Jacques v. Fédération des employées et employés de services publics inc. <-> b liveau st jacques v f d ration des employ es et employ s de services publics inc
SCC_2000-2026,SCC_2018scc3,2002scc42,both_strong,1,Bell ExpressVu Limited Partnership v. Rex <-> bell expressvu limited partnership v rex
SCC_2000-2026,SCC_2018scc3,1999canlii652,both_strong,1,British Columbia (Public Service Employee Relations Commission) v. BCGSEU <-> british columbia public service employee relations commission v b c g s e u / british columbia public service employee relations commission v bcgseu
SCC_2000-2026,SCC_2018scc3,1999canlii646,both_strong,1,British Columbia (Superintendent of Motor Vehicles) v. British Columbia (Council of Human Rights) <-> british columbia superintendent of motor vehicles v british columbia council of human rights
SCC_2000-2026,SCC_2018scc3,2014qccs2580,both_strong,1,Caron c. Commission des lésions professionnelles <-> 
SCC_2000-2026,SCC_2018scc3,2012qcclp3625,both_strong,1,Caron et Centre Miriam <-> 
SCC_2000-2026,SCC_2018scc3,1990canlii76,both_strong,1,Central Alberta Dairy Pool v. Alberta (Human Rights Commission) <-> central alberta dairy pool v alberta human rights commission
SCC_2000-2026,SCC_2018scc3,2005scc35,both_strong,1,Chaoulli v. Quebec (Attorney General) <-> chaoulli v quebec attorney general
SCC_2000-2026,SCC_2018scc3,2015qcca1048,both_strong,1,Commission de la santé et de la sécurité au travail c. Caron <-> 
SCC_2000-2026,SCC_2018scc3,1994canlii102,both_strong,1,Commission scolaire régionale de Chambly v. Bergevin <-> commission scolaire r gionale de chambly v bergevin
SCC_2000-2026,SCC_2018scc3,2007scc15,both_strong,1,Council of Canadians with Disabilities v. VIA Rail Canada Inc. <-> council of canadians with disabilities v via rail canada inc
SCC_2000-2026,SCC_2018scc3,2010scc51,both_strong,1,de Montigny v. Brossard (Succession) <-> de montigny v brossard succession
SCC_2000-2026,SCC_2018scc3,2008scc9,both_strong,1,Dunsmuir v. New Brunswick <-> dunsmuir v new brunswick
SCC_2000-2026,SCC_2018scc3,1988canlii19,both_strong,1,Ford v. Quebec (Attorney General) <-> ford v quebec attorney general
SCC_2000-2026,SCC_2018scc3,2007qcca1433,both_strong,1,Gauthier c. Commission scolaire Marguerite-Bourgeoys <-> gauthier v demers
SCC_2000-2026,SCC_2018scc3,1999canlii21577,both_strong,1,Gougeon et Canadian Tire <-> gougeon re
SCC_2000-2026,SCC_2018scc3,2008scc43,both_strong,2,"Hydro-Québec v. Syndicat des employé-e-s de techniques professionnelles et de bureau d'Hydro-Québec, section locale 2000 (SCFP-FTQ) <-> "
SCC_2000-2026,SCC_2018scc3,2017scc54,both_strong,1,"Ktunaxa Nation v. British Columbia (Forests, Lands and Natural Resource Operations) <-> ktunaxa nation v british columbia forests lands and natural resource operations"
SCC_2000-2026,SCC_2018scc3,2007scc4,both_strong,2,McGill University Health Centre (Montreal General Hospital) v. Syndicat des employés de l'Hôpital général de Montréal <-> mcgill university health centre montreal general hospital v syndicat des employ s de l h pital g n ral de montr al
SCC_2000-2026,SCC_2018scc3,2012scc61,both_strong,1,Moore v. British Columbia (Education) <-> moore v british columbia education
SCC_2000-2026,SCC_2018scc3,2015scc16,both_strong,1,Mouvement laïque québécois v. Saguenay (City) <-> mouvement la que qu b cois v saguenay city
SCC_2000-2026,SCC_2018scc3,2005scc16,both_strong,1,Okwuobi v. Lester B. Pearson School Board; Casimir v. Quebec (Attorney General); Zorrilla v. Quebec (Attorney General) <-> okwuobi v lester b pearson school board
SCC_2000-2026,SCC_2018scc3,1985canlii18,both_strong,1,Ont. Human Rights Comm. v. Simpsons-Sears <-> ontario human rights commission v simpsons sears ltd
SCC_2000-2026,SCC_2018scc3,2003scc42,both_strong,1,"Parry Sound (District) Social Services Administration Board v. O.P.S.E.U., Local 324 <-> parry sound district social services administration board v o p s e u local 324"
SCC_2000-2026,SCC_2018scc3,2015scc39,both_strong,2,Quebec (Commission des droits de la personne et des droits de la jeunesse) v. Bombardier Inc. (Bombardier Aerospace Training Center) <-> 
SCC_2000-2026,SCC_2018scc3,2004scc30,both_strong,1,Quebec (Commission des droits de la personne et des droits de la jeunesse) v. Communauté urbaine de Montréal <-> quebec commission des droits de la personne et des droits de la jeunesse v communaut urbaine de montr al
SCC_2000-2026,SCC_2018scc3,2000scc27,both_strong,1,Quebec (Commission des droits de la personne et des droits de la jeunesse) v. Montréal (City); Quebec (Commission des droits de la personne et des droits de la jeunesse) v. Boisbriand (City) <-> quebec commission des droits de la personne et des droits de la jeunesse v montr al city
SCC_2000-2026,SCC_2018scc3,2001scc81,both_strong,1,R. v. 974649 Ontario Inc. <-> r v 974649 ontario inc
SCC_2000-2026,SCC_2018scc3,2014scc28,both_strong,1,R. v. Clarke <-> r v clarke
SCC_2000-2026,SCC_2018scc3,2010scc22,both_strong,1,R. v. Conway <-> r v conway
SCC_2000-2026,SCC_2018scc3,1986canlii46,both_strong,1,R. v. Oakes <-> r v oakes
SCC_2000-2026,SCC_2018scc3,2013scc11,both_strong,1,Saskatchewan (Human Rights Commission) v. Whatcott <-> saskatchewan human rights commission v whatcott
SCC_2000-2026,SCC_2018scc3,2009qcca329,both_strong,1,Société des établissements de plein air du Québec c. Syndicat de la fonction publique du Québec <-> soci t des tablissements de plein air du qu bec v syndicat de la fonction publique du qu bec
SCC_2000-2026,SCC_2018scc3,2017scc30,both_strong,1,Stewart v. Elk Valley Coal Corp. <-> stewart v elk valley coal corp
SCC_2000-2026,SCC_2018scc3,2012qcca179,both_strong,1,"Syndicat canadien des communications, de l'énergie et du papier, section locale 427 c. Tembec, usine de Matane <-> syndicat canadien des communications de l nergie et du papier section locale 427 v tembec usine de matane"
SCC_2000-2026,SCC_2018scc3,2004scc47,both_strong,1,Syndicat Northcrest v. Amselem <-> syndicat northcrest v amselem
SCC_2000-2026,SCC_2018scc3,2006scc14,both_strong,1,"Tranchemontagne v. Ontario (Director, Disability Support Program) <-> tranchemontagne v ontario director disability support program"
SCC_2000-2026,SCC_2018scc3,2006qcca508,both_strong,1,Université de Montréal c. Commission des droits de la personne et des droits de la jeunesse <-> universit de montr al v qu bec commission des droits de la personne et des droits de la jeunesse
SCC_2000-2026,SCC_2018scc3,2015qcca1943,both_strong,1,Université McGill c. McGill University Non Academic Certified Association (MUNACA) <-> universit mcgill v mcgill university non academic certified association munaca
SCC_2000-2026,SCC_2018scc3,1995canlii108,both_strong,1,Weber v. Ontario Hydro <-> weber v ontario hydro
SCC_2000-2026,SCC_2018scc3,XC-G166798,ours_only_origin_undetermined|pubnone:supported,0,reporter
SCC_2000-2026,SCC_2018scc3,XC-G176874,ours_only_origin_undetermined|pubnone:supported,0,reporter
SCC_2000-2026,SCC_2018scc3,XC-G178334,ours_only_origin_undetermined|pubca:supported,0,identifier
SCC_2000-2026,SCC_2018scc3,XC-G178418,ours_only_origin_undetermined|pubca:supported,0,reporter
SCC_2000-2026,SCC_2018scc3,XC-G179087,ours_only_origin_undetermined|pubca:supported,0,identifier
SCC_2000-2026,SCC_2018scc3,XC-G179169,ours_only_origin_undetermined|pubca:supported,0,reporter
SCC_2000-2026,SCC_2018scc3,XC-G227665,ours_only_origin_undetermined|pubca:supported,0,reporter
SCC_2000-2026,SCC_2023scc31,2019nwtsc25,both_strong,1,"A.B., Commission scolaire francophone c. Ministre de l’Éducation <-> "
SCC_2000-2026,SCC_2023scc31,2021nwtca8,both_strong,1,"A.B. v Northwest Territories (Minister of Education, Culture and Employment) <-> "
SCC_2000-2026,SCC_2023scc31,2013scc36,both_strong,1,Agraira v. Canada (Public Safety and Emergency Preparedness) <-> agraira v canada public safety and emergency preparedness
SCC_2000-2026,SCC_2023scc31,2002scc2,both_strong,1,Ahani v. Canada (Minister of Citizenship and Immigration) <-> ahani v canada minister of citizenship and immigration
SCC_2000-2026,SCC_2023scc31,2000scc1,both_strong,1,Arsenault-Cameron v. Prince Edward Island <-> arsenault cameron v prince edward island
SCC_2000-2026,SCC_2023scc31,2015scc21,both_strong,1,Association des parents de l’école Rose‑des‑vents v. British Columbia (Education) <-> association des parents de l cole rose des vents v british columbia education
SCC_2000-2026,SCC_2023scc31,1978canlii192,both_strong,1,Attorney General (Que.) and Glassco v. Cumming <-> attorney general of quebec v cumming
SCC_2000-2026,SCC_2023scc31,1999canlii699,both_strong,1,Baker v. Canada (Minister of Citizenship and Immigration) <-> baker v canada minister of citizenship and immigration
SCC_2000-2026,SCC_2023scc31,2002scc42,both_strong,1,Bell ExpressVu Limited Partnership v. Rex <-> bell expressvu limited partnership v rex
SCC_2000-2026,SCC_2023scc31,2019scc31,both_strong,1,Bessette v. British Columbia (Attorney General) <-> bessette v british columbia attorney general
SCC_2000-2026,SCC_2023scc31,2009scc12,both_strong,1,Canada (Citizenship and Immigration) v. Khosa <-> canada citizenship and immigration v khosa
SCC_2000-2026,SCC_2023scc31,2019scc65,both_strong,1,Canada (Minister of Citizenship and Immigration) v. Vavilov <-> canada minister of citizenship and immigration v vavilov
SCC_2000-2026,SCC_2023scc31,2019scc67,both_strong,1,Canada Post Corp. v. Canadian Union of Postal Workers <-> canada post corp v canadian union of postal workers
SCC_2000-2026,SCC_2023scc31,2020nwtsc28,both_strong,1,Commission scolaire francophone v Minister of Education <-> 
SCC_2000-2026,SCC_2023scc31,2020scc13,both_strong,1,Conseil scolaire francophone de la Colombie‑Britannique v. British Columbia <-> conseil scolaire francophone de la colombie britannique v british columbia
SCC_2000-2026,SCC_2023scc31,2012scc12,both_strong,1,Doré v. Barreau du Québec <-> dor v barreau du qu bec
SCC_2000-2026,SCC_2023scc31,2003scc62,both_strong,1,Doucet-Boudreau v. Nova Scotia (Minister of Education) <-> doucet boudreau v nova scotia minister of education
SCC_2000-2026,SCC_2023scc31,2003scc19,both_strong,1,Dr. Q. v. College of Physicians and Surgeons of British Columbia <-> dr q v college of physicians and surgeons of british columbia
SCC_2000-2026,SCC_2023scc31,2005scc15,both_strong,1,Gosselin (Tutor of) v. Quebec (Attorney General) <-> gosselin tutor of v quebec attorney general
SCC_2000-2026,SCC_2023scc31,1995canlii59,both_strong,1,Hill v. Church of Scientology of Toronto <-> hill v church of scientology of toronto
SCC_2000-2026,SCC_2023scc31,2008scc23,both_strong,1,Lake v. Canada (Minister of Justice) <-> lake v canada minister of justice
SCC_2000-2026,SCC_2023scc31,2018scc32,both_strong,1,Law Society of British Columbia v. Trinity Western University <-> law society of british columbia v trinity western university
SCC_2000-2026,SCC_2023scc31,2015scc12,both_strong,1,Loyola High School v. Quebec (Attorney General) <-> loyola high school v quebec attorney general
SCC_2000-2026,SCC_2023scc31,1997canlii403,both_strong,1,M. (A.) v. Ryan <-> m a v ryan
SCC_2000-2026,SCC_2023scc31,1987abca158,both_weak,1,Mahe v. Alberta <-> mahe v alberta
SCC_2000-2026,SCC_2023scc31,1990canlii133,both_strong,1,Mahe v. Alberta <-> mahe v alberta
SCC_2000-2026,SCC_2023scc31,2018scc50,both_strong,1,Mazraani v. Industrial Alliance Insurance and Financial Services Inc. <-> mazraani v industrial alliance insurance and financial services inc
SCC_2000-2026,SCC_2023scc31,2009scc47,both_strong,1,"Nguyen v. Quebec (Education, Recreation and Sports) <-> quebec education recreation and sports v nguyen"
SCC_2000-2026,SCC_2023scc31,1999canlii684,both_strong,1,R. v. Beaulac <-> r v beaulac
SCC_2000-2026,SCC_2023scc31,2023scc4,both_strong,1,R. v. McGregor <-> r v mcgregor
SCC_2000-2026,SCC_2023scc31,1986canlii46,both_strong,1,R. v. Oakes <-> r v oakes
SCC_2000-2026,SCC_2023scc31,1991canlii17,both_strong,1,R. v. Salituro <-> r v salituro
SCC_2000-2026,SCC_2023scc31,1993canlii119,both_strong,1,"Reference re Public Schools Act (Man.), s. 79(3), (4) and (7) <-> reference re public schools act man"
SCC_2000-2026,SCC_2023scc31,1986canlii5,both_strong,1,RWDSU v. Dolphin Delivery Ltd. <-> rwdsu v dolphin delivery ltd
SCC_2000-2026,SCC_2023scc31,1986canlii66,both_strong,1,Société des Acadiens v. Association of Parents <-> soci t des acadiens du nouveau brunswick inc v association of parents for fairness in education
SCC_2000-2026,SCC_2023scc31,2005scc14,both_strong,1,Solski (Tutor of) v. Quebec (Attorney General) <-> solski tutor of v quebec attorney general
SCC_2000-2026,SCC_2023scc31,2002scc1,both_strong,1,Suresh v. Canada (Minister of Citizenship and Immigration) <-> suresh v canada minister of citizenship and immigration
SCC_2000-2026,SCC_2023scc31,2015scc25,both_strong,1,"Yukon Francophone School Board, Education Area #23 v. Yukon (Attorney General) <-> yukon francophone school board education area 23 v yukon attorney general"
SCC_2000-2026,SCC_2023scc31,XC-G178074,ours_only_origin_undetermined|pubnone:supported,0,reporter
SCC_2000-2026,SCC_2023scc31,XC-G181633,ours_only_origin_undetermined|pubnone:supported,0,reporter
SCC_2000-2026,SCC_2023scc31,XC-G182214,ours_only_origin_undetermined|pubnone:supported,0,reporter
SCC_2000-2026,SCC_2023scc31,XC-G182386,ours_only_origin_undetermined|pubca:supported,0,reporter
SCC_2000-2026,SCC_2023scc31,XC-G182680,ours_only_origin_undetermined|pubnone:supported,0,reporter
SCC_2000-2026,SCC_2023scc31,XC-G183230,ours_only_origin_undetermined|pubnone:supported,0,reporter
SCC_2000-2026,SCC_2023scc31,XC-G184326,ours_only_origin_undetermined|pubnone:supported,0,reporter
SCC_2000-2026,SCC_2023scc31,XC-G197571,ours_only_origin_undetermined|pubnone:supported,0,reporter
SCC_2000-2026,SCC_2023scc31,XC-G199639,ours_only_origin_undetermined|pubnone:supported,0,reporter
SCC_2000-2026,SCC_2023scc31,XC-G217526,ours_only_origin_undetermined|pubnone:supported,0,reporter
SCC_2000-2026,SCC_2023scc31,XC-G219715,ours_only_origin_ca|pubca:supported,0,reporter
SCC_2000-2026,SCC_2023scc31,XC-G227048,ours_only_origin_undetermined|pubca:supported,0,reporter
SCC_2000-2026,SCC_2023scc31,XC-G234558,ours_only_origin_undetermined|pubca:supported,0,reporter
SCC_2000-2026,SCC_2011scc7,2003abqb843,both_strong,1,Alliance Pipeline Ltd. v. Smith <-> 
SCC_2000-2026,SCC_2011scc7,2009fca110,both_strong,1,Alliance Pipeline Ltd. v. Smith <-> smith v alliance pipeline ltd
SCC_2000-2026,SCC_2011scc7,2008fc12,both_strong,1,Alliance Pipeline Ltd. v. Smith <-> smith v alliance pipeline ltd
SCC_2000-2026,SCC_2011scc7,2008scc32,both_strong,1,Association des courtiers et agents immobiliers du Québec v. Proprio Direct inc. <-> association des courtiers et agents immobiliers du qu bec v proprio direct inc
SCC_2000-2026,SCC_2011scc7,2006scc4,both_strong,1,ATCO Gas & Pipelines Ltd. v. Alberta (Energy & Utilities Board) <-> atco gas and pipelines ltd v alberta energy and utilities board
SCC_2000-2026,SCC_2011scc7,2003scc28,both_strong,1,Barrie Public Utilities v. Canadian Cable Television Assn. <-> barrie public utilities v canadian cable television assn
SCC_2000-2026,SCC_2011scc7,1999bcca320,both_strong,1,Bayview  Builder's Supply (1972) Ltd. v. British Columbia <-> bayview builder s supply 1972 ltd v british columbia minister of transportation and highways
SCC_2000-2026,SCC_2011scc7,1979canlii23,both_strong,1,C.U.P.E. v. N.B. Liquor Corporation <-> canadian union of public employees local 963 v new brunswick liquor corp
SCC_2000-2026,SCC_2011scc7,2004bcca27,both_strong,1,Campbell River Woodworkers & Builders' Supply (1966) Ltd. v. British Columbia (Minister of Transportation And Highways) <-> 
SCC_2000-2026,SCC_2011scc7,2009scc12,both_strong,1,Canada (Citizenship and Immigration) v. Khosa <-> canada citizenship and immigration v khosa
SCC_2000-2026,SCC_2011scc7,1997canlii385,both_strong,1,Canada (Director of Investigation and Research) v. Southam Inc. <-> canada director of investigation and research v southam inc
SCC_2000-2026,SCC_2011scc7,1995canlii148,both_strong,1,Canadian Broadcasting Corp. v. Canada (Labour Relations Board) <-> canadian broadcasting corp v canada labour relations board
SCC_2000-2026,SCC_2011scc7,2011scc1,both_strong,1,Celgene Corp. v. Canada (Attorney General) <-> celgene corp v canada attorney general
SCC_2000-2026,SCC_2011scc7,1973canlii678,both_weak,1,Christian & Missionary Alliance v. Municipality of Metropolitan Toronto <-> christian and missionary alliance v municipality of metropolitan toronto
SCC_2000-2026,SCC_2011scc7,2001scc44,both_strong,1,Danyluk v. Ainsworth Technologies Inc. <-> danyluk v ainsworth technologies inc
SCC_2000-2026,SCC_2011scc7,1949canlii50,both_strong,1,Diggon-Hibben Ltd. v. The King <-> diggon hibben ltd v the king
SCC_2000-2026,SCC_2011scc7,2003scc19,both_strong,1,Dr. Q. v. College of Physicians and Surgeons of British Columbia <-> dr q v college of physicians and surgeons of british columbia
SCC_2000-2026,SCC_2011scc7,2008scc9,both_strong,1,Dunsmuir v. New Brunswick <-> dunsmuir v new brunswick
SCC_2000-2026,SCC_2011scc7,1978canlii1307,both_loose,1,"Foulis et al. v. Robinson; Gore Mutual Ins. Co., Third Party <-> foulis v robinson"
SCC_2000-2026,SCC_2011scc7,1997canlii17810,both_loose,1,Hill v. Nova Scotia (Attorney General) <-> hill v nova scotia attorney general no 2
SCC_2000-2026,SCC_2011scc7,2006bcca488,both_strong,1,Holdom v. British Columbia Transit <-> holdom v british columbia transit
SCC_2000-2026,SCC_2011scc7,1987canlii2669,both_loose,1,Ian MacDonald Library Services Ltd. v. P.Z. Resort Systems Inc. <-> first relying on ian macdonald library services ltd v p z resort systems inc
SCC_2000-2026,SCC_2011scc7,1946canlii44,both_strong,1,Irving Oil Co. Ltd. v. The King <-> irving oil co v the king
SCC_2000-2026,SCC_2011scc7,1983canlii5145,both_loose,2,"Mahone Bay, Town of v. Lohnes, Younis and Lohnes' Market Limited <-> lohnes v town of mahone bay / town of mahone bay v lohnes"
SCC_2000-2026,SCC_2011scc7,2009scc39,both_strong,1,Nolan v. Kerry (Canada) Inc. <-> nolan v kerry canada inc
SCC_2000-2026,SCC_2011scc7,1998canlii778,both_strong,1,Pushpanathan v. Canada (Minister of Citizenship and Immigration) <-> pushpanathan v canada minister of citizenship and immigration
SCC_2000-2026,SCC_2011scc7,1933canlii132,both_loose,1,Re Conger Lehigh Coal Co. Ltd and the City of Toronto <-> re conger lehigh coal co and city of toronto
SCC_2000-2026,SCC_2011scc7,2007abca272,both_strong,1,Thoreson v. Alberta <-> thoreson v alberta minister of infrastructure
SCC_2000-2026,SCC_2011scc7,1997canlii378,both_strong,1,"Toronto (City) Board of Education v. O.S.S.T.F., District 15 <-> toronto city board of education v o s s t f district 15"
SCC_2000-2026,SCC_2011scc7,2003scc63,both_strong,1,"Toronto (City) v. C.U.P.E., Local 79 <-> toronto city v c u p e local 79"
SCC_2000-2026,SCC_2011scc7,1997canlii400,both_strong,1,Toronto Area Transit Operating Authority v. Dell Holdings Ltd. <-> toronto area transit operating authority v dell holdings ltd
SCC_2000-2026,SCC_2011scc7,1988canlii30,both_strong,1,"U.E.S., Local 298 v. Bibeault <-> u e s local 298 v bibeault"
SCC_2000-2026,SCC_2011scc7,XC-G166422,ours_only_origin_undetermined|pubnone:supported,0,reporter
SCC_2000-2026,SCC_2011scc7,XC-G173504,ours_only_origin_undetermined|pubnone:supported,0,reporter
SCC_2000-2026,SCC_2011scc7,XC-G173579,ours_only_origin_undetermined|pubca:supported,0,reporter
SCC_2000-2026,SCC_2011scc7,XC-G173768,ours_only_origin_undetermined|pubca:supported,0,identifier
SCC_2000-2026,SCC_2011scc7,XC-G173883,ours_only_origin_undetermined|pubca:supported,0,reporter
SCC_2000-2026,SCC_2011scc7,XC-G174592,ours_only_origin_undetermined|pubca:supported,0,identifier
SCC_2000-2026,SCC_2011scc7,XC-G174705,ours_only_origin_undetermined|pubca:supported,0,reporter
SCC_2000-2026,SCC_2011scc7,XC-G201411,ours_only_origin_undetermined|pubca:supported,0,reporter
SCC_2000-2026,SCC_2011scc7,XC-G210479,ours_only_origin_undetermined|pubca:supported,0,reporter
SCC_2000-2026,SCC_2011scc7,XC-G212389,ours_only_origin_undetermined|pubca:supported,0,reporter
SCC_2000-2026,SCC_2011scc7,XC-G214277,ours_only_origin_ca|pubca:supported,0,reporter
SCC_2000-2026,SCC_2011scc7,XC-G218303,ours_only_origin_undetermined|pubca:supported,0,reporter
SCC_2000-2026,SCC_2011scc7,XC-G224660,ours_only_origin_undetermined|pubca:supported,0,reporter
SCC_2000-2026,SCC_2011scc7,XC-G228033,ours_only_origin_undetermined|pubca:supported,0,reporter
SCC_2000-2026,SCC_2011scc7,XC-G230916,ours_only_origin_ca|pubca:supported,0,reporter
SCC_2000-2026,SCC_2013scc9,1983canlii26,both_strong,1,Bisaillon v. Keable <-> bisaillon v keable
SCC_2000-2026,SCC_2013scc9,2007scc43,both_strong,1,Named Person v. Vancouver Sun <-> named person v vancouver sun
SCC_2000-2026,SCC_2013scc9,2000canlii16820,Q_not_found,0,
SCC_2000-2026,SCC_2013scc9,2011scc51,both_strong,1,R. v. Barros <-> r v barros
SCC_2000-2026,SCC_2013scc9,2009scc52,both_strong,1,R. v. Basi <-> r v basi
SCC_2000-2026,SCC_2013scc9,1997canlii367,both_strong,1,R. v. Leipert <-> r v leipert
SCC_2000-2026,SCC_2013scc9,1991canlii45,both_strong,1,R. v. Stinchcombe <-> r v stinchcombe
SCC_2000-2026,SCC_2013scc9,XC-G021611,ours_only_origin_undetermined|pubca:heuristic_only,0,reporter
SCC_2000-2026,SCC_2013scc9,XC-G128289,ours_only_origin_undetermined|pubforeign:supported,0,reporter
SCC_2000-2026,SCC_2013scc9,XC-G191313,ours_only_origin_undetermined|pubforeign:supported,0,reporter
ONCA_1998-2006,ONCA_c39173,2002canlii78094,both_weak,1,Aguanno v. Aguanno <-> aguanno v aguanno
ONCA_1998-2006,ONCA_c39173,1999canlii715,both_strong,1,Bracklow  v.  Bracklow <-> bracklow v bracklow
ONCA_1998-2006,ONCA_c39173,1999canlii3711,both_weak,1,Brett v. Brett <-> brett v brett
ONCA_1998-2006,ONCA_c39173,2003canlii64332,Q_first_word_only,0,
ONCA_1998-2006,ONCA_c39173,1999canlii707,both_strong,1,Chartier v. Chartier <-> chartier v chartier
ONCA_1998-2006,ONCA_c39173,1978canlii652,both_weak,1,Collins v. Collins <-> collins v collins
ONCA_1998-2006,ONCA_c39173,1987canlii74,both_strong,1,Frame v. Smith <-> frame v smith
ONCA_1998-2006,ONCA_c39173,1999canlii659,both_strong,1,Francis v. Baker <-> francis v baker
ONCA_1998-2006,ONCA_c39173,1972canlii410,both_loose,1,Hansford v. Hansford et al. <-> hansford v hansford
ONCA_1998-2006,ONCA_c39173,2004scc22,both_strong,1,Hartshorne v. Hartshorne <-> hartshorne v hartshorne
ONCA_1998-2006,ONCA_c39173,2003canlii2130,both_weak,1,Hart v. Hart <-> hart v hart
ONCA_1998-2006,ONCA_c39173,1999canlii691,both_strong,1,Hickey v. Hickey <-> hickey v hickey
ONCA_1998-2006,ONCA_c39173,1974canlii2193,both_weak,1,Krueger v. Taubner <-> krueger v taubner
ONCA_1998-2006,ONCA_c39173,2002canlii45060,both_loose,1,Louie v. Lastman (No.1) <-> louie v lastman
ONCA_1998-2006,ONCA_c39173,1992canlii31,both_strong,1,M.(K.) v. M.(H.) <-> m k v m h
ONCA_1998-2006,ONCA_c39173,2002bcca216,Q_not_found,0,
ONCA_1998-2006,ONCA_c39173,1995canlii6247,Q_first_word_only,0,
ONCA_1998-2006,ONCA_c39173,1978canlii1270,both_weak,1,Malcovitch v. Malcovitch <-> malcovitch v malcovitch
ONCA_1998-2006,ONCA_c39173,1992canlii4668,Q_first_word_only,0,
ONCA_1998-2006,ONCA_c39173,2003canlii27673,both_weak,1,Marinangeli v. Marinangeli <-> marinangeli v marinangeli
ONCA_1998-2006,ONCA_c39173,1978canlii3055,both_weak,1,Mercer v. Mercer <-> mercer v mercer
ONCA_1998-2006,ONCA_c39173,2003scc24,both_strong,1,Miglin v. Miglin <-> miglin v miglin
ONCA_1998-2006,ONCA_c39173,1992canlii25,both_strong,1,Moge v. Moge <-> moge v moge
ONCA_1998-2006,ONCA_c39173,1970canlii370,both_weak,1,Paras v. Paras <-> paras v paras
ONCA_1998-2006,ONCA_c39173,1987canlii58,both_strong,1,Richardson v. Richardson <-> richardson v richardson
ONCA_1998-2006,ONCA_c39173,1998canlii837,both_strong,1,Rizzo & Rizzo Shoes Ltd. (Re) <-> rizzo and rizzo shoes ltd re
ONCA_1998-2006,ONCA_c39173,1995canlii6228,both_weak,1,Ross v. Ross <-> ross v ross
ONCA_1998-2006,ONCA_c39173,1999bcca393,Q_not_found,0,
ONCA_1998-2006,ONCA_c39173,2003canlii2028,Q_not_found,0,
ONCA_1998-2006,ONCA_c39173,2003bcca600,both_weak,1,Tedham v. Tedham <-> tedham v tedham
ONCA_1998-2006,ONCA_c39173,2004bcca101,both_weak,1,Tedham v. Tedham <-> tedham v tedham
ONCA_1998-2006,ONCA_c39173,1994canlii7576,both_weak,1,Underwood v. Underwood <-> underwood v underwood
ONCA_1998-2006,ONCA_c39173,1995canlii17840,both_weak,1,Underwood v. Underwood <-> underwood v underwood
ONCA_1998-2006,ONCA_c39173,2004canlii24259,both_weak,1,Walsh v. Walsh <-> walsh v walsh
ONCA_1998-2006,ONCA_c39173,2004canlii36110,both_weak,1,Walsh v. Walsh <-> walsh v walsh
ONCA_1998-2006,ONCA_c39173,2001abca307,both_strong,1,Whitton v. Shippelt <-> whitton v shippelt
ONCA_1998-2006,ONCA_c39173,1994canlii28,both_strong,1,Willick v. Willick <-> willick v willick
ONCA_1998-2006,ONCA_c39173,XC-G061378,ours_only_origin_ca|pubca:supported,0,reporter
ONCA_1998-2006,ONCA_c39173,XC-G086759,ours_only_origin_undetermined|pubca:supported,0,reporter
ONCA_1998-2006,ONCA_c39173,XC-G086787,ours_only_origin_undetermined|pubca:supported,0,reporter
ONCA_1998-2006,ONCA_c39173,XC-G087118,ours_only_origin_undetermined|pubnone:supported,0,reporter
ONCA_1998-2006,ONCA_c39173,XC-G087747,ours_only_origin_undetermined|pubca:supported,0,reporter
ONCA_1998-2006,ONCA_c39173,XC-G111658,ours_only_origin_ca|pubca:supported,0,reporter
ONCA_1998-2006,ONCA_c39173,XC-G111975,ours_only_origin_undetermined|pubnone:supported,0,reporter
ONCA_1998-2006,ONCA_c39173,XC-G114467,ours_only_origin_ca|pubca:supported,0,reporter
ONCA_1998-2006,ONCA_c39173,XC-G114830,ours_only_origin_ca|pubca:supported,0,reporter
ONCA_1998-2006,ONCA_c39173,XC-G115719,ours_only_origin_undetermined|pubnone:supported,0,reporter
ONCA_1998-2006,ONCA_c39173,XC-G115720,ours_only_origin_undetermined|pubnone:supported,0,reporter
ONCA_1998-2006,ONCA_c39173,XC-G115722,ours_only_origin_undetermined|pubnone:supported,0,reporter
ONCA_1998-2006,ONCA_c39173,XC-G121964,ours_only_origin_ca|pubca:supported,0,reporter
ONCA_1998-2006,ONCA_c39173,XC-G122732,ours_only_origin_ca|pubca:supported,0,reporter
ONCA_1998-2006,ONCA_c39173,XC-G122899,ours_only_origin_ca|pubca:supported,0,reporter
ONCA_1998-2006,ONCA_c39173,XC-G123578,ours_only_origin_ca|pubca:supported,0,reporter
ONCA_1998-2006,ONCA_c33445,1987canlii8350,both_loose,1,Broadbent v. Broadbent Estate and Mealey <-> mealy v broadbent
ONCA_1998-2006,ONCA_c33445,1998canlii14840,both_loose,1,Clayton v. Clayton <-> he referred to clayton v clayton
ONCA_1998-2006,ONCA_c33445,1981canlii4074,both_weak,1,Mance v. Mance <-> mance v mance
ONCA_1998-2006,ONCA_c33445,1984canlii3063,Q_not_found,0,
ONCA_1998-2006,ONCA_c33445,1986canlii2616,both_weak,1,Newby v. Newby <-> newby v newby
ONCA_1998-2006,ONCA_c33445,1999canlii14963,Q_first_word_only,0,
ONCA_1998-2006,ONCA_c33445,XC-G076657,ours_only_origin_ca|pubca:supported,0,reporter
ONCA_1998-2006,ONCA_c33445,XC-G112517,ours_only_origin_undetermined|pubca:supported,0,reporter
ONCA_1998-2006,ONCA_c33445,XC-G115662,ours_only_origin_undetermined|pubnone:supported,0,reporter
ONCA_1998-2006,ONCA_c41451,2003canlii30327,Q_first_word_only,0,
ONCA_1998-2006,ONCA_c41451,XC-G087666,ours_only_origin_undetermined|pubca:supported,0,reporter
ONCA_1998-2006,ONCA_c31276,1999canlii664,Q_first_word_only,0,
ONCA_1998-2006,ONCA_c31276,XC-G079749,ours_only_origin_undetermined|pubca:supported,0,reporter
ONCA_1998-2006,ONCA_c31276,XC-G084260,ours_only_origin_undetermined|pubca:supported,0,reporter
ONCA_1998-2006,ONCA_c41268c41269,1995canlii7021,Q_not_found,0,
ONCA_1998-2006,ONCA_c41268c41269,1983canlii3114,Q_first_word_only,0,
ONCA_1998-2006,ONCA_c41268c41269,1997canlii14486,Q_first_word_only,0,
ONCA_1998-2006,ONCA_c41268c41269,1960canlii84,both_strong,1,The Queen v. Loblaw Groceteria Company (Manitoba) Limited / The Queen v. Thomson <-> r v loblaw groceteria co manitoba
ONCA_1998-2006,ONCA_c41268c41269,XC-G071896,ours_only_origin_foreign|pubforeign:supported,0,reporter
ONCA_1998-2006,ONCA_c41268c41269,XC-G076320,ours_only_origin_ca|pubca:supported,0,reporter
ONCA_1998-2006,ONCA_c41268c41269,XC-G081015,ours_only_origin_undetermined|pubca:supported,0,reporter
ONCA_1998-2006,ONCA_c41268c41269,XC-G081961,ours_only_origin_ca|pubca:supported,0,reporter
ONCA_1998-2006,ONCA_c32594,1996canlii10222,Q_not_found,0,
ONCA_1998-2006,ONCA_c32594,1994canlii8721,Q_not_found,0,
ONCA_1998-2006,ONCA_c32594,1997canlii1090,both_weak,1,R. v. Murray <-> r v murray
ONCA_1998-2006,ONCA_c32594,1995canlii1439,both_weak,1,R. v. Vandenberghe <-> r v vandenberghe
ONCA_1998-2006,ONCA_c32594,XC-G016828,ours_only_origin_undetermined|pubca:heuristic_only,0,reporter
ONCA_1998-2006,ONCA_c32594,XC-G020322,ours_only_origin_undetermined|pubca:heuristic_only,0,reporter
ONCA_1998-2006,ONCA_c32594,XC-G080214,ours_only_origin_undetermined|pubca:heuristic_only,0,reporter
ONCA_1998-2006,ONCA_c32594,XC-G081195,ours_only_origin_undetermined|pubca:supported,0,reporter
ONCA_1998-2006,ONCA_c32594,XC-G112341,ours_only_origin_undetermined|pubca:supported,0,reporter
ONCA_1998-2006,ONCA_c35833,1985canlii34,both_strong,1,Grdic v. The Queen <-> grdic v the queen
ONCA_1998-2006,ONCA_c35833,1994canlii3447,Q_not_found,0,
ONCA_1998-2006,ONCA_c35833,1998canlii769,both_strong,1,R. v. Arp <-> r v arp
ONCA_1998-2006,ONCA_c35833,1995canlii138,both_strong,1,R. v. Crawford <-> r v crawford
ONCA_1998-2006,ONCA_c35833,2000canlii4535,both_weak,1,R. v. Diu <-> r v diu
ONCA_1998-2006,ONCA_c35833,1993canlii53,both_strong,1,R. v. Jackson <-> r v jackson
ONCA_1998-2006,ONCA_c35833,1991canlii11739,both_weak,2,R. v. Jackson <-> r v jackson / r v jackson
ONCA_1998-2006,ONCA_c35833,1987canlii180,both_weak,1,R. v. Kendall <-> r v kendall
ONCA_1998-2006,ONCA_c35833,1997canlii1271,Q_not_found,0,
ONCA_1998-2006,ONCA_c35833,1999canlii1885,both_weak,1,R. v. Valentini <-> r v valentini
ONCA_1998-2006,ONCA_c35833,1993canlii14688,both_loose,1,R. v. Verney (M.) <-> r v verney
ONCA_1998-2006,ONCA_c35833,1998canlii18067,both_loose,1,R. v. Wells <-> also r v wells
ONCA_1998-2006,ONCA_c35833,XC-G014809,ours_only_origin_undetermined|pubca:heuristic_only,0,reporter
ONCA_1998-2006,ONCA_c35833,XC-G082092,ours_only_origin_undetermined|pubca:heuristic_only,0,reporter
ONCA_1998-2006,ONCA_c45458,2005canlii29339,both_loose,1,Lakeport Brewing Corp. v. Teamsters Local Union 938 <-> lakeport beverages v teamsters local union 938
ONCA_1998-2006,ONCA_c45458,XC-G090523,ours_only_origin_undetermined|pubca:supported,0,reporter
ONCA_1998-2006,ONCA_c23836,1981canlii3120,both_loose,1,R. v. McNamara <-> r v mcnamara et al no 1
ONCA_1998-2006,ONCA_c35342,2001canlii6363,both_weak,1,R. v. Moore-McFarlane <-> r v moore mcfarlane
ONCA_1998-2006,ONCA_c32143m24334,1985canlii3576,Q_first_word_only,0,
ONCA_1998-2006,ONCA_c32143m24334,XC-G116336,ours_only_origin_undetermined|pubca:supported,0,reporter
ONCA_1998-2006,ONCA_c41163,1999canlii1527,both_weak,1,ADGA Systems International Ltd. v. Valcom Ltd. <-> adga systems international ltd v valcom ltd
ONCA_1998-2006,ONCA_c41163,1967canlii189,both_loose,1,Clarkson Co. Ltd. v. Zhelka et al. <-> clarkson co ltd v zhelka
ONCA_1998-2006,ONCA_c41163,2002canlii41834,both_weak,1,Rodaro v. Royal Bank of Canada <-> rodaro v royal bank of canada
ONCA_1998-2006,ONCA_c41163,1995canlii1301,both_strong,1,ScotiaMcLeod Inc. v. Peoples Jewellers Ltd. <-> scotiamcleod inc v peoples jewellers ltd
ONCA_1998-2006,ONCA_c41163,1996canlii7979,both_weak,1,Transamerica Life Insurance Co. of Canada v. Canada Life Assurance Co. <-> transamerica life insurance co of canada v canada life assurance co
ONCA_1998-2006,ONCA_c41163,XC-G080587,ours_only_origin_undetermined|pubca:supported,0,reporter
ONCA_1998-2006,ONCA_c41163,XC-G082500,ours_only_origin_undetermined|pubca:supported,0,reporter
ONCA_1998-2006,ONCA_c41163,XC-G087695,ours_only_origin_undetermined|pubca:supported,0,reporter
ONCA_1998-2006,ONCA_c34750,2000canlii30142,Q_first_word_only,0,
ONCA_1998-2006,ONCA_c34750,XC-G084365,ours_only_origin_ca|pubca:supported,0,reporter
ONCA_1998-2006,ONCA_c42946,1985canlii74,both_strong,1,Operation Dismantle v. The Queen <-> operation dismantle inc v the queen
ONCA_1998-2006,ONCA_c42044,2003canlii36164,both_loose,1,R. v. Lacroix <-> regina v lacroix
ONCA_1998-2006,ONCA_c36766,1986canlii16,both_strong,1,Mezzo v. The Queen <-> mezzo v the queen
ONCA_1998-2006,ONCA_c36766,2003canlii29258,both_weak,1,R. v. Armstrong <-> r v armstrong
ONCA_1998-2006,ONCA_c36766,1993canlii101,both_strong,1,R. v. Bevan <-> r v bevan
ONCA_1998-2006,ONCA_c36766,2000scc11,both_strong,1,R. v. Brooks <-> r v brooks
ONCA_1998-2006,ONCA_c36766,1982canlii20,both_strong,1,Vetrovec v. The Queen <-> r v vetrovec
ONCA_1998-2006,ONCA_c36766,XC-G087811,ours_only_origin_undetermined|pubca:supported,0,reporter
ONCA_1998-2006,ONCA_c39358,1995canlii108,both_strong,1,Weber v. Ontario Hydro <-> weber v ontario hydro
ONCA_1998-2006,ONCA_c30872,1997canlii764,both_weak,1,Stolze v. Addario <-> stolze v addario
ONCA_1998-2006,ONCA_c30872,1998canlii19422,Q_first_word_only,0,
ONCA_1998-2006,ONCA_c30872,XC-G017689,ours_only_origin_ca|pubca:supported,0,reporter
ONCA_1998-2006,ONCA_c30872,XC-G082670,ours_only_origin_ca|pubca:supported,0,reporter
ONCA_1998-2006,ONCA_c34949,1985canlii2063,both_weak,1,Fabian v. Margulies <-> fabian v margulies
ONCA_1998-2006,ONCA_c34949,1986canlii145,both_loose,1,Re Blainey and Ontario Hockey Association <-> blainey v ontario hockey association
ONCA_1998-2006,ONCA_c32644,1986canlii13,both_strong,1,A.G. (Que.) v. Expropriation Tribunal <-> 
ONCA_1998-2006,ONCA_c32644,1975canlii4,Q_first_word_only,0,
ONCA_1998-2006,ONCA_c32644,1979canlii3029,Q_first_word_only,0,
ONCA_1998-2006,ONCA_c32644,1978canlii2448,Q_first_word_only,0,
ONCA_1998-2006,ONCA_c32644,1978canlii2375,Q_first_word_only,0,
ONCA_1998-2006,ONCA_c32644,1978canlii3682,Q_first_word_only,0,
ONCA_1998-2006,ONCA_c32644,1979canlii4069,Q_first_word_only,0,
ONCA_1998-2006,ONCA_c32644,1978canlii3569,both_weak,1,Martinoff v. Gossen <-> martinoff v gossen
ONCA_1998-2006,ONCA_c32644,1992canlii25,both_strong,1,Moge v. Moge <-> moge v moge
ONCA_1998-2006,ONCA_c32644,1979canlii2299,Q_first_word_only,0,
ONCA_1998-2006,ONCA_c32644,1998canlii784,both_strong,1,R. v. Puskas <-> the analysis in r v puskas
ONCA_1998-2006,ONCA_c32644,1976canlii789,Q_first_word_only,0,
ONCA_1998-2006,ONCA_c32644,1980canlii1644,Q_first_word_only,0,
ONCA_1998-2006,ONCA_c32644,1992canlii2751,Q_first_word_only,0,
ONCA_1998-2006,ONCA_c32644,XC-G071839,ours_only_origin_undetermined|pubforeign:supported,0,reporter
ONCA_1998-2006,ONCA_c32644,XC-G074884,ours_only_origin_ca|pubca:supported,0,reporter
ONCA_1998-2006,ONCA_c32644,XC-G075107,ours_only_origin_ca|pubca:supported,0,reporter
ONCA_1998-2006,ONCA_c32644,XC-G075345,ours_only_origin_ca|pubca:supported,0,reporter
ONCA_1998-2006,ONCA_c32644,XC-G075552,ours_only_origin_ca|pubca:supported,0,reporter
ONCA_1998-2006,ONCA_c32644,XC-G075730,ours_only_origin_ca|pubca:supported,0,reporter
ONCA_1998-2006,ONCA_c32644,XC-G079429,ours_only_origin_ca|pubca:supported,0,reporter
ONCA_1998-2006,ONCA_c32644,XC-G119537,ours_only_origin_ca|pubca:supported,0,reporter
ONCA_1998-2006,ONCA_c32644,XC-G119538,ours_only_origin_ca|pubca:supported,0,reporter
ONCA_1998-2006,ONCA_c32644,XC-G122998,ours_only_origin_undetermined|pubca:supported,0,reporter
ONCA_1998-2006,ONCA_c32644,XC-G123270,ours_only_origin_undetermined|pubca:supported,0,reporter
ONCA_1998-2006,ONCA_c43997,2005canlii27144,Q_first_word_only,0,
ONCA_1998-2006,ONCA_c43997,XC-G078035,ours_only_origin_undetermined|pubnone:supported,0,reporter
ONCA_1998-2006,ONCA_c43997,XC-G079924,ours_only_origin_undetermined|pubnone:supported,0,reporter
ONCA_1998-2006,ONCA_c43997,XC-G088801,ours_only_origin_undetermined|pubca:supported,0,reporter
ONCA_1998-2006,ONCA_c36532,1999canlii3718,both_weak,1,R. v. Babinski <-> r v babinski
ONCA_1998-2006,ONCA_c24448,1979canlii8,both_loose,1,Palmer v. The Queen <-> r v palmer
ONCA_2007-2015,ONCA_2007onca853,2005canlii16569,both_loose,1,R. v. Clayton <-> c a and r v clayton
ONCA_2007-2015,ONCA_2007onca853,2006canlii18347,both_weak,1,R. v. Grant <-> r v grant
ONCA_2007-2015,ONCA_2007onca853,2002canlii45000,both_weak,1,R. v. Kitaitchik <-> r v kitaitchik
ONCA_2007-2015,ONCA_2007onca853,1999canlii3685,both_weak,1,R. v. McCallen <-> r v mccallen
ONCA_2007-2015,ONCA_2007onca853,2003canlii52164,both_weak,1,R. v. Richfield <-> r v richfield
ONCA_2007-2015,ONCA_2007onca853,2006canlii40497,Q_first_word_only,0,
ONCA_2007-2015,ONCA_2007onca853,XC-G091538,ours_only_origin_undetermined|pubca:supported,0,reporter
ONCA_2007-2015,ONCA_2013onca449,2001canlii8537,both_weak,1,Black v. Canada (Prime Minister) <-> black v canada prime minister
ONCA_2007-2015,ONCA_2013onca449,2007canlii49483,both_weak,1,Byrne v. Maas <-> byrne v maas
ONCA_2007-2015,ONCA_2013onca449,1998canlii1983,Q_first_word_only,0,
ONCA_2007-2015,ONCA_2013onca449,1981canlii2612,Q_first_word_only,0,
ONCA_2007-2015,ONCA_2013onca449,2009scc61,both_strong,1,Grant v. Torstar Corp. <-> grant v torstar corp
ONCA_2007-2015,ONCA_2013onca449,2012onsc4579,both_strong,1,Guergis v. Novak et al <-> 
ONCA_2007-2015,ONCA_2013onca449,1990canlii90,both_strong,1,Hunt v. Carey Canada Inc. <-> hunt v carey canada inc
ONCA_2007-2015,ONCA_2013onca449,2007onca852,both_strong,1,Longley v. Canada (Attorney General) <-> longley v canada attorney general
ONCA_2007-2015,ONCA_2013onca449,2003canlii22736,both_weak,1,Mantini v. Smith Lyons LLP <-> mantini v smith lyons llp
ONCA_2007-2015,ONCA_2013onca449,2001canlii38741,both_loose,1,Myers c. Société Radio-Canada <-> myers v c b c
ONCA_2007-2015,ONCA_2013onca449,2001canlii4874,Q_first_word_only,0,
ONCA_2007-2015,ONCA_2013onca449,2013scc19,both_strong,1,Penner v. Niagara (Regional Police Services Board) <-> penner v niagara regional police services board
ONCA_2007-2015,ONCA_2013onca449,2003scc63,both_strong,1,"Toronto (City) v. C.U.P.E., Local 79 <-> toronto city v c u p e local 79"
ONCA_2007-2015,ONCA_2013onca449,2005canlii35775,both_weak,1,Young v. Toronto Star Newspapers Ltd. <-> young v toronto star newspapers ltd
ONCA_2007-2015,ONCA_2013onca449,XC-G075882,ours_only_origin_ca|pubca:supported,0,reporter
ONCA_2007-2015,ONCA_2013onca449,XC-G077399,ours_only_origin_undetermined|pubca:heuristic_only,0,reporter
ONCA_2007-2015,ONCA_2013onca449,XC-G082662,ours_only_origin_ca|pubca:supported,0,reporter
ONCA_2007-2015,ONCA_2013onca449,XC-G083836,ours_only_origin_undetermined|pubca:supported,0,reporter
ONCA_2007-2015,ONCA_2013onca449,XC-G085358,ours_only_origin_undetermined|pubca:heuristic_only,0,reporter
ONCA_2007-2015,ONCA_2013onca449,XC-G086040,ours_only_origin_undetermined|pubca:supported,0,reporter
ONCA_2007-2015,ONCA_2013onca449,XC-G088349,ours_only_origin_undetermined|pubca:supported,0,identifier
ONCA_2007-2015,ONCA_2013onca449,XC-G088492,ours_only_origin_undetermined|pubca:supported,0,reporter
ONCA_2007-2015,ONCA_2013onca449,XC-G089412,ours_only_origin_undetermined|pubca:supported,0,reporter
ONCA_2007-2015,ONCA_2013onca449,XC-G090363,ours_only_origin_undetermined|pubca:supported,0,reporter
ONCA_2007-2015,ONCA_2013onca449,XC-G090505,ours_only_origin_undetermined|pubca:heuristic_only,0,neutral|reporter
ONCA_2007-2015,ONCA_2013onca449,XC-G126268,ours_only_origin_ca|pubca:supported,0,reporter
ONCA_2007-2015,ONCA_2013onca73,1993canlii116,both_strong,1,R. v. B. (K.G.) <-> r v b k g
ONCA_2007-2015,ONCA_2013onca73,2006bcca109,both_strong,1,R. v. Campbell <-> r v campbell
ONCA_2007-2015,ONCA_2013onca73,1997canlii2234,both_weak,1,R. v. Tat <-> r v tat
ONCA_2007-2015,ONCA_2009onca847,1998canlii954,both_weak,1,Aguonie v. Galion Solid Waste Material Inc. <-> aguonie v galion solid waste material inc
ONCA_2007-2015,ONCA_2009onca847,2007abca234,both_weak,1,Garry v. Canada <-> garry v canada
ONCA_2007-2015,ONCA_2009onca847,2008canlii35684,both_weak,1,Jourdain v. Ontario <-> jourdain v ontario
ONCA_2007-2015,ONCA_2009onca847,2007scc1,both_strong,1,Kingstreet Investments Ltd. v. New Brunswick (Finance) <-> kingstreet investments ltd v new brunswick finance
ONCA_2007-2015,ONCA_2009onca847,1993canlii3386,Q_first_word_only,0,
ONCA_2007-2015,ONCA_2009onca847,2009scc7,both_strong,1,Ravndahl v. Saskatchewan <-> 
ONCA_2007-2015,ONCA_2009onca847,2005canlii43288,both_weak,1,Romano v. D'Onofrio <-> romano v d onofrio
ONCA_2007-2015,ONCA_2009onca847,2007skca66,both_loose,1,Saskatchewan v. Ravndahl <-> ravndhal v saskatchewan
ONCA_2007-2015,ONCA_2009onca847,1999canlii8991,both_weak,1,St-Onge v. Canada <-> st onge v canada
ONCA_2007-2015,ONCA_2009onca847,2007mbca142,Q_first_word_only,0,
ONCA_2007-2015,ONCA_2009onca847,XC-G080043,ours_only_origin_undetermined|pubca:supported,0,reporter
ONCA_2007-2015,ONCA_2009onca847,XC-G086324,ours_only_origin_ca|pubca:supported,0,reporter
ONCA_2007-2015,ONCA_2009onca847,XC-G091118,ours_only_origin_undetermined|pubca:supported,0,reporter
ONCA_2007-2015,ONCA_2009onca847,XC-G091595,ours_only_origin_ca|pubca:supported,0,reporter
ONCA_2007-2015,ONCA_2009onca614,2007scc53,both_strong,1,R. v. Daley <-> r v daley
ONCA_2007-2015,ONCA_2009onca614,2001canlii8611,both_weak,1,R. v. Fraser <-> r v fraser
ONCA_2007-2015,ONCA_2009onca614,2008onca855,Q_first_word_only,0,
ONCA_2007-2015,ONCA_2009onca614,2006scc16,both_strong,1,R. v. Graveline <-> r v graveline
ONCA_2007-2015,ONCA_2009onca614,1988canlii8,both_strong,1,R. v. Morin <-> r v morin
ONCA_2007-2015,ONCA_2009onca614,1976canlii7,both_loose,1,Vézeau v. The Queen <-> r v v zeau
ONCA_2007-2015,ONCA_2009onca614,XC-G091625,ours_only_origin_undetermined|pubca:supported,0,reporter
ONCA_2007-2015,ONCA_2013onca775,XC-G092580,ours_only_origin_ca|pubca:supported,0,reporter
ONCA_2007-2015,ONCA_2014onca309,2013onca131,both_strong,1,Enbridge Gas Distribution Inc. v. Froese <-> enbridge gas distribution inc v froese
ONCA_2007-2015,ONCA_2014onca309,2007onca350,both_strong,1,Rizzi v. Mavros <-> rizzi v mavros
ONCA_2007-2015,ONCA_2014onca309,XC-G126059,ours_only_origin_ca|pubca:supported,0,reporter
ONCA_2007-2015,ONCA_2012onca487,2006scc27,both_strong,1,R. v. B.W.P.; R. v. B.V.N. <-> r v b w p
ONCA_2007-2015,ONCA_2012onca487,1996canlii666,both_weak,1,R. v. Douglas <-> r v douglas
ONCA_2007-2015,ONCA_2012onca487,2011abca48,both_strong,1,R. v. Field <-> 
ONCA_2007-2015,ONCA_2012onca487,2010onca129,both_strong,1,R. v. Flowers <-> r v flowers
ONCA_2007-2015,ONCA_2012onca487,2009onca31,both_strong,1,R. v. Nusrat <-> r v nusrat
ONCA_2007-2015,ONCA_2012onca487,2000scc5,both_strong,2,R. v. Proulx <-> r v proulx / r v proulx
ONCA_2007-2015,ONCA_2012onca487,2007onca824,both_strong,1,R. v. Puyenbroek <-> r v van puyenbroek
ONCA_2007-2015,ONCA_2012onca487,1996canlii1241,both_weak,1,R. v. Rezaie <-> r v rezaie
ONCA_2007-2015,ONCA_2012onca487,XC-G077395,ours_only_origin_undetermined|pubca:supported,0,reporter
ONCA_2007-2015,ONCA_2012onca487,XC-G079333,ours_only_origin_undetermined|pubca:supported,0,reporter
ONCA_2007-2015,ONCA_2012onca487,XC-G116674,ours_only_origin_undetermined|pubca:supported,0,reporter
ONCA_2007-2015,ONCA_2012onca487,XC-G116972,ours_only_origin_undetermined|pubca:supported,0,reporter
ONCA_2007-2015,ONCA_2012onca487,XC-G117356,ours_only_origin_undetermined|pubca:supported,0,reporter
ONCA_2007-2015,ONCA_2012onca487,XC-G123257,ours_only_origin_ca|pubca:supported,0,reporter
ONCA_2007-2015,ONCA_2013onca512,1974canlii14,both_strong,1,Kienapple v. R. <-> r v kienapple
ONCA_2007-2015,ONCA_2013onca512,2011onsc3372,both_strong,1,R. v. Adjei <-> 
ONCA_2007-2015,ONCA_2013onca512,1993canlii116,both_strong,1,R. v. B. (K.G.) <-> r v b k g
ONCA_2007-2015,ONCA_2013onca512,1990canlii47,both_strong,1,R. v. Chambers <-> r v chambers
ONCA_2007-2015,ONCA_2013onca512,2007scc28,both_strong,1,R. v. Couture <-> r v couture
ONCA_2007-2015,ONCA_2013onca512,2008scc36,both_strong,1,R. v. Devine <-> r v devine
ONCA_2007-2015,ONCA_2013onca512,1990canlii118,both_strong,1,R. v. Hebert <-> r v hebert
ONCA_2007-2015,ONCA_2013onca512,2006scc57,both_strong,1,R. v. Khelawon <-> r v khelawon
ONCA_2007-2015,ONCA_2013onca512,2008onca797,both_strong,1,R. v. Palmer <-> r v palmer
ONCA_2007-2015,ONCA_2013onca512,1986canlii40,both_strong,1,R. v. Prince <-> r v prince
ONCA_2007-2015,ONCA_2013onca512,2011onca225,both_strong,1,R. v. Rivera <-> r v rivera
ONCA_2007-2015,ONCA_2013onca512,2009onca463,both_strong,1,R. v. Rohde <-> r v rohde
ONCA_2007-2015,ONCA_2013onca512,2005canlii7884,both_weak,1,R. v. Trieu <-> r v trieu
ONCA_2007-2015,ONCA_2013onca512,1995canlii74,both_strong,1,R. v. U. (F.J.) <-> r v u f j
ONCA_2007-2015,ONCA_2013onca512,1991canlii93,both_strong,1,R. v. W.(D.) <-> r v w d
ONCA_2007-2015,ONCA_2013onca512,2013scc41,both_strong,1,R. v. Youvarajah <-> r v youvarajah
ONCA_2007-2015,ONCA_2013onca512,XC-G111175,ours_only_origin_ca|pubca:supported,0,reporter
ONCA_2007-2015,ONCA_2009onca536,1974canlii168,both_strong,1,Angle v. M.N.R. <-> angle v minister of national revenue
ONCA_2007-2015,ONCA_2009onca536,2000canlii22716,both_weak,1,Bank of Montreal v. Maple City Ford Sales (1986) Ltd. <-> bank of montreal v maple city ford sales 1986 ltd
ONCA_2007-2015,ONCA_2009onca536,2001canlii24099,Q_first_word_only,0,
ONCA_2007-2015,ONCA_2009onca536,2003bcsc41,Q_first_word_only,0,
ONCA_2007-2015,ONCA_2009onca536,1999canlii12238,Q_first_word_only,0,
ONCA_2007-2015,ONCA_2009onca536,2001scc44,both_strong,1,Danyluk v. Ainsworth Technologies Inc. <-> danyluk v ainsworth technologies inc
ONCA_2007-2015,ONCA_2009onca536,2008canlii40226,Q_first_word_only,0,
ONCA_2007-2015,ONCA_2009onca536,1962canlii96,both_strong,1,Faillis and Deacon v. United Fuel Investments Ltd. <-> such as faillis and deacon v united fuel investments ltd
ONCA_2007-2015,ONCA_2009onca536,1940canlii256,both_loose,1,Gibson Mining Company v. Hartin <-> gibson mining co v hartin
ONCA_2007-2015,ONCA_2009onca536,1998abqb381,both_loose,1,Grossman (Re) (Trustee of) <-> re grossman
ONCA_2007-2015,ONCA_2009onca536,1997canlii3841,both_weak,1,Las Vegas Strip Ltd. v. Toronto (city) <-> las vegas strip ltd v toronto city
ONCA_2007-2015,ONCA_2009onca536,1996canlii8037,both_weak,1,Las Vegas Strip Ltd. v. Toronto (City) <-> las vegas strip ltd v toronto city
ONCA_2007-2015,ONCA_2009onca536,2006canlii19327,both_weak,1,Oakwell Engineering Ltd. v. Enernorth Industries Inc. <-> oakwell engineering ltd v enernorth industries inc
ONCA_2007-2015,ONCA_2009onca536,2005canlii27149,both_weak,1,Oakwell Engineering Ltd. v. Enernorth Industries Inc. <-> oakwell engineering ltd v enernorth industries inc
ONCA_2007-2015,ONCA_2009onca536,1925canlii2,both_strong,1,Orpen v. Roberts <-> orpen v roberts
ONCA_2007-2015,ONCA_2009onca536,XC-G004603,ours_only_origin_undetermined|pubforeign:heuristic_only,0,reporter
ONCA_2007-2015,ONCA_2009onca536,XC-G071721,ours_only_origin_undetermined|pubnone:supported,0,reporter
ONCA_2007-2015,ONCA_2009onca536,XC-G071783,ours_only_origin_undetermined|pubnone:supported,0,reporter
ONCA_2007-2015,ONCA_2009onca536,XC-G071985,ours_only_origin_undetermined|pubforeign:supported,0,reporter
ONCA_2007-2015,ONCA_2009onca536,XC-G071991,ours_only_origin_undetermined|pubforeign:supported,0,reporter
ONCA_2007-2015,ONCA_2009onca536,XC-G072161,ours_only_origin_undetermined|pubnone:supported,0,reporter
ONCA_2007-2015,ONCA_2009onca536,XC-G076415,ours_only_origin_undetermined|pubca:supported,0,reporter
ONCA_2007-2015,ONCA_2009onca536,XC-G083552,ours_only_origin_ca|pubca:supported,0,reporter
ONCA_2007-2015,ONCA_2009onca536,XC-G085488,ours_only_origin_ca|pubca:supported,0,reporter
ONCA_2007-2015,ONCA_2009onca536,XC-G087200,ours_only_origin_undetermined|pubca:supported,0,reporter
ONCA_2007-2015,ONCA_2009onca536,XC-G087830,ours_only_origin_undetermined|pubnone:supported,0,reporter
ONCA_2007-2015,ONCA_2009onca536,XC-G090059,ours_only_origin_ca|pubca:supported,0,reporter
ONCA_2007-2015,ONCA_2009onca536,XC-G092713,ours_only_origin_ca|pubca:supported,0,reporter
ONCA_2007-2015,ONCA_2010onca423,1971canlii133,both_strong,1,Avon v. R. <-> r v avon
ONCA_2007-2015,ONCA_2010onca423,1968canlii22,both_strong,1,McConnel and Beer v. The Queen <-> r v mcconnell and beer
ONCA_2007-2015,ONCA_2010onca423,2006nsca47,both_strong,1,R. v. Assoun <-> r v assoun
ONCA_2007-2015,ONCA_2010onca423,2004canlii48158,both_weak,1,R. v. Baldwin <-> r v baldwin
ONCA_2007-2015,ONCA_2010onca423,2008onca833,both_strong,1,R. v. Biladeau <-> r v biladeau
ONCA_2007-2015,ONCA_2010onca423,1988canlii190,both_weak,1,R. v. Boss <-> r v boss
ONCA_2007-2015,ONCA_2010onca423,2001bcca447,both_weak,1,R. v. Bush <-> r v bush
ONCA_2007-2015,ONCA_2010onca423,1995canlii138,both_strong,1,R. v. Crawford <-> r v crawford
ONCA_2007-2015,ONCA_2010onca423,2000canlii4535,both_weak,1,R. v. Diu <-> r v diu
ONCA_2007-2015,ONCA_2010onca423,2005scc76,both_strong,1,R. v. Henry <-> r v henry
ONCA_2007-2015,ONCA_2010onca423,2006canlii16479,both_weak,1,R. v. Knox <-> r v knox
ONCA_2007-2015,ONCA_2010onca423,1998canlii5115,both_weak,1,R. v. Miller <-> r v miller
ONCA_2007-2015,ONCA_2010onca423,1993canlii64,both_strong,1,R. v. Naglik <-> r v naglik
ONCA_2007-2015,ONCA_2010onca423,1991canlii2702,both_weak,2,R. v. Naglik <-> r v naglik / r v naglik
ONCA_2007-2015,ONCA_2010onca423,1997canlii388,both_strong,1,R. v. Noble <-> r v noble
ONCA_2007-2015,ONCA_2010onca423,2005canlii3582,both_weak,1,R. v. Oliver <-> r v oliver
ONCA_2007-2015,ONCA_2010onca423,2004canlii16082,both_weak,1,R. v. Pollock <-> r v pollock
ONCA_2007-2015,ONCA_2010onca423,1989canlii130,both_strong,1,R. v. Potvin <-> r v potvin
ONCA_2007-2015,ONCA_2010onca423,1996canlii5623,both_weak,1,R. v. R.C.C. <-> r v r c c
ONCA_2007-2015,ONCA_2010onca423,1976canlii7,both_strong,1,Vézeau v. The Queen <-> v zeau v the queen
ONCA_2007-2015,ONCA_2010onca423,XC-G083721,ours_only_origin_undetermined|pubnone:supported,0,reporter
ONCA_2007-2015,ONCA_2014onca338,2004canlii9339,both_strong,1,Cummings v. Cummings <-> for example cummings v cummings estate
ONCA_2007-2015,ONCA_2014onca338,1994canlii51,both_strong,1,Tataryn v. Tataryn Estate <-> tataryn v tataryn estate
ONCA_2007-2015,ONCA_2009onca843,2005canlii39872,Q_first_word_only,0,
ONCA_2007-2015,ONCA_2009onca843,1979canlii8,both_strong,1,Palmer v. The Queen <-> palmer v the queen
ONCA_2007-2015,ONCA_2009onca843,2008onca617,both_strong,1,Toronto (City) v. Gallos <-> toronto city v gallos
ONCA_2007-2015,ONCA_2009onca843,XC-G086307,ours_only_origin_undetermined|pubca:supported,0,reporter
ONCA_2007-2015,ONCA_2009onca843,XC-G088806,ours_only_origin_undetermined|pubca:supported,0,reporter
ONCA_2007-2015,ONCA_2009onca843,XC-G090751,ours_only_origin_undetermined|pubca:supported,0,reporter
ONCA_2007-2015,ONCA_2011onca288,1979canlii8,both_strong,1,Palmer v. The Queen <-> palmer v the queen
ONCA_2007-2015,ONCA_2010onca437,2009canlii28204,Q_first_word_only,0,
ONCA_2007-2015,ONCA_2010onca437,1997canlii325,both_strong,1,Peixeiro v. Haberman <-> peixeiro v haberman
ONCA_2007-2015,ONCA_2010onca437,XC-G085079,ours_only_origin_undetermined|pubnone:supported,0,reporter
ONCA_2007-2015,ONCA_2010onca437,XC-G115714,ours_only_origin_undetermined|pubnone:supported,0,reporter
ONCA_2007-2015,ONCA_2008onca440,2002scc33,both_strong,1,Housen v. Nikolaisen <-> housen v nikolaisen
ONCA_2007-2015,ONCA_2008onca440,1992canlii7711,Q_first_word_only,0,
ONCA_2007-2015,ONCA_2008onca440,1929canlii220,Q_first_word_only,0,
ONCA_2007-2015,ONCA_2008onca440,XC-G072565,ours_only_origin_undetermined|pubca:supported,0,reporter
ONCA_2007-2015,ONCA_2008onca440,XC-G079367,ours_only_origin_ca|pubca:supported,0,reporter
ONCA_2007-2015,ONCA_2008onca440,XC-G090438,ours_only_origin_undetermined|pubca:supported,0,reporter
ONCA_2007-2015,ONCA_2007onca322,1966canlii524,both_loose,1,Dirassar v. National Trust Company <-> dirassar and james v kelly douglas and co ltd
ONCA_2007-2015,ONCA_2007onca322,1964canlii199,both_weak,2,Posluns v. Toronto Stock Exchange and Gardiner <-> posluns v toronto stock exchange and gardiner / posluns v toronto stock exchange and gardiner
ONCA_2007-2015,ONCA_2007onca322,1968canlii6,both_strong,1,Posluns v. Toronto Stock Exchange et al. <-> posluns v toronto stock exchange
ONCA_2007-2015,ONCA_2007onca322,1965canlii32,Q_first_word_only,0,
ONCA_2007-2015,ONCA_2007onca322,2003canlii27828,both_weak,1,Reach M.D. Inc. v. Pharmaceutical manufacturers Assn. Of Canada <-> reach m d inc v pharmaceutical manufacturers assn of canada
ONCA_2007-2015,ONCA_2007onca322,1994canlii8711,both_weak,1,Sengmueller v. Sengmueller <-> sengmueller v sengmueller
ONCA_2007-2015,ONCA_2007onca322,1981canlii1731,both_loose,1,Thermo King Corp. v. Provincial Bank of Canada et al. <-> thermo king corp v provincial bank of canada
ONCA_2007-2015,ONCA_2007onca322,2004canlii39040,both_weak,1,Waxman v. Waxman <-> waxman v waxman
ONCA_2007-2015,ONCA_2007onca322,XC-G073966,ours_only_origin_undetermined|pubforeign:supported,0,reporter
ONCA_2007-2015,ONCA_2007onca322,XC-G074174,ours_only_origin_undetermined|pubforeign:supported,0,reporter
ONCA_2007-2015,ONCA_2007onca322,XC-G074512,ours_only_origin_undetermined|pubforeign:heuristic_only,0,reporter
ONCA_2007-2015,ONCA_2007onca322,XC-G076574,ours_only_origin_undetermined|pubforeign:supported,0,reporter
ONCA_2007-2015,ONCA_2007onca322,XC-G077093,ours_only_origin_undetermined|pubforeign:supported,0,reporter
ONCA_2007-2015,ONCA_2007onca322,XC-G080034,ours_only_origin_undetermined|pubca:supported,0,reporter
ONCA_2007-2015,ONCA_2007onca322,XC-G081779,ours_only_origin_undetermined|pubca:supported,0,reporter
ONCA_2007-2015,ONCA_2007onca322,XC-G083354,ours_only_origin_undetermined|pubca:supported,0,reporter
ONCA_2007-2015,ONCA_2007onca322,XC-G090591,ours_only_origin_undetermined|pubca:supported,0,reporter
ONCA_2007-2015,ONCA_2008onca663,2004canlii66310,Q_not_found,0,
ONCA_2007-2015,ONCA_2008onca663,2007canlii44172,Q_first_word_only,0,
ONCA_2007-2015,ONCA_2008onca663,2008scc39,both_strong,1,Honda Canada Inc. v. Keays <-> honda canada inc v keays
ONCA_2007-2015,ONCA_2008onca663,1987canlii4428,both_weak,1,Jaremko v. A.E. LePage Real Estate Services Ltd. <-> jaremko v a e lepage real estate services ltd
ONCA_2007-2015,ONCA_2008onca663,1989canlii4163,Q_first_word_only,0,
ONCA_2007-2015,ONCA_2008onca663,1998canlii7197,both_loose,1,Perez v. Governing Council of the Salvation army in Canada <-> perez litigation guardian of v salvation army in canada
ONCA_2007-2015,ONCA_2008onca663,2003abca251,Q_first_word_only,0,
ONCA_2007-2015,ONCA_2008onca663,2002canlii49649,both_weak,1,R. v. Moser <-> r v moser
ONCA_2007-2015,ONCA_2008onca663,1988canlii4829,both_loose,1,Scarborough Golf & Country Club v. Scarborough (City) (Ont. C.A.) <-> scarborough golf and country club v scarborough city
ONCA_2007-2015,ONCA_2008onca663,2005canlii3220,both_loose,1,Taggart v. Canadian Life Assurance Co. <-> taggart v canada life assurance co
ONCA_2007-2015,ONCA_2008onca663,1999canlii3008,both_loose,1,Veer v. Dover Corporation (Canada) <-> veer v dover corp canada ltd
ONCA_2007-2015,ONCA_2008onca663,1997canlii332,both_strong,1,Wallace v. United Grain Growers Ltd. <-> wallace v united grain growers ltd
ONCA_2007-2015,ONCA_2008onca663,XC-G033462,ours_only_origin_ca|pubca:supported,0,neutral|reporter
ONCA_2007-2015,ONCA_2008onca663,XC-G077528,ours_only_origin_ca|pubca:supported,0,reporter
ONCA_2007-2015,ONCA_2008onca663,XC-G077617,ours_only_origin_undetermined|pubca:supported,0,reporter
ONCA_2007-2015,ONCA_2008onca663,XC-G078204,ours_only_origin_ca|pubca:supported,0,reporter
ONCA_2007-2015,ONCA_2008onca663,XC-G078308,ours_only_origin_undetermined|pubca:supported,0,reporter
ONCA_2007-2015,ONCA_2008onca663,XC-G087626,ours_only_origin_undetermined|pubca:supported,0,reporter
ONCA_2007-2015,ONCA_2008onca663,XC-G088631,ours_only_origin_undetermined|pubca:supported,0,reporter
ONCA_2007-2015,ONCA_2008onca663,XC-G089032,ours_only_origin_undetermined|pubca:supported,0,reporter
ONCA_2007-2015,ONCA_2008onca663,XC-G114174,ours_only_origin_undetermined|pubca:supported,0,reporter
ONCA_2007-2015,ONCA_2008onca663,XC-G124450,ours_only_origin_undetermined|pubca:supported,0,reporter
ONCA_2007-2015,ONCA_2011onca95,1978canlii23,both_strong,1,A.G. of Que. and Keable v. A.G. of Can. et al. <-> quebec a g and keable v canada a g
ONCA_2007-2015,ONCA_2011onca95,2010onsc2055,Q_first_word_only,0,
ONCA_2007-2015,ONCA_2011onca95,2002scc57,both_strong,1,Babcock v. Canada (Attorney General) <-> babcock v canada attorney general
ONCA_2007-2015,ONCA_2011onca95,2010fc1106,both_strong,1,Canada (attorney General) v. Almalki <-> canada a g v almaki
ONCA_2007-2015,ONCA_2011onca95,2007fca388,both_strong,1,Canada (Attorney General) v. Khawaja (F.C.A.) <-> canada a g v khawaja
ONCA_2007-2015,ONCA_2011onca95,2003fca246,both_loose,1,Canada (Attorney General) v. Ribic (F.C.A.) <-> canada a g v ribic
ONCA_2007-2015,ONCA_2011onca95,1986canlii7,both_strong,1,Carey v. Ontario <-> carey v ontario
ONCA_2007-2015,ONCA_2011onca95,1998canlii7133,Q_first_word_only,0,
ONCA_2007-2015,ONCA_2011onca95,1982canlii161,both_strong,1,Commission des droits de la personne v. Attorney General of Canada <-> 
ONCA_2007-2015,ONCA_2011onca95,1922canlii576,both_weak,1,Crombie v. The King <-> crombie v the king
ONCA_2007-2015,ONCA_2011onca95,1995canlii57,both_strong,1,MacMillan Bloedel Ltd. v. Simpson <-> macmillan bloedel ltd v simpson
ONCA_2007-2015,ONCA_2011onca95,1983canlii149,both_strong,1,McEvoy v. Attorney General for New Brunswick et al. <-> mcevoy v new brunswick a g
ONCA_2007-2015,ONCA_2011onca95,1995canlii86,both_strong,1,Phillips v. Nova Scotia (Commission of Inquiry into the Westray Mine Tragedy) <-> phillips v nova scotia commission of inquiry into the westray mine tragedy
ONCA_2007-2015,ONCA_2011onca95,2009canlii84788,both_weak,1,R. v. Ahmad <-> r v ahmad
ONCA_2007-2015,ONCA_2011onca95,1996canlii259,both_strong,1,Reference re Amendments to the Residential Tenancies Act (N.S.) <-> reference re amendments to the residential tenancies act n s
ONCA_2007-2015,ONCA_2011onca95,1981canlii24,both_strong,1,Re Residential Tenancies Act <-> re residential tenancies act 1979
ONCA_2007-2015,ONCA_2011onca95,1993canlii3403,both_loose,1,Waverley (Village Commissioners) v. Nova Scotia (Minister of Municipal Affairs) <-> waverley village v nova scotia acting minister of municipal affairs
ONCA_2007-2015,ONCA_2011onca95,XC-G071587,ours_only_origin_undetermined|pubforeign:supported,0,reporter
ONCA_2007-2015,ONCA_2011onca95,XC-G074092,ours_only_origin_undetermined|pubforeign:supported,0,reporter
ONCA_2007-2015,ONCA_2011onca95,XC-G076612,ours_only_origin_undetermined|pubforeign:supported,0,reporter
ONCA_2007-2015,ONCA_2011onca95,XC-G082968,ours_only_origin_ca|pubca:supported,0,reporter
ONCA_2007-2015,ONCA_2011onca95,XC-G111054,ours_only_origin_ca|pubca:supported,0,reporter
ONCA_2007-2015,ONCA_2015onca533,2005canlii46384,Q_first_word_only,0,
ONCA_2007-2015,ONCA_2015onca533,XC-G089583,ours_only_origin_undetermined|pubca:supported,0,reporter
ONCA_2007-2015,ONCA_2009onca892,2002canlii41803,both_weak,1,R. v. Carrière <-> r v carri re
ONCA_2007-2015,ONCA_2009onca892,1999canlii679,both_strong,1,R. v. Gladue <-> r v gladue
ONCA_2007-2015,ONCA_2009onca892,2003abca131,both_strong,1,R. v. W.(H.P.) <-> r v h p w
ONCA_2007-2015,ONCA_2008onca793,2005canlii47727,both_weak,1,Hanis v. University of Western Ontario <-> hanis v university of western ontario
ONCA_2007-2015,ONCA_2014onca785,2013onca578,both_strong,1,R. v. D.B. <-> r v d b
ONCA_2007-2015,ONCA_2014onca785,2008scc24,both_strong,1,R. v. Dinardo <-> r v dinardo
ONCA_2007-2015,ONCA_2014onca785,1993canlii3384,both_weak,1,R. v. F.(J.E.) <-> r v f j e
ONCA_2007-2015,ONCA_2014onca785,2006canlii18984,Q_not_found,0,
ONCA_2007-2015,ONCA_2014onca785,2006canlii40088,both_weak,1,R. v. J.J.R.D. <-> r v j j r d
ONCA_2007-2015,ONCA_2014onca785,1995canlii3498,both_weak,1,R. v. Morrissey <-> r v morrissey
ONCA_2007-2015,ONCA_2014onca785,1993canlii3387,both_weak,1,R. v. Norman <-> r v norman
ONCA_2007-2015,ONCA_2014onca785,2008scc10,both_strong,1,R. v. Stirling <-> r v stirling
ONCA_2007-2015,ONCA_2014onca785,2013scc38,both_strong,1,R. v. Vuradin <-> r v vuradin
ONCA_2007-2015,ONCA_2014onca785,1991canlii93,both_strong,1,R. v. W.(D.) <-> r v w d
ONCA_2007-2015,ONCA_2014onca785,2009onca716,both_strong,1,R. v. Wadforth <-> r v wadforth
ONCA_2007-2015,ONCA_2014onca785,XC-G033226,ours_only_origin_undetermined|pubca:heuristic_only,0,reporter
ONCA_2007-2015,ONCA_2014onca785,XC-G119027,ours_only_origin_undetermined|pubca:supported,0,reporter
ONCA_2007-2015,ONCA_2010onca518,2004scc54,both_strong,1,Monsanto Canada Inc. v. Ontario (Superintendent of Financial Services) <-> monsanto canada inc v ontario superintendent of financial services
ONCA_2016-2026,ONCA_2020onca530,2013onca131,both_strong,1,Enbridge Gas Distribution Inc. v. Froese <-> enbridge gas distribution inc v froese
ONCA_2016-2026,ONCA_2020onca530,2011onsc5509,both_strong,1,Transportaction Lease Systems Inc. v. Spire Freezers Limited <-> 
ONCA_2016-2026,ONCA_2020onca530,XC-G086779,ours_only_origin_undetermined|pubca:supported,0,reporter
ONCA_2016-2026,ONCA_2020onca530,XC-G111723,ours_only_origin_ca|pubca:supported,0,reporter
ONCA_2016-2026,ONCA_2017onca414,2016onca145,both_strong,1,2274659 Ontario Inc. v. Canada Chrome Corporation <-> 2274659 ontario inc v canada chrome corporation
ONCA_2016-2026,ONCA_2017onca414,2014scc40,both_strong,1,Canadian National Railway Co. v. Canada (Attorney General) <-> canadian national railway co v canada attorney general
ONCA_2016-2026,ONCA_2017onca414,2008scc9,both_strong,1,Dunsmuir v. New Brunswick <-> dunsmuir v new brunswick
ONCA_2016-2026,ONCA_2017onca414,2016scc47,both_strong,1,Edmonton (City) v. Edmonton East (Capilano) Shopping Centres Ltd. <-> edmonton city v edmonton east capilano shopping centres ltd
ONCA_2016-2026,ONCA_2017onca414,2015onsc5327,both_strong,1,Gilmor et al. v Nottawasaga Valley and The Township of Amaranth <-> 
ONCA_2016-2026,ONCA_2017onca414,2013scc67,both_strong,1,McLean v. British Columbia (Securities Commission) <-> mclean v british columbia securities commission
ONCA_2016-2026,ONCA_2017onca414,2015scc16,both_strong,1,Mouvement laïque québécois v. Saguenay (City) <-> mouvement la que qu b cois v saguenay city
ONCA_2016-2026,ONCA_2017onca414,2011onca373,both_strong,1,Ontario (Transportation) v. 1520658 Ontario Inc. <-> ontario ministry of transportation v 1520658 ontario inc
ONCA_2016-2026,ONCA_2017onca414,XC-G096105,ours_only_origin_undetermined|pubca:supported,0,neutral
ONCA_2016-2026,ONCA_2017onca414,XC-G111219,ours_only_origin_ca|pubca:supported,0,reporter
ONCA_2016-2026,ONCA_2017onca414,XC-G119773,ours_only_origin_undetermined|pubca:supported,0,reporter
ONCA_2016-2026,ONCA_2017onca414,XC-G120279,ours_only_origin_ca|pubca:supported,0,reporter
ONCA_2016-2026,ONCA_2017onca414,XC-G121226,ours_only_origin_ca|pubca:supported,0,reporter
ONCA_2016-2026,ONCA_2016onca712,2014onca597,both_strong,1,Baradaran v. Tarion Warranty Corporation <-> baradaran v tarion warranty corporation
ONCA_2016-2026,ONCA_2020onca449,2019onsc4971,both_strong,1,CIBC v. Urbancorp Leslieville Developments Inc. <-> 
ONCA_2016-2026,ONCA_2020onca449,2017onsc1776,both_strong,1,Gemterra Developments Corporation v Toronto (City) <-> gemterra developments corp v toronto city
ONCA_2016-2026,ONCA_2020onca449,1998abca366,both_strong,1,Ironside v. Smith <-> 
ONCA_2016-2026,ONCA_2020onca449,2016scc37,both_strong,1,Ledcor Construction Ltd. v. Northbridge Indemnity Insurance Co. <-> ledcor construction ltd v northbridge indemnity insurance co
ONCA_2016-2026,ONCA_2020onca449,2015onca842,both_strong,1,MacDonald v. Chicago Title Insurance Company of Canada <-> macdonald v chicago title insurance company of canada
ONCA_2016-2026,ONCA_2020onca449,2019onsc2554,both_strong,1,Reddy v. 1945086 Ontario Inc. <-> reddy v 1945086 ontario inc
ONCA_2016-2026,ONCA_2020onca449,2014scc53,both_strong,1,Sattva Capital Corp. v. Creston Moly Corp. <-> sattva capital corp v creston moly corp
ONCA_2016-2026,ONCA_2020onca449,2007onca205,both_strong,1,"Ventas, Inc. v.  Sunrise Senior Living Real Estate Investment Trust <-> ventas inc v sunrise senior living real estate investment trust"
ONCA_2016-2026,ONCA_2020onca449,XC-G112412,ours_only_origin_ca|pubca:supported,0,reporter
ONCA_2016-2026,ONCA_2020onca449,XC-G116443,ours_only_origin_ca|pubca:supported,0,reporter
ONCA_2016-2026,ONCA_2020onca449,XC-G124788,ours_only_origin_undetermined|pubca:supported,0,reporter
ONCA_2016-2026,ONCA_2020onca449,XC-G126056,ours_only_origin_ca|pubca:supported,0,reporter
ONCA_2016-2026,ONCA_2016onca986,2007scc8,both_strong,1,Dickie v. Dickie <-> dickie v dickie
ONCA_2016-2026,ONCA_2016onca986,2006canlii576,both_weak,1,Dickie v. Dickie <-> dickie v dickie
ONCA_2016-2026,ONCA_2016onca986,2016onca11,both_strong,1,Livent Inc. v. Deloitte & Touche <-> livent inc v deloitte and touche
ONCA_2016-2026,ONCA_2016onca986,2015onca69,both_strong,1,Murphy v. Murphy <-> and murphy v murphy
ONCA_2016-2026,ONCA_2016onca986,1979canlii8,both_strong,1,Palmer v. The Queen <-> palmer v the queen
ONCA_2016-2026,ONCA_2016onca986,2016onca75,both_strong,1,R. v. Mahmood <-> r v mahmood
ONCA_2016-2026,ONCA_2016onca986,2016onca703,both_strong,1,R. v. Manasseri <-> r v manasseri
ONCA_2016-2026,ONCA_2016onca986,2016onsc540,both_strong,1,Salehi v Tawoosi <-> saleh v tawoosi
ONCA_2016-2026,ONCA_2016onca986,XC-G124048,ours_only_origin_ca|pubca:supported,0,reporter
ONCA_2016-2026,ONCA_2026onca300,2025onca229,both_strong,1,R. v. Al-Akhali <-> r v al akhali
ONCA_2016-2026,ONCA_2026onca300,2009onca114,both_strong,1,R. v. Batisse <-> r v batisse
ONCA_2016-2026,ONCA_2026onca300,2003canlii4187,both_weak,1,R. v. Borde <-> r v borde
ONCA_2016-2026,ONCA_2026onca300,2026onca60,both_strong,1,R. v. Celenk <-> r v celenk
ONCA_2016-2026,ONCA_2026onca300,2021onca486,both_strong,1,R. v. Desir <-> r v desir
ONCA_2016-2026,ONCA_2026onca300,2020onca710,both_strong,1,R. v. Disher <-> r v disher
ONCA_2016-2026,ONCA_2026onca300,2006canlii3957,both_weak,1,R. v. Downes <-> r v downes
ONCA_2016-2026,ONCA_2026onca300,2021scc20,both_strong,1,R. v. G.F. <-> r v g f
ONCA_2016-2026,ONCA_2026onca300,1999canlii679,both_strong,1,R. v. Gladue <-> r v gladue
ONCA_2016-2026,ONCA_2026onca300,2024onca830,both_strong,1,R. v. Habib <-> r v habib
ONCA_2016-2026,ONCA_2026onca300,2024onca361,both_strong,1,R. v. Hoang <-> r v hoang
ONCA_2016-2026,ONCA_2026onca300,2012scc13,both_strong,1,R. v. Ipeelee <-> r v ipeelee
ONCA_2016-2026,ONCA_2026onca300,2024onca36,both_strong,1,R. v. J.L. <-> r v j l
ONCA_2016-2026,ONCA_2026onca300,2024scc7,both_strong,1,R. v. Kruk <-> r v kruk
ONCA_2016-2026,ONCA_2026onca300,2013onca113,both_strong,1,R. v. Marshall <-> r v marshall
ONCA_2016-2026,ONCA_2026onca300,1996canlii1381,both_weak,1,R. v. Priest <-> r v priest
ONCA_2016-2026,ONCA_2026onca300,2021onca619,both_strong,1,R. v. S.K. <-> r v s k
ONCA_2016-2026,ONCA_2026onca300,2022onca735,both_strong,1,R. v. Saleh <-> r v saleh
ONCA_2016-2026,ONCA_2026onca300,XC-G113789,ours_only_origin_ca|pubca:supported,0,reporter
ONCA_2016-2026,ONCA_2026onca300,XC-G114508,ours_only_origin_ca|pubca:supported,0,reporter
ONCA_2016-2026,ONCA_2026onca300,XC-G114576,ours_only_origin_ca|pubca:supported,0,reporter
ONCA_2016-2026,ONCA_2026onca300,XC-G122231,ours_only_origin_ca|pubca:supported,0,reporter
ONCA_2016-2026,ONCA_2026onca300,XC-G122454,ours_only_origin_ca|pubca:supported,0,reporter
ONCA_2016-2026,ONCA_2026onca300,XC-G126701,ours_only_origin_ca|pubca:supported,0,reporter
ONCA_2016-2026,ONCA_2026onca300,XC-G127090,ours_only_origin_undetermined|pubca:supported,0,reporter
ONCA_2016-2026,ONCA_2016onca44,1989canlii121,both_strong,1,Brosseau v. Alberta Securities Commission <-> brosseau v alberta securities commission
ONCA_2016-2026,ONCA_2016onca44,2015qccq2028,both_strong,1,R. c. Primeau <-> r v primeau
ONCA_2016-2026,ONCA_2016onca44,2010scc13,both_strong,1,R. v. Briscoe <-> r v briscoe
ONCA_2016-2026,ONCA_2016onca44,2013onca7,both_strong,1,R. v. Clarke <-> r v clarke
ONCA_2016-2026,ONCA_2016onca44,2006nsca30,both_strong,1,R. v. Cross <-> r v cross
ONCA_2016-2026,ONCA_2016onca44,2008onca309,both_strong,1,R. v. Dyck <-> r v dyck
ONCA_2016-2026,ONCA_2016onca44,2013nsca13,both_strong,1,R. v. Farler <-> r v farler
ONCA_2016-2026,ONCA_2016onca44,2003scc46,both_strong,1,R. v. Johnson <-> r v johnson
ONCA_2016-2026,ONCA_2016onca44,2014bcca382,both_strong,1,R. v. K.R.J. <-> r v k r j
ONCA_2016-2026,ONCA_2016onca44,2013onca217,both_strong,1,R. v. Kaziuk <-> r v kaziuk
ONCA_2016-2026,ONCA_2016onca44,2012oncj34,both_strong,1,R. v. Kaziuk <-> r v kaziuk
ONCA_2016-2026,ONCA_2016onca44,2015onca451,both_strong,1,R. v. McCann <-> r v mccann
ONCA_2016-2026,ONCA_2016onca44,2006scc15,both_strong,1,R. v. Rodgers <-> r v rodgers
ONCA_2016-2026,ONCA_2016onca44,2005scc84,both_strong,1,R. v. Wiles <-> r v wiles
ONCA_2016-2026,ONCA_2016onca44,2009bcca46,both_strong,1,Thow v. B.C. (Securities Commission) <-> thow v british columbia securities commission
ONCA_2016-2026,ONCA_2016onca44,XC-G111787,ours_only_origin_ca|pubca:supported,0,reporter
ONCA_2016-2026,ONCA_2016onca44,XC-G116909,ours_only_origin_ca|pubca:supported,0,reporter
ONCA_2016-2026,ONCA_2016onca44,XC-G119136,ours_only_origin_ca|pubca:supported,0,reporter
ONCA_2016-2026,ONCA_2016onca44,XC-G119420,ours_only_origin_ca|pubca:supported,0,reporter
ONCA_2016-2026,ONCA_2016onca44,XC-G126499,ours_only_origin_ca|pubca:supported,0,reporter
ONCA_2016-2026,ONCA_2026onca421,2015onca655,both_strong,1,R. v. Arnaout <-> r v arnaout
ONCA_2016-2026,ONCA_2026onca421,2018onca375,both_strong,1,R. v. Boutros <-> r v boutros
ONCA_2016-2026,ONCA_2026onca421,2010scc31,both_strong,1,R. v. Cornell <-> r v cornell
ONCA_2016-2026,ONCA_2026onca421,2011scc46,both_strong,1,R. v. Côté <-> r v c t
ONCA_2016-2026,ONCA_2026onca421,2022onca675,both_strong,1,R. v. Daye <-> r v daye
ONCA_2016-2026,ONCA_2026onca421,1989canlii109,both_strong,1,R. v. Genest <-> r v genest
ONCA_2016-2026,ONCA_2026onca421,2025onca553,both_strong,1,R. v. Gilmore-Bent <-> r v gilmore bent
ONCA_2016-2026,ONCA_2026onca421,2009scc32,both_strong,1,R. v. Grant <-> r v grant
ONCA_2016-2026,ONCA_2026onca421,2021onca758,both_strong,1,R. v. Jarrett <-> r v jarrett
ONCA_2016-2026,ONCA_2026onca421,2014onca561,both_strong,1,R. v. Lucas <-> r v lucas
ONCA_2016-2026,ONCA_2026onca421,2013scc50,both_strong,1,R. v. MacKenzie <-> r v mackenzie
ONCA_2016-2026,ONCA_2026onca421,2010scc6,both_strong,1,R. v. Nasogaluak <-> r v nasogaluak
ONCA_2016-2026,ONCA_2026onca421,2021onca4,both_strong,1,R. v. Pileggi <-> r v pileggi
ONCA_2016-2026,ONCA_2026onca421,2016onca389,both_strong,1,R. v. Pino <-> r v pino
ONCA_2016-2026,ONCA_2026onca421,1997canlii511,both_weak,1,R. v. Sawatsky <-> r v sawatsky
ONCA_2016-2026,ONCA_2026onca421,2009scc35,both_strong,1,R. v. Shepherd <-> r v shepherd
ONCA_2016-2026,ONCA_2026onca421,1988canlii25,both_strong,1,R. v. Strachan <-> r v strachan
ONCA_2016-2026,ONCA_2026onca421,XC-G112137,ours_only_origin_ca|pubca:supported,0,reporter
ONCA_2016-2026,ONCA_2026onca421,XC-G112397,ours_only_origin_ca|pubca:supported,0,reporter
ONCA_2016-2026,ONCA_2026onca421,XC-G112622,ours_only_origin_ca|pubca:supported,0,reporter
ONCA_2016-2026,ONCA_2026onca421,XC-G113781,ours_only_origin_ca|pubca:supported,0,reporter
ONCA_2016-2026,ONCA_2026onca421,XC-G114741,ours_only_origin_ca|pubca:supported,0,reporter
ONCA_2016-2026,ONCA_2026onca421,XC-G120471,ours_only_origin_ca|pubca:supported,0,reporter
ONCA_2016-2026,ONCA_2026onca421,XC-G123249,ours_only_origin_undetermined|pubca:supported,0,reporter
ONCA_2016-2026,ONCA_2026onca421,XC-G123616,ours_only_origin_undetermined|pubca:supported,0,reporter
ONCA_2016-2026,ONCA_2016onca805,2014onca419,both_strong,1,Boucher v. Wal-Mart Canada Corp. <-> boucher v wal mart canada corp
ONCA_2016-2026,ONCA_2016onca805,1999canlii935,both_weak,1,G.K. v. D.K. <-> g k v d k
ONCA_2016-2026,ONCA_2016onca805,2013onca259,both_strong,1,Goodwin v. Olupona <-> goodwin v olupona
ONCA_2016-2026,ONCA_2016onca805,2016onca723,both_strong,1,Hoang v. Vicentini <-> hoang v vicentini
ONCA_2016-2026,ONCA_2016onca805,2002scc33,both_strong,1,Housen v. Nikolaisen <-> housen v nikolaisen
ONCA_2016-2026,ONCA_2016onca805,2014onca561,both_strong,1,R. v. Lucas <-> r v lucas
ONCA_2016-2026,ONCA_2016onca805,1994canlii80,both_strong,1,R. v. Mohan <-> r v mohan
ONCA_2016-2026,ONCA_2016onca805,XC-G112090,ours_only_origin_ca|pubca:supported,0,reporter
ONCA_2016-2026,ONCA_2016onca805,XC-G112137,ours_only_origin_ca|pubca:supported,0,reporter
ONCA_2016-2026,ONCA_2016onca805,XC-G118855,ours_only_origin_undetermined|pubca:supported,0,reporter
ONCA_2016-2026,ONCA_2022onca69,1993canlii116,both_strong,1,R. v. B. (K.G.) <-> r v b k g
ONCA_2016-2026,ONCA_2022onca69,1999canlii711,both_strong,1,R. v. Ewanchuk <-> r v ewanchuk
ONCA_2016-2026,ONCA_2022onca69,2021scc20,both_strong,1,R. v. G.F. <-> r v g f
ONCA_2016-2026,ONCA_2022onca69,1999canlii672,both_strong,1,R. v. Groot <-> r v groot
ONCA_2016-2026,ONCA_2022onca69,1998canlii2151,both_weak,1,R. v. Groot <-> r v groot
ONCA_2016-2026,ONCA_2022onca69,1999canlii637,both_strong,1,R. v. Mills <-> r v mills
ONCA_2016-2026,ONCA_2022onca69,2010scc32,both_strong,1,R. v. Pickton <-> r v pickton
ONCA_2016-2026,ONCA_2022onca69,2003canlii32900,both_weak,1,R. v. Ranger <-> r v ranger
ONCA_2016-2026,ONCA_2022onca69,XC-G122666,ours_only_origin_ca|pubca:supported,0,reporter
ONCA_2016-2026,ONCA_2018onca927,1984canlii33,both_strong,1,Hunter et al. v. Southam Inc. <-> hunter v southam inc
ONCA_2016-2026,ONCA_2018onca927,2001canlii16024,both_weak,1,R. v. Adams <-> r v adams
ONCA_2016-2026,ONCA_2018onca927,2000scc65,both_strong,1,R. v. Araujo <-> r v araujo
ONCA_2016-2026,ONCA_2018onca927,2007abca380,both_strong,1,R. v. Caissey <-> r v caissey
ONCA_2016-2026,ONCA_2018onca927,2008scc65,both_strong,1,R. v. Caissey <-> r v caissey
ONCA_2016-2026,ONCA_2018onca927,2015onca619,both_strong,1,R. v. Crevier <-> r v crevier
ONCA_2016-2026,ONCA_2018onca927,1989canlii13,both_strong,1,R. v. Debot <-> r v debot
ONCA_2016-2026,ONCA_2018onca927,1986canlii113,both_weak,1,R. v. Debot <-> r v debot
ONCA_2016-2026,ONCA_2018onca927,2011onsc1994,both_strong,1,R. v. Delchev <-> 
ONCA_2016-2026,ONCA_2018onca927,1997canlii342,both_strong,1,R. v. Feeney <-> r v feeney
ONCA_2016-2026,ONCA_2018onca927,1990canlii52,both_strong,1,R. v. Garofoli <-> r v garofoli
ONCA_2016-2026,ONCA_2018onca927,2009scc32,both_strong,1,R. v. Grant <-> r v grant
ONCA_2016-2026,ONCA_2018onca927,2015onca579,both_strong,1,R. v. Green <-> r v green
ONCA_2016-2026,ONCA_2018onca927,1998canlii7116,both_weak,1,R. v. Lewis <-> r v lewis
ONCA_2016-2026,ONCA_2018onca927,2010scc8,both_strong,1,R. v. Morelli <-> r v morelli
ONCA_2016-2026,ONCA_2018onca927,2012onca707,both_strong,1,R. v. Rocha <-> r v rocha
ONCA_2016-2026,ONCA_2018onca927,2014onca72,both_strong,1,R. v. Sadikov <-> r v sadikov
ONCA_2016-2026,ONCA_2018onca927,2016onca57,both_strong,1,R. v. Ting <-> r v ting
ONCA_2016-2026,ONCA_2018onca927,XC-G116521,ours_only_origin_ca|pubca:supported,0,reporter
ONCA_2016-2026,ONCA_2018onca927,XC-G116605,ours_only_origin_undetermined|pubca:supported,0,reporter
ONCA_2016-2026,ONCA_2018onca927,XC-G118310,ours_only_origin_ca|pubca:supported,0,reporter
ONCA_2016-2026,ONCA_2018onca927,XC-G118840,ours_only_origin_ca|pubca:supported,0,reporter
ONCA_2016-2026,ONCA_2018onca927,XC-G119570,ours_only_origin_ca|pubca:supported,0,reporter
ONCA_2016-2026,ONCA_2026onca452,2025onsc3953,both_strong,1,Winning v. 2483852 Ontario Inc. <-> 
ONCA_2016-2026,ONCA_2020onca186,2010onsc6426,both_strong,1,R. v. P.R. <-> r v p r
ONCA_2016-2026,ONCA_2020onca186,2011scc40,both_strong,1,R. v. Sinclair <-> r v sinclair
ONCA_2016-2026,ONCA_2016onca299,2011onca460,both_strong,1,Agribrands Purina Canada Inc. v. Kasamekas <-> agribrands purina canada inc v kasamekas
ONCA_2016-2026,ONCA_2016onca299,2014onca419,both_strong,1,Boucher v. Wal-Mart Canada Corp. <-> boucher v wal mart canada corp
ONCA_2016-2026,ONCA_2016onca299,2006canlii42636,both_weak,1,Brad-Jay Investments Limited v. Village Developments Limited <-> brad jay investments limited v village developments limited
ONCA_2016-2026,ONCA_2016onca299,1993canlii5484,Q_first_word_only,0,
ONCA_2016-2026,ONCA_2016onca299,2014onca544,both_strong,1,Elbakhiet v. Palmer <-> elbakhiet v palmer
ONCA_2016-2026,ONCA_2016onca299,2015onca712,both_strong,1,Gilbert v. South <-> gilbert v south
ONCA_2016-2026,ONCA_2016onca299,2014onsc3485,both_strong,1,Gilbert v. South et al. <-> gilbert v south
ONCA_2016-2026,ONCA_2016onca299,2008scc39,both_strong,1,Honda Canada Inc. v. Keays <-> honda canada inc v keays
ONCA_2016-2026,ONCA_2016onca299,2006canlii33191,both_weak,1,Keays v. Honda Canada Inc. <-> keays v honda canada inc
ONCA_2016-2026,ONCA_2016onca299,2006canlii3968,both_weak,1,Keays v. Honda Canada Inc. <-> keays v honda canada inc
ONCA_2016-2026,ONCA_2016onca299,2015onca885,both_strong,1,König v. Hobza <-> k nig v hobza
ONCA_2016-2026,ONCA_2016onca299,1995canlii621,both_loose,1,Koukounakis v. Reid <-> koukounakis v stainrod
ONCA_2016-2026,ONCA_2016onca299,2008onca171,both_strong,1,Lazare v. Harvey <-> lazare v harvey
ONCA_2016-2026,ONCA_2016onca299,2014bcsc1109,both_strong,1,Maras v. Seemore Entertainment Ltd. <-> maras v seemore entertainment ltd
ONCA_2016-2026,ONCA_2016onca299,2002canlii13354,both_weak,1,Marshall v. Watson Wyatt & Co. <-> marshall v watson wyatt and co
ONCA_2016-2026,ONCA_2016onca299,1937canlii1,both_strong,1,McCannell v. Mclean <-> mccannell v mclean
ONCA_2016-2026,ONCA_2016onca299,2015onca443,both_strong,1,Moore v. Getahun <-> moore v getahun
ONCA_2016-2026,ONCA_2016onca299,2014onsc237,both_strong,1,Moore v. Getahun <-> moore v getahun
ONCA_2016-2026,ONCA_2016onca299,2008onca381,both_strong,1,Novakovic v. Kapusniak <-> novakovic v kapusniak
ONCA_2016-2026,ONCA_2016onca299,1990canlii1983,both_weak,1,Surrey Credit Union v. Willson <-> surrey credit union v willson
ONCA_2016-2026,ONCA_2016onca299,2015onca206,both_strong,1,Westerhof v. Gee Estate <-> westerhof v gee estate
ONCA_2016-2026,ONCA_2016onca299,XC-G072745,ours_only_origin_undetermined|pubforeign:supported,0,reporter
ONCA_2016-2026,ONCA_2016onca299,XC-G079721,ours_only_origin_ca|pubca:supported,0,reporter
ONCA_2016-2026,ONCA_2016onca299,XC-G090504,ours_only_origin_undetermined|pubca:heuristic_only,0,reporter
ONCA_2016-2026,ONCA_2016onca299,XC-G092459,ours_only_origin_undetermined|pubca:supported,0,reporter
ONCA_2016-2026,ONCA_2016onca299,XC-G094630,ours_only_origin_foreign|pubforeign:supported,0,neutral
ONCA_2016-2026,ONCA_2016onca299,XC-G098912,ours_only_origin_undetermined|pubca:supported,0,identifier
ONCA_2016-2026,ONCA_2019onca220,2013onca259,both_strong,1,Goodwin v. Olupona <-> goodwin v olupona
ONCA_2016-2026,ONCA_2019onca220,2017onsc2845,both_strong,1,Hillis v Meineri <-> hillis v meineri
ONCA_2016-2026,ONCA_2019onca220,1992canlii119,both_strong,1,Lapointe v. Hôpital Le Gardeur <-> lapointe v h pital le gardeur
ONCA_2016-2026,ONCA_2019onca220,2002canlii13354,both_weak,1,Marshall v. Watson Wyatt & Co. <-> marshall v watson wyatt and co
ONCA_2016-2026,ONCA_2019onca220,2006canlii12284,both_loose,1,Pereira v. Hamilton Township Farmers' Mutual Fire Insurance Company <-> pereira v hamilton township farmers mutual fire insurance co
ONCA_2016-2026,ONCA_2019onca220,2015scc11,both_strong,1,R. v. Araya <-> r v araya
ONCA_2016-2026,ONCA_2019onca220,1991canlii73,both_strong,1,R. v. Brown <-> r v brown
ONCA_2016-2026,ONCA_2019onca220,2007scc53,both_strong,1,R. v. Daley <-> r v daley
ONCA_2016-2026,ONCA_2019onca220,2008scc6,both_strong,1,R. v. Ferguson <-> r v ferguson
ONCA_2016-2026,ONCA_2019onca220,1997canlii374,both_strong,1,R. v. Jacquard <-> r v jacquard
ONCA_2016-2026,ONCA_2019onca220,2009scc42,both_strong,1,R. v. Jaw <-> r v jaw
ONCA_2016-2026,ONCA_2019onca220,2017onca333,both_strong,1,R. v. Speers <-> r v speers
ONCA_2016-2026,ONCA_2019onca220,2017onsc1397,both_strong,1,Rycroft Estate v Gilas <-> rycroft v gilas
ONCA_2016-2026,ONCA_2019onca220,2017onca773,both_strong,1,Sacks v. Ross <-> sacks v ross
ONCA_2016-2026,ONCA_2019onca220,2014onca770,both_strong,1,Stilwell v. World Kitchen Inc. <-> stilwell v world kitchen inc
ONCA_2016-2026,ONCA_2019onca220,2017onca41,both_strong,1,Surujdeo v. Melady <-> surujdeo v melady
ONCA_2016-2026,ONCA_2019onca220,2015onsc2100,both_strong,1,Suwary v Librach <-> suwary litigation guardian of v librach
ONCA_2016-2026,ONCA_2019onca220,1956canlii29,both_strong,1,Sylvester v. Crits et al. <-> crits v sylvester
ONCA_2016-2026,ONCA_2019onca220,1956canlii34,Q_first_word_only,0,
ONCA_2016-2026,ONCA_2019onca220,1995canlii72,both_strong,1,Ter Neuzen v. Korn <-> ter neuzen v korn
ONCA_2016-2026,ONCA_2019onca220,2015scc23,both_strong,1,White Burgess Langille Inman v. Abbott and Haliburton Co. <-> white burgess langille inman v abbott and haliburton co
ONCA_2016-2026,ONCA_2019onca220,1956canlii61,both_strong,1,Wilson v. Swanson <-> wilson v swanson
ONCA_2016-2026,ONCA_2019onca220,XC-G073359,ours_only_origin_undetermined|pubforeign:supported,0,reporter
ONCA_2016-2026,ONCA_2019onca220,XC-G118855,ours_only_origin_undetermined|pubca:supported,0,reporter
ONCA_2016-2026,ONCA_2019onca220,XC-G119437,ours_only_origin_undetermined|pubca:supported,0,reporter
ONCA_2016-2026,ONCA_2019onca220,XC-G120050,ours_only_origin_ca|pubca:supported,0,reporter
ONCA_2016-2026,ONCA_2019onca220,XC-G121762,ours_only_origin_ca|pubca:supported,0,reporter
ONCA_2016-2026,ONCA_2019onca220,XC-G121873,ours_only_origin_ca|pubca:supported,0,reporter
ONCA_2016-2026,ONCA_2017onca544,1994canlii7334,Q_first_word_only,0,
ONCA_2016-2026,ONCA_2017onca544,2015onca449,both_strong,1,Berry v. Pulley <-> recently in berry v pulley
ONCA_2016-2026,ONCA_2017onca544,2012onca701,both_strong,1,Broesky v. Lüst <-> broesky v l st
ONCA_2016-2026,ONCA_2017onca544,2011onsc167,both_strong,1,Broesky v. Lüst <-> broesky v l st
ONCA_2016-2026,ONCA_2017onca544,1893canlii65,both_weak,1,Browne v. Dunn <-> browne v dunn
ONCA_2016-2026,ONCA_2017onca544,2013scc39,both_strong,1,Canadian National Railway Co. v. McKercher LLP <-> canadian national railway co v mckercher llp
ONCA_2016-2026,ONCA_2017onca544,2001scc79,both_strong,1,Cooper v. Hobart <-> cooper v hobart
ONCA_2016-2026,ONCA_2017onca544,2017onca293,both_strong,1,Deslaurier Custom Cabinets Inc. v. 1728106 Ontario Inc. <-> deslaurier custom cabinets inc v 1728106 ontario inc
ONCA_2016-2026,ONCA_2017onca544,1993canlii3431,both_weak,1,Eastwalsh Homes Ltd. v. Anatal Developments Ltd. <-> eastwalsh homes ltd v anatal developments ltd
ONCA_2016-2026,ONCA_2017onca544,2008scc53,both_strong,1,F.H. v. McDougall <-> f h v mcdougall
ONCA_2016-2026,ONCA_2017onca544,2000canlii3985,both_loose,1,"Fasken Campbell Godfrey v. Seven-Up Canada Inc., et al <-> fasken campbell godfrey v seven up canada inc"
ONCA_2016-2026,ONCA_2017onca544,2005canlii1403,both_weak,1,Folland v. Reardon <-> folland v reardon
ONCA_2016-2026,ONCA_2017onca544,2007scc41,both_strong,1,Hill v. Hamilton-Wentworth Regional Police Services Board <-> hill v hamilton wentworth regional police services board
ONCA_2016-2026,ONCA_2017onca544,2002scc33,both_strong,1,Housen v. Nikolaisen <-> housen v nikolaisen
ONCA_2016-2026,ONCA_2017onca544,2017abca157,both_strong,1,IFP Technologies (Canada) Inc. v EnCana Midstream and Marketing <-> ifp technologies canada inc v encana midstream and marketing
ONCA_2016-2026,ONCA_2017onca544,2016onca271,both_strong,1,Iroquois Falls Power Corporation v. Ontario Electricity Financial Corporation <-> iroquois falls power corporation v ontario electricity financial corporation
ONCA_2016-2026,ONCA_2017onca544,2017onca115,both_strong,1,Jarbeau v. McLean <-> jarbeau v mclean
ONCA_2016-2026,ONCA_2017onca544,2011onca352,both_strong,1,Krawchuk v. Scherbak <-> krawchuk v scherbak
ONCA_2016-2026,ONCA_2017onca544,2016scc37,both_strong,1,Ledcor Construction Ltd. v. Northbridge Indemnity Insurance Co. <-> ledcor construction ltd v northbridge indemnity insurance co
ONCA_2016-2026,ONCA_2017onca544,2015onca842,both_strong,1,MacDonald v. Chicago Title Insurance Company of Canada <-> macdonald v chicago title insurance company of canada
ONCA_2016-2026,ONCA_2017onca544,2007onca334,both_strong,1,Markson v. MBNA Canada Bank <-> markson v mbna canada bank
ONCA_2016-2026,ONCA_2017onca544,2017scc8,both_strong,1,Nelson (City) v. Mowatt <-> nelson city v mowatt
ONCA_2016-2026,ONCA_2017onca544,1996canlii172,both_strong,1,Quebec (Public Curator) v.  Syndicat national des employés de l'hôpital St-Ferdinand <-> qu bec public curator v syndicat national des employ s de l h pital st ferdinand
ONCA_2016-2026,ONCA_2017onca544,2002scc70,both_strong,1,R. v. Neil <-> r v neil
ONCA_2016-2026,ONCA_2017onca544,2015onca237,both_strong,1,R. v. Quansah <-> r v quansah
ONCA_2016-2026,ONCA_2017onca544,2008scc51,both_strong,1,R. v. R.E.M. <-> r v r e m
ONCA_2016-2026,ONCA_2017onca544,2002scc26,both_strong,1,R. v. Sheppard <-> r v sheppard
ONCA_2016-2026,ONCA_2017onca544,2015onca921,both_strong,1,Ramdath v. George Brown College of Applied Arts and Technology <-> ramdath v george brown college of applied arts and technology
ONCA_2016-2026,ONCA_2017onca544,2014scc53,both_strong,1,Sattva Capital Corp. v. Creston Moly Corp. <-> sattva capital corp v creston moly corp
ONCA_2016-2026,ONCA_2017onca544,2016onca912,both_strong,1,Shewchuk v. Blackmont Capital Inc. <-> shewchuk v blackmont capital inc
ONCA_2016-2026,ONCA_2017onca544,1996canlii575,both_weak,1,St. Thomas Subdividers Ltd. v. 639373 Ontario Ltd. <-> st thomas subdividers ltd v 639373 ontario ltd
ONCA_2016-2026,ONCA_2017onca544,2007scc24,both_strong,1,Strother v. 3464920 Canada Inc. <-> strother v 3464920 canada inc
ONCA_2016-2026,ONCA_2017onca544,2011onsc1300,both_strong,1,Trillium Motor World Inc. v. General Motors of Canada Limited <-> trillium motor world ltd v general motors of canada ltd
ONCA_2016-2026,ONCA_2017onca544,2017onca545,both_strong,1,Trillium Motor World Ltd. v. General Motors of Canada Limited <-> trillium motor world ltd v general motors of canada limited
ONCA_2016-2026,ONCA_2017onca544,2015onsc3824,both_strong,1,Trillium Motor World Ltd. v General Motors of Canada Limited <-> trillium motor world ltd v general motors of canada limited
ONCA_2016-2026,ONCA_2017onca544,2016onsc666,both_strong,1,Trillium Motor World Ltd. v General Motors of Canada Limited <-> 
ONCA_2016-2026,ONCA_2017onca544,2012onsc5960,both_strong,1,Trillium v. General Motors of Canada et al <-> trillium v general motors of canada
ONCA_2016-2026,ONCA_2017onca544,2004canlii39040,both_weak,1,Waxman v. Waxman <-> waxman v waxman
ONCA_2016-2026,ONCA_2017onca544,1970canlii173,both_strong,1,Webb & Knapp (Canada) Limited et al. v. City of Edmonton <-> webb and knapp canada limited v city of edmonton
ONCA_2016-2026,ONCA_2017onca544,1999canlii3788,Q_first_word_only,0,
ONCA_2016-2026,ONCA_2017onca544,1999canlii2004,Q_first_word_only,0,
ONCA_2016-2026,ONCA_2017onca544,XC-G001489,ours_only_origin_undetermined|pubforeign:supported,0,reporter
ONCA_2016-2026,ONCA_2017onca544,XC-G006233,ours_only_origin_undetermined|pubforeign:heuristic_only,0,neutral|reporter
ONCA_2016-2026,ONCA_2017onca544,XC-G080087,ours_only_origin_undetermined|pubca:supported,0,reporter
ONCA_2016-2026,ONCA_2017onca544,XC-G080758,ours_only_origin_ca|pubca:supported,0,reporter
ONCA_2016-2026,ONCA_2017onca544,XC-G080967,ours_only_origin_undetermined|pubforeign:supported,0,reporter
ONCA_2016-2026,ONCA_2017onca544,XC-G083488,ours_only_origin_undetermined|pubca:supported,0,reporter
ONCA_2016-2026,ONCA_2017onca544,XC-G083495,ours_only_origin_undetermined|pubca:supported,0,reporter
ONCA_2016-2026,ONCA_2017onca544,XC-G085853,ours_only_origin_undetermined|pubca:supported,0,reporter
ONCA_2016-2026,ONCA_2017onca544,XC-G093026,ours_only_origin_undetermined|pubca:supported,0,reporter
ONCA_2016-2026,ONCA_2017onca544,XC-G093694,ours_only_origin_foreign|pubforeign:supported,0,neutral
ONCA_2016-2026,ONCA_2017onca544,XC-G096101,ours_only_origin_undetermined|pubca:supported,0,neutral
ONCA_2016-2026,ONCA_2017onca544,XC-G101282,ours_only_origin_undetermined|pubca:supported,0,reporter
ONCA_2016-2026,ONCA_2017onca544,XC-G101307,ours_only_origin_undetermined|pubca:supported,0,reporter
ONCA_2016-2026,ONCA_2017onca544,XC-G111271,ours_only_origin_ca|pubca:supported,0,reporter
ONCA_2016-2026,ONCA_2017onca544,XC-G112332,ours_only_origin_ca|pubca:supported,0,reporter
ONCA_2016-2026,ONCA_2017onca544,XC-G112412,ours_only_origin_ca|pubca:supported,0,reporter
ONCA_2016-2026,ONCA_2017onca544,XC-G112921,ours_only_origin_undetermined|pubnone:supported,0,reporter
ONCA_2016-2026,ONCA_2017onca544,XC-G115817,ours_only_origin_undetermined|pubnone:supported,0,reporter
ONCA_2016-2026,ONCA_2017onca544,XC-G115818,ours_only_origin_undetermined|pubnone:supported,0,reporter
ONCA_2016-2026,ONCA_2017onca544,XC-G118954,ours_only_origin_undetermined|pubca:supported,0,reporter
ONCA_2016-2026,ONCA_2017onca544,XC-G119577,ours_only_origin_ca|pubca:supported,0,reporter
ONCA_2016-2026,ONCA_2017onca544,XC-G119676,ours_only_origin_undetermined|pubca:supported,0,reporter
ONCA_2016-2026,ONCA_2017onca544,XC-G119901,ours_only_origin_undetermined|pubca:supported,0,reporter
ONCA_2016-2026,ONCA_2017onca544,XC-G120316,ours_only_origin_ca|pubca:supported,0,reporter
ONCA_2016-2026,ONCA_2017onca544,XC-G120665,ours_only_origin_undetermined|pubnone:supported,0,reporter
ONCA_2016-2026,ONCA_2017onca544,XC-G120909,ours_only_origin_undetermined|pubca:supported,0,reporter
ONCA_2016-2026,ONCA_2017onca544,XC-G121281,ours_only_origin_ca|pubca:supported,0,reporter
ONCA_2016-2026,ONCA_2017onca544,XC-G121597,ours_only_origin_ca|pubca:supported,0,reporter
ONCA_2016-2026,ONCA_2017onca544,XC-G124839,ours_only_origin_undetermined|pubnone:supported,0,reporter
ONCA_2016-2026,ONCA_2017onca544,XC-G125682,ours_only_origin_undetermined|pubca:supported,0,reporter
ONCA_2016-2026,ONCA_2017onca544,XC-G125689,ours_only_origin_undetermined|pubnone:supported,0,reporter
ONCA_2016-2026,ONCA_2017onca544,XC-G126057,ours_only_origin_ca|pubca:supported,0,reporter
ONCA_2016-2026,ONCA_2017onca544,XC-G126257,ours_only_origin_undetermined|pubnone:supported,0,reporter
ONCA_2016-2026,ONCA_2017onca544,XC-G126682,ours_only_origin_undetermined|pubnone:supported,0,reporter
ONCA_2016-2026,ONCA_2021onca267,1994canlii239,both_weak,1,Bell Canada v. Olympia & York Developments Ltd. <-> bell canada v olympia and york developments ltd
ONCA_2016-2026,ONCA_2021onca267,2019onca777,both_strong,1,Birtzu v. McCron <-> birtzu v mccron
ONCA_2016-2026,ONCA_2021onca267,2004canlii15701,both_weak,1,Childs v. Desormeaux <-> childs v desormeaux
ONCA_2016-2026,ONCA_2021onca267,2014onsc6260,both_strong,1,Fischer v. IG Investment Management Ltd. <-> fischer v ig investment management ltd
ONCA_2016-2026,ONCA_2021onca267,2004scc9,both_strong,1,Hamilton v. Open Window Bakery Ltd. <-> hamilton v open window bakery ltd
ONCA_2016-2026,ONCA_2021onca267,2007scc44,both_strong,1,Kerr v. Danier Leather Inc. <-> kerr v danier leather inc
ONCA_2016-2026,ONCA_2021onca267,2020onsc238,both_strong,1,Lundy’s Regency Arms Corp. v. Potato Factory Bar & Grill Corp <-> lundy s regency arms corp v potato factory bar and grill corp
ONCA_2016-2026,ONCA_2021onca267,2018onsc368,both_strong,1,Persampieri v. Hobbs <-> persampieri v hobbs
ONCA_2016-2026,ONCA_2021onca267,2008canlii19504,both_strong,1,Peterson v. Phillips <-> peterson v phillips
ONCA_2016-2026,ONCA_2021onca267,2019onsc7498,both_strong,1,Przyk v. Hamilton Retirement Group Ltd. <-> 
ONCA_2016-2026,ONCA_2021onca267,2018onsc1964,both_strong,1,Rososhansky v. Williams <-> rososhansky v williams
ONCA_2016-2026,ONCA_2021onca267,2016onsc6395,both_strong,1,Valentine v Rodriguez-Elizalde <-> valentine v rodriguez elizade
ONCA_2016-2026,ONCA_2021onca267,XC-G111572,ours_only_origin_ca|pubca:supported,0,reporter
ONCA_2016-2026,ONCA_2021onca267,XC-G122300,ours_only_origin_ca|pubca:supported,0,reporter
ONCA_2016-2026,ONCA_2022onca714,2020onca720,both_strong,1,Lochner v. Ontario Civilian Police Commission <-> lochner v ontario civilian police commission
ONCA_2016-2026,ONCA_2022onca714,2019onsc7325,both_strong,1,M.E. et al. v. Her Majesty the Queen in Right of Ontario et al. <-> m e et al v her majesty the queen in right of ontario et al
ONCA_2016-2026,ONCA_2022onca714,2021onsc2862,both_strong,1,M.E. et al. v. HMTQ et al. <-> m e v hmtq et al
ONCA_2016-2026,ONCA_2022onca714,2019onsc5138,both_strong,1,M.E. et al. v. Ontario <-> m e et al v her majesty the queen in right of ontario et al
ONCA_2016-2026,ONCA_2022onca714,2019onsc5141,both_strong,1,M.E. et al. v. Ontario <-> m e et al v her majesty the queen in right of ontario et al
ONCA_2016-2026,ONCA_2022onca714,2020onca289,both_strong,1,M.E. v. R. <-> m e v r
ONCA_2016-2026,ONCA_2022onca714,2020onca429,both_strong,1,M.E. v. R. <-> m e v r
ONCA_2016-2026,ONCA_2022onca714,2022onca320,both_strong,1,Mukwa v. Farm Credit of Canada <-> mukwa v farm credit of canada
ONCA_2016-2026,ONCA_2020onca220,2018onca1084,both_strong,1,R. v. Albinowski <-> r v albinowski
ONCA_2016-2026,ONCA_2020onca220,2019onca160,both_strong,1,R. v. Antic <-> r v antic
ONCA_2016-2026,ONCA_2020onca220,2005canlii4937,both_weak,1,R. v. Backhouse <-> r v backhouse
ONCA_2016-2026,ONCA_2020onca220,2019onca11,both_strong,1,R. v. Brissett <-> r v brissett
ONCA_2016-2026,ONCA_2020onca220,2019onca600,both_strong,1,R. v. Bulhosen <-> r v bulhosen
ONCA_2016-2026,ONCA_2020onca220,2017onca728,both_strong,1,R. v. Gopie <-> r v gopie
ONCA_2016-2026,ONCA_2020onca220,2016scc27,both_strong,1,R. v. Jordan <-> r v jordan
ONCA_2016-2026,ONCA_2020onca220,2018onca489,both_strong,1,R. v. Jurkus <-> r v jurkus
ONCA_2016-2026,ONCA_2020onca220,1997canlii319,both_strong,1,R. v. Lifchus <-> r v lifchus
ONCA_2016-2026,ONCA_2020onca220,1992canlii89,both_strong,1,R. v. Morin <-> r v morin
ONCA_2016-2026,ONCA_2020onca220,2009bcca410,both_strong,1,R. v. Narwal <-> r v narwal
ONCA_2016-2026,ONCA_2020onca220,1993canlii14691,both_loose,1,R. v. Nurse (D.W.) <-> r v nurse
ONCA_2016-2026,ONCA_2020onca220,2007onca486,both_strong,1,R. v. Palombi <-> r v palombi
ONCA_2016-2026,ONCA_2020onca220,2016bcca427,both_strong,1,R. v. Singh <-> 
ONCA_2016-2026,ONCA_2020onca220,2012scc40,both_strong,1,R. v. Vu <-> r v vu
ONCA_2016-2026,ONCA_2020onca220,1991canlii93,both_strong,1,R. v. W.(D.) <-> r v w d
ONCA_2016-2026,ONCA_2020onca220,XC-G048621,ours_only_origin_undetermined|pubca:supported,0,reporter
ONCA_2016-2026,ONCA_2020onca220,XC-G113149,ours_only_origin_ca|pubca:supported,0,reporter
ONCA_2016-2026,ONCA_2020onca220,XC-G115611,ours_only_origin_ca|pubca:supported,0,reporter
ONCA_2016-2026,ONCA_2020onca220,XC-G117051,ours_only_origin_ca|pubca:supported,0,reporter
ONCA_2016-2026,ONCA_2020onca220,XC-G119961,ours_only_origin_ca|pubca:supported,0,reporter
ONCA_2016-2026,ONCA_2020onca220,XC-G120504,ours_only_origin_ca|pubca:supported,0,reporter
ONCA_2016-2026,ONCA_2020onca220,XC-G120721,ours_only_origin_ca|pubca:supported,0,reporter
ONCA_2016-2026,ONCA_2020onca220,XC-G120830,ours_only_origin_ca|pubca:supported,0,reporter
ONCA_2016-2026,ONCA_2016onca759,2016onca34,both_strong,1,Bonaccorso v. Optimum Insurance Company Inc. <-> bonaccorso v optimum insurance company inc
ONCA_2016-2026,ONCA_2016onca759,2016onsc1411,both_strong,1,Bonilla v Preszler et al <-> 
ONCA_2016-2026,ONCA_2016onca759,2014onca111,both_strong,1,Sietzema v. Economical Mutual Insurance Company <-> sietzema v economical mutual insurance company
ONCA_2016-2026,ONCA_2016onca759,2002scc30,both_strong,1,Smith v. Co-operators General Insurance Co. <-> smith v co operators general insurance co
ONCA_2016-2026,ONCA_2016onca759,XC-G111914,ours_only_origin_ca|pubca:supported,0,reporter
ONCA_2016-2026,ONCA_2016onca759,XC-G112505,ours_only_origin_ca|pubca:supported,0,reporter
ONCA_2016-2026,ONCA_2019onca334,1974canlii14,both_strong,1,Kienapple v. R. <-> r v kienapple
ONCA_2016-2026,ONCA_2019onca334,2005canlii253,both_weak,1,R. v. Howe <-> r v howe
ONCA_2016-2026,ONCA_2019onca334,2006canlii40088,both_weak,1,R. v. J.J.R.D. <-> r v j j r d
ONCA_2016-2026,ONCA_2019onca334,2000canlii5670,both_weak,1,R. v. Kordrostami <-> r v kordrostami
ONCA_2016-2026,ONCA_2019onca334,1999canlii3775,both_weak,2,R. v. Kosikar <-> r v kosikar / r v kosikar
ONCA_2016-2026,ONCA_2019onca334,2008scc51,both_strong,1,R. v. R.E.M. <-> r v r e m
ONCA_2016-2026,ONCA_2019onca334,1991canlii93,both_strong,1,R. v. W.(D.) <-> r v w d
ONCA_2016-2026,ONCA_2019onca334,XC-G090669,ours_only_origin_ca|pubca:supported,0,reporter
ONCA_2016-2026,ONCA_2023onca674,2013scc28,both_strong,1,R. v. A.D.H. <-> r v a d h
ONCA_2016-2026,ONCA_2023onca674,2009onca133,both_strong,1,R. v. Alicandro <-> r v alicandro
ONCA_2016-2026,ONCA_2023onca674,2023scc18,both_strong,1,R. v. Basque <-> r v basque
ONCA_2016-2026,ONCA_2023onca674,2008scc5,both_strong,1,R. v. Beatty <-> r v beatty
ONCA_2016-2026,ONCA_2023onca674,2022onca852,both_strong,1,R. v. Bowers <-> r v bowers
ONCA_2016-2026,ONCA_2023onca674,2023onca561,both_strong,1,R. v. D.N. <-> r v d n
ONCA_2016-2026,ONCA_2023onca674,2020scc9,both_strong,1,R. v. Friesen <-> r v friesen
ONCA_2016-2026,ONCA_2023onca674,2002scc73,both_strong,1,R. v. Jarvis <-> r v jarvis
ONCA_2016-2026,ONCA_2023onca674,2020onca733,both_strong,1,R. v. Joseph <-> r v joseph
ONCA_2016-2026,ONCA_2023onca674,2009scc56,both_strong,1,R. v. Legare <-> r v legare
ONCA_2016-2026,ONCA_2023onca674,2010scc25,both_strong,1,R. v. Levigne <-> r v levigne
ONCA_2016-2026,ONCA_2023onca674,2019scc15,both_strong,1,R. v. Morrison <-> r v morrison
ONCA_2016-2026,ONCA_2023onca674,2022onca160,both_strong,1,R. v. N.S. <-> r v n s
ONCA_2016-2026,ONCA_2023onca674,2000scc5,both_strong,1,R. v. Proulx <-> r v proulx
ONCA_2016-2026,ONCA_2023onca674,2023onca35,both_strong,1,R. v. S.R. <-> r v bowers
ONCA_2016-2026,ONCA_2023onca674,2021onca578,both_strong,1,R. v. W.G. <-> r v w g
ONCA_2016-2026,ONCA_2023onca674,1979canlii1927,Q_not_found,0,
ONCA_2016-2026,ONCA_2023onca674,1985canlii79,both_strong,1,Sansregret v. The Queen <-> sansregret v the queen
ONCA_2016-2026,ONCA_2023onca674,XC-G006695,ours_only_origin_undetermined|pubca:heuristic_only,0,reporter
ONCA_2016-2026,ONCA_2023onca674,XC-G097607,ours_only_origin_ca|pubca:supported,0,reporter
ONCA_2016-2026,ONCA_2023onca674,XC-G113769,ours_only_origin_ca|pubca:supported,0,reporter
ONCA_2016-2026,ONCA_2023onca674,XC-G114397,ours_only_origin_ca|pubca:supported,0,reporter
ONCA_2016-2026,ONCA_2023onca674,XC-G121601,ours_only_origin_ca|pubca:supported,0,reporter
ONCA_2016-2026,ONCA_2023onca674,XC-G126816,ours_only_origin_ca|pubca:supported,0,reporter
ONCA_2016-2026,ONCA_2020onca536,2020scc20,both_strong,1,British Columbia (Attorney General) v. Provincial Court Judges’ Association of British Columbia <-> british columbia attorney general v provincial court judges association of british columbia
ONCA_2016-2026,ONCA_2020onca536,2019fca33,both_strong,1,Canada (Board of Internal Economy) v. Boulerice <-> and canada board of internal economy v boulerice
ONCA_2016-2026,ONCA_2020onca536,2007fc564,both_strong,2,"Canada (Deputy Commissioner, Royal Canadian Mounted Police) v. Canada (Commissioner, Royal Canadian Mounted Police) (F.C.) <-> canada deputy commissioner royal canadian mounted police v canada commissioner royal canadian mounted police"
ONCA_2016-2026,ONCA_2020onca536,2005scc30,both_strong,1,Canada (House of Commons) v. Vaid <-> canada house of commons v vaid
ONCA_2016-2026,ONCA_2020onca536,2018scc39,both_strong,1,Chagnon v. Syndicat de la fonction publique et parapublique du Québec <-> chagnon v syndicat de la fonction publique et parapublique du qu bec
ONCA_2016-2026,ONCA_2020onca536,1968canlii51,both_strong,1,Conseil des Ports Nationaux v. Langelier et al. <-> conseil des ports nationaux v langelier et al
ONCA_2016-2026,ONCA_2020onca536,2017qcca630,both_strong,1,Filion c. Bureau de l'Assemblée nationale du Québec <-> 
ONCA_2016-2026,ONCA_2020onca536,2016qccs6146,both_strong,1,Filion c. Chagnon <-> 
ONCA_2016-2026,ONCA_2020onca536,2006fca86,both_strong,1,Gagliano v. Canada (Attorney General) <-> gagliano v canada attorney general
ONCA_2016-2026,ONCA_2020onca536,2005fc576,both_strong,1,Gagliano v. Canada (Attorney General) (F.C.) <-> gagliano v canada attorney general
ONCA_2016-2026,ONCA_2020onca536,1996canlii163,both_strong,1,Harvey v. New Brunswick (Attorney General) <-> harvey v new brunswick attorney general
ONCA_2016-2026,ONCA_2020onca536,2002scc33,both_strong,1,Housen v. Nikolaisen <-> housen v nikolaisen
ONCA_2016-2026,ONCA_2020onca536,2008canlii89825,both_weak,1,Lavigne v. Ontario (Attorney General) <-> lavigne v ontario attorney general
ONCA_2016-2026,ONCA_2020onca536,2018scc40,both_strong,1,Mikisew Cree First Nation v. Canada (Governor General in Council) <-> mikisew cree first nation v canada governor general in council
ONCA_2016-2026,ONCA_2020onca536,1993canlii153,both_strong,1,New Brunswick Broadcasting Co. v. Nova Scotia (Speaker of the House of Assembly) <-> new brunswick broadcasting co v nova scotia speaker of the house of assembly
ONCA_2016-2026,ONCA_2020onca536,2014onsc3382,both_strong,1,Ontario v. Rothmans et al <-> ontario v rothmans et al
ONCA_2016-2026,ONCA_2020onca536,2020scc2,Q_not_found,0,
ONCA_2016-2026,ONCA_2020onca536,2016oncj220,both_strong,1,R. v. Duffy <-> r v duffy
ONCA_2016-2026,ONCA_2020onca536,1987canlii65,both_strong,1,"Reference re Bill 30, An Act to Amend the Education Act (Ont.) <-> reference re bill 30 an act to amend the education act ont"
ONCA_2016-2026,ONCA_2020onca536,1998canlii793,both_strong,1,Reference re Secession of Quebec <-> reference re secession of quebec
ONCA_2016-2026,ONCA_2020onca536,1997canlii317,both_strong,1,Ref re Remuneration of Judges of the Prov. Court of P.E.I.; Ref re Independence and Impartiality of Judges of the Prov. Court of P.E.I. <-> reference re remuneration of judges of the provincial court of prince edward island
ONCA_2016-2026,ONCA_2020onca536,1973canlii15,both_strong,1,Roman Corp. v. Hudson's Bay Oil & Gas Co. <-> roman corp v hudson s bay oil and gas co
ONCA_2016-2026,ONCA_2020onca536,1959canlii50,both_strong,1,Roncarelli v. Duplessis <-> roncarelli v duplessis
ONCA_2016-2026,ONCA_2020onca536,1990canlii8042,both_loose,1,Southam Inc. v. Canada (Attorney General) (C.A.) <-> and southam inc v canada attorney general
ONCA_2016-2026,ONCA_2020onca536,2008nwtsc41,both_strong,1,Villeneuve v Legislative Assembly <-> villeneuve v legislative assembly et al
ONCA_2016-2026,ONCA_2020onca536,XC-G071641,ours_only_origin_undetermined|pubforeign:supported,0,reporter
ONCA_2016-2026,ONCA_2020onca536,XC-G071676,ours_only_origin_ca|pubca:supported,0,reporter
ONCA_2016-2026,ONCA_2020onca536,XC-G071758,ours_only_origin_ca|pubca:supported,0,reporter
ONCA_2016-2026,ONCA_2020onca536,XC-G080407,ours_only_origin_undetermined|pubforeign:heuristic_only,0,reporter
ONCA_2016-2026,ONCA_2020onca536,XC-G091691,ours_only_origin_undetermined|pubnone:supported,0,reporter
ONCA_2016-2026,ONCA_2020onca536,XC-G092578,ours_only_origin_undetermined|pubnone:supported,0,reporter
ONCA_2016-2026,ONCA_2020onca536,XC-G094476,ours_only_origin_foreign|pubforeign:supported,0,neutral|reporter
ONCA_2016-2026,ONCA_2020onca536,XC-G103830,ours_only_origin_undetermined|pubca:supported,0,neutral
ONCA_2016-2026,ONCA_2020onca536,XC-G105145,ours_only_origin_undetermined|pubca:supported,0,reporter
ONCA_2016-2026,ONCA_2020onca536,XC-G105212,ours_only_origin_foreign|pubforeign:supported,0,neutral
ONCA_2016-2026,ONCA_2020onca536,XC-G115658,ours_only_origin_undetermined|pubnone:supported,0,reporter
ONCA_2016-2026,ONCA_2020onca536,XC-G117613,ours_only_origin_ca|pubca:supported,0,reporter
ONCA_2016-2026,ONCA_2020onca536,XC-G120789,ours_only_origin_ca|pubca:supported,0,reporter
ONCA_2016-2026,ONCA_2020onca536,XC-G125410,ours_only_origin_ca|pubca:supported,0,reporter
ONCA_2016-2026,ONCA_2020onca381,1979canlii8,both_strong,1,Palmer v. The Queen <-> palmer v the queen
ONCA_2016-2026,ONCA_2020onca381,2010qccq851,both_strong,1,R. c. Jones <-> r v jones
ONCA_2016-2026,ONCA_2020onca381,2009qccs4519,both_strong,1,R. c. Lacroix <-> r v lacroix
ONCA_2016-2026,ONCA_2020onca381,2004canlii33468,both_weak,1,R. v. B. P. <-> r v b p
ONCA_2016-2026,ONCA_2020onca381,2020onca154,both_strong,1,R. v. Boone <-> r v boone
ONCA_2016-2026,ONCA_2020onca381,2011onca582,both_strong,1,R. v. Drabinsky <-> r v drabinsky
ONCA_2016-2026,ONCA_2020onca381,2016onca754,both_strong,1,R. v. Duncan <-> r v duncan
ONCA_2016-2026,ONCA_2020onca381,2011onca113,both_strong,1,R. v. Eizenga <-> r v eizenga
ONCA_2016-2026,ONCA_2020onca381,2019onca204,both_strong,1,R. v. Erez <-> r v erez
ONCA_2016-2026,ONCA_2020onca381,2020scc9,both_strong,1,R. v. Friesen <-> r v friesen
ONCA_2016-2026,ONCA_2020onca381,1982canlii30,both_strong,1,R. v. Gardiner <-> r v gardiner
ONCA_2016-2026,ONCA_2020onca381,2020onsc132,both_strong,1,R. v. Holden <-> r v holden
ONCA_2016-2026,ONCA_2020onca381,2013scc12,both_strong,1,R. v. J.F. <-> r v j f
ONCA_2016-2026,ONCA_2020onca381,2011onca220,both_strong,1,R. v. J.F. <-> r v j f
ONCA_2016-2026,ONCA_2020onca381,2010abca392,both_strong,1,R. v. Johnson <-> r v johnson
ONCA_2016-2026,ONCA_2020onca381,2010abqb546,both_strong,1,R. v. Johnson <-> r v johnson
ONCA_2016-2026,ONCA_2020onca381,2015scc64,both_strong,1,R. v. Lacasse <-> r v lacasse
ONCA_2016-2026,ONCA_2020onca381,2014onsc4188,both_strong,1,R. v. Lewis <-> r v lewis
ONCA_2016-2026,ONCA_2020onca381,2017onca872,both_strong,1,R. v. Shah <-> r v shah
ONCA_2016-2026,ONCA_2020onca381,2014scc47,both_strong,1,R. v. Sipos <-> r v sipos
ONCA_2016-2026,ONCA_2020onca381,1999canlii1885,both_weak,1,R. v. Valentini <-> r v valentini
ONCA_2016-2026,ONCA_2020onca381,2014onca256,both_strong,1,R. v. Waxman <-> r v waxman
ONCA_2016-2026,ONCA_2020onca381,XC-G084962,ours_only_origin_undetermined|pubca:supported,0,reporter
ONCA_2016-2026,ONCA_2020onca381,XC-G111215,ours_only_origin_ca|pubca:supported,0,reporter
ONCA_2016-2026,ONCA_2020onca381,XC-G111327,ours_only_origin_ca|pubca:supported,0,reporter
ONCA_2016-2026,ONCA_2020onca381,XC-G117547,ours_only_origin_ca|pubca:supported,0,reporter
ONCA_2016-2026,ONCA_2020onca381,XC-G117805,ours_only_origin_undetermined|pubca:supported,0,reporter
ONCA_2016-2026,ONCA_2021onca658,1999canlii691,both_strong,1,Hickey v. Hickey <-> hickey v hickey
ONCA_2016-2026,ONCA_2021onca658,2018onca10,both_strong,1,Lavie v. Lavie <-> lavie v lavie
ONCA_2016-2026,ONCA_2021onca658,2003canlii2227,both_weak,1,Rosenberg v. Rosenberg <-> rosenberg v rosenberg
ONCA_2016-2026,ONCA_2021onca658,2019onsc6949,both_strong,1,Skinner v. Skinner <-> 
ONCA_2016-2026,ONCA_2021onca658,1994canlii28,both_strong,1,Willick v. Willick <-> willick v willick
ONCA_2016-2026,ONCA_2021onca658,XC-G126425,ours_only_origin_ca|pubca:supported,0,reporter
ONCA_2016-2026,ONCA_2023onca233,2020scc22,both_strong,1,1704604 Ontario Ltd. v. Pointes Protection Association <-> 1704604 ontario ltd v pointes protection association
ONCA_2016-2026,ONCA_2023onca233,2020scc19,both_strong,1,Atlantic Lottery Corp. Inc. v. Babstock <-> atlantic lottery corp inc v babstock
ONCA_2016-2026,ONCA_2023onca233,2011mbca77,both_strong,1,Britton v. Manitoba <-> britton v manitoba
ONCA_2016-2026,ONCA_2023onca233,1967canlii77,both_strong,1,Cahoon v. Franks <-> 
ONCA_2016-2026,ONCA_2023onca233,2016onsc6359,both_strong,1,Farmers Oil and Gas Inc. v Ontario (Natural Resources) <-> farmers oil and gas inc v ontario natural resources
ONCA_2016-2026,ONCA_2023onca233,2009scc48,both_strong,1,Galambos v. Perez <-> galambos v perez
ONCA_2016-2026,ONCA_2023onca233,2020onca71,both_strong,1,"Labourers’ International Union of North America, Local 183 v. Castellano <-> labourers international union of north america local 183 v castellano"
ONCA_2016-2026,ONCA_2023onca233,2023onca129,both_strong,1,Park Lawn Corporation v. Kahu Capital Partners Ltd. <-> park lawn corporation v kahu capital partners ltd
ONCA_2016-2026,ONCA_2023onca233,2018onca687,both_strong,1,Platnick v. Bent <-> platnick v bent
ONCA_2016-2026,ONCA_2023onca233,2014onca763,both_strong,1,Ridel v. Cassin <-> ridel v cassin
ONCA_2016-2026,ONCA_2023onca233,2021onsc125,both_strong,1,The Catalyst Capital Group Inc. v. West Face Capital Inc. <-> the catalyst capital group inc v west face capital inc
ONCA_2016-2026,ONCA_2023onca233,2020onca767,both_strong,1,Zoutman v. Graham <-> zoutman v graham
ONCA_2016-2026,ONCA_2023onca233,XC-G112800,ours_only_origin_ca|pubca:supported,0,reporter
ONCA_2016-2026,ONCA_2023onca233,XC-G117734,ours_only_origin_ca|pubca:supported,0,reporter
ONCA_2016-2026,ONCA_2023onca233,XC-G122050,ours_only_origin_ca|pubca:supported,0,reporter
ONCA_2016-2026,ONCA_2023onca233,XC-G122483,ours_only_origin_ca|pubca:supported,0,reporter
ONCA_2016-2026,ONCA_2025onca802,2013onca694,both_strong,1,Denomme v. McArthur <-> denomme v mcarthur
ONCA_2016-2026,ONCA_2025onca802,2014onca309,both_strong,1,Howard v. Martin <-> howard v martin
ONCA_2016-2026,ONCA_2025onca802,2011onca112,both_strong,1,Issai v. Rosenzweig <-> issasi v rosenzweig
ONCA_2016-2026,ONCA_2025onca802,2021onca160,both_strong,1,Jex v. Jiang <-> jex v jiang
ONCA_2016-2026,ONCA_2025onca802,2021onca577,both_strong,1,Teitler v. Dale <-> teitler v dale
ONCA_2016-2026,ONCA_2025onca802,XC-G120691,ours_only_origin_ca|pubca:supported,0,reporter
ONCA_2016-2026,ONCA_2025onca802,XC-G122170,ours_only_origin_ca|pubca:supported,0,reporter
ONCA_2016-2026,ONCA_2025onca802,XC-G126841,ours_only_origin_ca|pubca:supported,0,reporter
ONCA_2016-2026,ONCA_2018onca699,2017onsc2613,both_strong,1,Abdul v Ontario College of Pharmacists <-> 
ONCA_2016-2026,ONCA_2018onca699,2003canlii10566,both_loose,1,Dr. Henderson v. The College of physicians and surgeons of Ontario <-> henderson v college of physicians and surgeons of ontario
ONCA_2016-2026,ONCA_2018onca699,1998canlii19444,Q_first_word_only,0,
ONCA_2016-2026,ONCA_2018onca699,2016oncpdc21,both_strong,1,Ontario (College of Pharmacists) v. Abdul <-> 
ONCA_2016-2026,ONCA_2018onca699,2002canlii16887,Q_first_word_only,0,
ONCA_2016-2026,ONCA_2018onca699,2012onca727,both_strong,1,Sazant v. College of Physicians and Surgeons of Ontario <-> sazant v college of physicians and surgeons of ontario
ONCA_2016-2026,ONCA_2018onca699,2012onca541,both_strong,1,Volochay v. College of Massage Therapists of Ontario <-> volochay v college of massage therapists of ontario
ONCA_2016-2026,ONCA_2018onca699,XC-G082729,ours_only_origin_ca|pubca:supported,0,reporter
ONCA_2016-2026,ONCA_2018onca699,XC-G086252,ours_only_origin_ca|pubca:supported,0,reporter
ONCA_2016-2026,ONCA_2018onca699,XC-G096524,ours_only_origin_undetermined|pubca:supported,0,reporter
ONCA_2016-2026,ONCA_2018onca699,XC-G111592,ours_only_origin_ca|pubca:supported,0,reporter
ONCA_2016-2026,ONCA_2018onca699,XC-G111674,ours_only_origin_ca|pubca:supported,0,reporter
ONCA_2016-2026,ONCA_2026onca610,2004canlii12037,Q_not_found,0,
ONCA_2016-2026,ONCA_2026onca610,2018onca1040,both_strong,1,Gionet v. Pingue <-> gionet v pingue
ONCA_2016-2026,ONCA_2026onca610,2014scc7,both_strong,1,Hryniak v. Mauldin <-> hryniak v mauldin
ONCA_2016-2026,ONCA_2026onca610,2018onca917,both_strong,1,Royal Bank of Canada v. Puzzolanti <-> royal bank of canada v puzzolanti
ONCA_2016-2026,ONCA_2026onca610,2016onca222,both_strong,1,Turbo Logistics Canada Inc. v. HSBC Bank Canada <-> turbo logistics canada inc v hsbc bank canada
ONCA_2016-2026,ONCA_2026onca610,XC-G116633,ours_only_origin_ca|pubca:supported,0,reporter
ONCA_2016-2026,ONCA_2026onca610,XC-G121548,ours_only_origin_ca|pubca:supported,0,reporter
ONCA_2016-2026,ONCA_2026onca610,XC-G124975,ours_only_origin_ca|pubca:supported,0,reporter
ONCA_2016-2026,ONCA_2016onca79,2004canlii6668,both_strong,1,Belton v. Liberty Insurance Co. of Canada <-> 
ONCA_2016-2026,ONCA_2016onca79,2009canlii17976,both_strong,1,Cardenas v. Kohler Canada Co. <-> 
ONCA_2016-2026,ONCA_2016onca79,2006canlii14,Q_first_word_only,0,
ONCA_2016-2026,ONCA_2016onca79,2009onca916,both_strong,1,McKee v. Reid's Heritage Homes Ltd. <-> mckee v reid s heritage home ltd
ONCA_2016-2026,ONCA_2016onca79,XC-G088153,ours_only_origin_undetermined|pubca:heuristic_only,0,reporter
ONCA_2016-2026,ONCA_2016onca79,XC-G090346,ours_only_origin_undetermined|pubnone:supported,0,reporter
ONCA_2016-2026,ONCA_2019onca185,2017onsc6933,both_strong,1,Lam v. University of Western Ontario <-> 
ONCA_2016-2026,ONCA_2019onca237,2001scc2,both_strong,1,R. v. Sharpe <-> r v sharpe
ONCA_2016-2026,ONCA_2019onca152,2018onsc3284,both_strong,1,Equirex Leasing Corp. v. Medcap Real Estate Holdings Inc. <-> 
ONCA_2016-2026,ONCA_2019onca152,XC-G126412,ours_only_origin_undetermined|pubnone:supported,0,reporter
ONCA_2016-2026,ONCA_2023onca746,2021onca680,both_strong,1,R. v. Morris <-> r v morris
ONCA_2016-2026,ONCA_2023onca746,2014scc26,both_strong,1,R. v. Summers <-> r v summers
ONCA_2016-2026,ONCA_2023onca746,XC-G114006,ours_only_origin_ca|pubca:supported,0,reporter
BCCA_1999-2007,BCCA_2004bcca629,1993canlii61,both_strong,1,R. v. Creighton <-> r v creighton
BCCA_1999-2007,BCCA_2004bcca629,1993canlii120,both_strong,1,R. v. Hundal <-> r v hundal
BCCA_1999-2007,BCCA_2001bcca65,1995canlii7415,both_loose,1,"Central Capital Corp., Re <-> re central capital corp"
BCCA_1999-2007,BCCA_2001bcca65,1986canlii1066,both_loose,1,Fredrickson v. I.C.B.C. <-> 27 fredrickson v insurance corp of british columbia
BCCA_1999-2007,BCCA_2001bcca65,1985canlii510,Q_first_word_only,0,
BCCA_1999-2007,BCCA_2001bcca65,2000bcca637,both_strong,1,Interclaim Holdings Limited v. Down (Trustee of) <-> interclaim holdings limited v down date 20001117 docket ca026197
BCCA_1999-2007,BCCA_2001bcca65,1996canlii1521,Q_not_found,0,
BCCA_1999-2007,BCCA_2001bcca65,XC-G001314,ours_only_origin_undetermined|pubforeign:supported,0,reporter
BCCA_1999-2007,BCCA_2001bcca65,XC-G001774,ours_only_origin_undetermined|pubforeign:supported,0,reporter
BCCA_1999-2007,BCCA_2001bcca65,XC-G009135,ours_only_origin_undetermined|pubca:supported,0,reporter
BCCA_1999-2007,BCCA_2001bcca65,XC-G016862,ours_only_origin_undetermined|pubca:supported,0,reporter
BCCA_1999-2007,BCCA_2001bcca65,XC-G057461,ours_only_origin_ca|pubca:supported,0,reporter
BCCA_1999-2007,BCCA_2001bcca65,XC-G061583,ours_only_origin_undetermined|pubca:supported,0,reporter
BCCA_1999-2007,BCCA_2001bcca65,XC-G062967,ours_only_origin_ca|pubca:supported,0,reporter
BCCA_1999-2007,BCCA_2001bcca65,XC-G065380,ours_only_origin_undetermined|pubnone:supported,0,reporter
BCCA_1999-2007,BCCA_2001bcca65,XC-G068614,ours_only_origin_undetermined|pubca:supported,0,reporter
BCCA_1999-2007,BCCA_2001bcca65,XC-G070333,ours_only_origin_undetermined|pubca:supported,0,reporter
BCCA_1999-2007,BCCA_2001bcca556,1983canlii407,both_loose,1,S. & K. Processors Ltd. v. Campbell Ave. Herring Producers Ltd. <-> as noted in s and k processors ltd v campbell ave herring producers ltd
BCCA_1999-2007,BCCA_2001bcca556,XC-G060569,ours_only_origin_undetermined|pubnone:supported,0,reporter
BCCA_1999-2007,BCCA_1999bcca418,1979canlii60,both_strong,1,Goldman v. R. <-> goldman v the queen
BCCA_1999-2007,BCCA_1999bcca418,1981canlii219,both_strong,1,Lloyd et al. v. The Queen <-> 
BCCA_1999-2007,BCCA_1999bcca418,1988canlii54,both_strong,1,R. v. Chesson <-> r v chesson
BCCA_1999-2007,BCCA_1999bcca418,1987canlii84,both_strong,1,R. v. Collins <-> r v collins
BCCA_1999-2007,BCCA_1999bcca418,1990canlii150,both_strong,1,R. v. Duarte <-> r v duarte
BCCA_1999-2007,BCCA_1999bcca418,1994abca20,both_weak,2,R. v. Ferris <-> r v ferris / r v ferris
BCCA_1999-2007,BCCA_1999bcca418,1994canlii31,both_strong,1,R. v. Ferris <-> r v ferris
BCCA_1999-2007,BCCA_1999bcca418,1990canlii52,both_strong,1,R. v. Garofoli <-> r v garofoli
BCCA_1999-2007,BCCA_1999bcca418,1999canlii3694,both_weak,1,R. v. Grant <-> r v grant
BCCA_1999-2007,BCCA_1999bcca418,1980canlii317,Q_first_word_only,0,
BCCA_1999-2007,BCCA_1999bcca418,1987canlii17,both_strong,1,R. v. Yebes <-> r v yebes
BCCA_1999-2007,BCCA_1999bcca418,XC-G064647,ours_only_origin_undetermined|pubca:supported,0,reporter
BCCA_1999-2007,BCCA_1999bcca418,XC-G066097,ours_only_origin_undetermined|pubca:supported,0,reporter
BCCA_1999-2007,BCCA_1999bcca418,XC-G067209,ours_only_origin_undetermined|pubca:supported,0,reporter
BCCA_1999-2007,BCCA_1999bcca418,XC-G067372,ours_only_origin_undetermined|pubca:supported,0,reporter
BCCA_1999-2007,BCCA_2004bcca531,1994abca365,Q_first_word_only,0,
BCCA_1999-2007,BCCA_2004bcca531,1996canlii230,both_strong,1,R. v. M. (C.A.) <-> r v m c a
BCCA_1999-2007,BCCA_2004bcca531,2003scc4,both_strong,1,R. v. R.R. <-> 
BCCA_1999-2007,BCCA_2004bcca531,XC-G015245,ours_only_origin_undetermined|pubca:supported,0,reporter
BCCA_1999-2007,BCCA_2004bcca531,XC-G024358,ours_only_origin_undetermined|pubca:supported,0,reporter
BCCA_1999-2007,BCCA_2004bcca531,XC-G057808,ours_only_origin_undetermined|pubca:supported,0,reporter
BCCA_1999-2007,BCCA_2005bcca392,1986canlii171,both_weak,1,British Columbia (Attorney General) v. Wale <-> british columbia attorney general v wale
BCCA_1999-2007,BCCA_2005bcca392,1988canlii5042,both_loose,1,Crain (R.L.) Inc. v. Hendry <-> at 341 citing r l crain inc v hendry
BCCA_1999-2007,BCCA_2005bcca392,1985canlii154,both_loose,1,MacMillan Bloedel Ltd. v. Mullin <-> macmillan bloedel limited v mullin 61 b c l r 145
BCCA_1999-2007,BCCA_2005bcca392,1994canlii117,both_strong,1,RJR-MacDonald Inc. v. Canada (Attorney General) <-> r j r macdonald inc v canada attorney general / rjr macdonald inc v canada attorney general
BCCA_1999-2007,BCCA_2005bcca392,1990canlii2335,both_loose,1,Tlowitsis Nation v. Macmillan Bloedel Ltd. <-> tlowitsis mumtagila band v macmillan bloedel ltd
BCCA_1999-2007,BCCA_2005bcca392,1991canlii109,both_strong,1,Wale v. British Columbia (Attorney General) <-> british columbia attorney general v wale
BCCA_1999-2007,BCCA_2005bcca392,XC-G006148,ours_only_origin_undetermined|pubforeign:supported,0,reporter
BCCA_1999-2007,BCCA_2005bcca392,XC-G010114,ours_only_origin_undetermined|pubca:supported,0,reporter
BCCA_1999-2007,BCCA_2005bcca392,XC-G016293,ours_only_origin_undetermined|pubca:supported,0,reporter
BCCA_1999-2007,BCCA_2005bcca392,XC-G056532,ours_only_origin_ca|pubca:supported,0,reporter
BCCA_1999-2007,BCCA_2001bcca445,1989canlii239,both_weak,1,Blackett v. Blackett <-> blackett v blackett
BCCA_1999-2007,BCCA_2001bcca445,1983canlii176,both_weak,1,Frost v. Frost <-> frost v frost
BCCA_1999-2007,BCCA_2001bcca445,1978canlii393,both_weak,1,Harry v. Kreutziger <-> harry v kreutziger
BCCA_1999-2007,BCCA_2001bcca445,1965canlii493,both_loose,2,Morrison v. Coast Finance Ltd. <-> morrison v coast fin ltd / morrison v coast finance ltd et al
BCCA_1999-2007,BCCA_2001bcca445,1992canlii65,both_strong,1,Norberg v. Wynrib <-> norberg v wynrib
BCCA_1999-2007,BCCA_2001bcca445,1990canlii1528,both_weak,1,Stark v. Stark <-> stark v stark
BCCA_1999-2007,BCCA_2001bcca445,XC-G000328,ours_only_origin_undetermined|pubforeign:supported,0,reporter
BCCA_1999-2007,BCCA_2001bcca445,XC-G000369,ours_only_origin_undetermined|pubforeign:heuristic_only,0,reporter
BCCA_1999-2007,BCCA_2001bcca445,XC-G000532,ours_only_origin_undetermined|pubforeign:heuristic_only,0,reporter
BCCA_1999-2007,BCCA_2001bcca445,XC-G000898,ours_only_origin_undetermined|pubforeign:supported,0,reporter
BCCA_1999-2007,BCCA_2001bcca445,XC-G011445,ours_only_origin_undetermined|pubca:supported,0,reporter
BCCA_1999-2007,BCCA_2001bcca445,XC-G021058,ours_only_origin_undetermined|pubca:supported,0,reporter
BCCA_1999-2007,BCCA_2001bcca445,XC-G056867,ours_only_origin_undetermined|pubforeign:supported,0,reporter
BCCA_1999-2007,BCCA_2001bcca445,XC-G066123,ours_only_origin_undetermined|pubforeign:supported,0,reporter
BCCA_1999-2007,BCCA_1999bcca134,1998canlii6522,both_weak,1,472900 B.C. Ltd. v. Thrifty Canada Ltd. <-> 472900 b c ltd v thrifty canada ltd
BCCA_1999-2007,BCCA_1999bcca134,1986canlii169,both_loose,1,Avenue Properties Ltd. v. First City Development Corporation Ltd. <-> avenue properties ltd v first city dev corp ltd
BCCA_1999-2007,BCCA_1999bcca134,1988canlii3047,both_loose,1,F.B.D.B. v. Mission Creek Farm Inc. <-> federal business development bank v mission creek farm inc
BCCA_1999-2007,BCCA_1999bcca134,XC-G020675,ours_only_origin_undetermined|pubca:supported,0,neutral
BCCA_1999-2007,BCCA_1999bcca134,XC-G062443,ours_only_origin_undetermined|pubnone:supported,0,reporter
BCCA_1999-2007,BCCA_2006bcca295,1999canlii639,both_strong,1,65302 British Columbia Ltd. v. Canada <-> 65302 british columbia ltd v canada
BCCA_1999-2007,BCCA_2006bcca295,2005scc54,both_strong,1,Canada Trustco Mortgage Co. v. Canada <-> canada trustco mortgage co v canada
BCCA_1999-2007,BCCA_2006bcca295,2005bcsc796,both_strong,1,Ocean Pacific Hotels Ltd. v. HMTQ <-> 
BCCA_1999-2007,BCCA_2006bcca295,2006scc20,both_strong,1,Placer Dome Canada Ltd. v. Ontario (Minister of Finance) <-> placer dome canada ltd v ontario minister of finance
BCCA_1999-2007,BCCA_2006bcca295,1999canlii647,both_strong,1,Shell Canada Ltd. v. Canada <-> shell canada ltd v canada
BCCA_1999-2007,BCCA_2006bcca295,1984canlii20,both_strong,1,Stubart Investments Ltd. v. The Queen <-> stubart investments ltd v the queen
BCCA_1999-2007,BCCA_2006bcca295,XC-G029207,ours_only_origin_undetermined|pubca:supported,0,reporter
BCCA_1999-2007,BCCA_1999bcca412,1992canlii15456,Q_first_word_only,0,
BCCA_1999-2007,BCCA_1999bcca412,1983canlii403,Q_first_word_only,0,
BCCA_1999-2007,BCCA_1999bcca412,XC-G008249,ours_only_origin_undetermined|pubca:supported,0,reporter
BCCA_1999-2007,BCCA_1999bcca412,XC-G013514,ours_only_origin_undetermined|pubca:supported,0,reporter
BCCA_1999-2007,BCCA_1999bcca412,XC-G019569,ours_only_origin_undetermined|pubca:supported,0,reporter
BCCA_1999-2007,BCCA_1999bcca412,XC-G062196,ours_only_origin_undetermined|pubnone:supported,0,reporter
BCCA_1999-2007,BCCA_1999bcca412,XC-G064678,ours_only_origin_undetermined|pubnone:supported,0,reporter
BCCA_1999-2007,BCCA_2006bcca64,2003scc74,both_strong,1,R. v. Malmo-Levine; R. v. Caine <-> r v caine
BCCA_1999-2007,BCCA_2006bcca64,1986canlii1182,Q_first_word_only,0,
BCCA_1999-2007,BCCA_2006bcca64,XC-G063886,ours_only_origin_undetermined|pubca:supported,0,reporter
BCCA_1999-2007,BCCA_2006bcca149,1993canlii1248,both_weak,1,Gold v. Gold <-> gold v gold
BCCA_1999-2007,BCCA_2006bcca149,1997canlii3772,both_weak,1,Metzner v. Metzner <-> metzner v metzner
BCCA_1999-2007,BCCA_2006bcca149,2005bcca502,both_strong,1,Tedham v. Tedham <-> tedham v tedham
BCCA_1999-2007,BCCA_2000bcca102,1982canlii25,both_strong,1,R. v. Abbey <-> r v abbey
BCCA_1999-2007,BCCA_2000bcca102,1994canlii127,both_strong,1,R. v. Burns <-> r v burns
BCCA_1999-2007,BCCA_2000bcca102,1990canlii95,both_strong,1,R. v. Lavallee <-> r v lavallee
BCCA_1999-2007,BCCA_2000bcca102,1999canlii688,both_strong,1,R. v. Stone <-> r v stone
BCCA_1999-2007,BCCA_2000bcca102,XC-G021504,ours_only_origin_undetermined|pubca:supported,0,reporter
BCCA_1999-2007,BCCA_2000bcca102,XC-G056270,ours_only_origin_ca|pubca:supported,0,reporter
BCCA_1999-2007,BCCA_2000bcca102,XC-G057015,ours_only_origin_undetermined|pubca:supported,0,reporter
BCCA_1999-2007,BCCA_2000bcca102,XC-G057642,ours_only_origin_ca|pubca:supported,0,reporter
BCCA_1999-2007,BCCA_2000bcca102,XC-G059059,ours_only_origin_ca|pubca:supported,0,reporter
BCCA_1999-2007,BCCA_2000bcca102,XC-G060481,ours_only_origin_ca|pubca:supported,0,reporter
BCCA_1999-2007,BCCA_2000bcca102,XC-G063398,ours_only_origin_undetermined|pubca:supported,0,reporter
BCCA_1999-2007,BCCA_2000bcca102,XC-G065363,ours_only_origin_undetermined|pubca:supported,0,reporter
BCCA_1999-2007,BCCA_2000bcca102,XC-G066138,ours_only_origin_ca|pubca:supported,0,reporter
BCCA_1999-2007,BCCA_2000bcca102,XC-G067013,ours_only_origin_ca|pubca:supported,0,reporter
BCCA_1999-2007,BCCA_2000bcca102,XC-G068746,ours_only_origin_ca|pubca:supported,0,reporter
BCCA_1999-2007,BCCA_2000bcca102,XC-G069462,ours_only_origin_undetermined|pubca:supported,0,reporter
BCCA_1999-2007,BCCA_2007bcca567,2006bcca157,both_strong,1,Bourque v. Gerlach <-> bourque v gerlach
BCCA_1999-2007,BCCA_2007bcca567,1991canlii1247,both_weak,1,Daniel v. Daniel <-> daniel v daniel
BCCA_1999-2007,BCCA_2007bcca567,1999canlii691,both_strong,1,Hickey v. Hickey <-> hickey v hickey
BCCA_1999-2007,BCCA_2007bcca567,2000bcca213,both_strong,1,Jones v. Anhorn <-> jones v anhorn date 20000328
BCCA_1999-2007,BCCA_2007bcca567,2006bcca45,both_strong,1,Labell v. Labell <-> labell v labell
BCCA_1999-2007,BCCA_2007bcca567,1993canlii742,both_weak,1,Longstaff v. Longstaff <-> longstaff v longstaff
BCCA_1999-2007,BCCA_2007bcca567,1979canlii8,both_strong,1,Palmer v. The Queen <-> palmer v the queen
BCCA_1999-2007,BCCA_2007bcca567,1992canlii551,both_weak,1,Shabaga v. Shabaga <-> shabaga v shabaga
BCCA_1999-2007,BCCA_2007bcca567,2005bcca7,both_strong,1,W.P.N. v. B.J.N. <-> w p n v b j n
BCCA_1999-2007,BCCA_2007bcca567,1994canlii28,both_strong,1,Willick v. Willick <-> willick v willick
BCCA_1999-2007,BCCA_2007bcca567,XC-G009268,ours_only_origin_undetermined|pubca:supported,0,reporter
BCCA_1999-2007,BCCA_2007bcca567,XC-G009925,ours_only_origin_undetermined|pubca:heuristic_only,0,reporter
BCCA_1999-2007,BCCA_2007bcca567,XC-G012777,ours_only_origin_undetermined|pubca:supported,0,neutral
BCCA_1999-2007,BCCA_2007bcca567,XC-G055705,ours_only_origin_undetermined|pubnone:supported,0,reporter
BCCA_1999-2007,BCCA_2007bcca567,XC-G061655,ours_only_origin_ca|pubca:supported,0,reporter
BCCA_1999-2007,BCCA_2007bcca567,XC-G064932,ours_only_origin_undetermined|pubca:supported,0,reporter
BCCA_1999-2007,BCCA_2007bcca567,XC-G069030,ours_only_origin_ca|pubca:supported,0,reporter
BCCA_1999-2007,BCCA_2007bcca567,XC-G070405,ours_only_origin_undetermined|pubca:supported,0,reporter
BCCA_1999-2007,BCCA_2006bcca70,1974canlii168,both_strong,1,Angle v. M.N.R. <-> angle v m n r
BCCA_1999-2007,BCCA_2006bcca70,1990canlii90,both_strong,1,Hunt v. Carey Canada Inc. <-> hunt v carey canada inc
BCCA_1999-2007,BCCA_2006bcca70,2000canlii28275,both_weak,1,Indian Residential Schools (Re) <-> indian residential schools re
BCCA_1999-2007,BCCA_2006bcca70,1999canlii5599,Q_first_word_only,0,
BCCA_1999-2007,BCCA_2006bcca70,2000bcsc1849,both_strong,1,Mohl v. Senate Committee on Appeals on Academic Standing <-> 
BCCA_1999-2007,BCCA_2006bcca70,2001bcca722,both_strong,1,Mohl v. The Senate Committee on Appeals on Academic Standing <-> mohl v the senate committee on appeals on academic standing date 20011219
BCCA_1999-2007,BCCA_2006bcca70,2004bcsc1238,both_strong,1,Mohl v. The University of British Columbia <-> 
BCCA_1999-2007,BCCA_2006bcca70,2003scc64,both_strong,1,Ontario v. O.P.S.E.U. <-> ontario v o p s e u
BCCA_1999-2007,BCCA_2006bcca70,1998canlii3957,Q_not_found,0,
BCCA_1999-2007,BCCA_2006bcca70,2002bcsc1839,both_strong,1,Smart v. College of the Rockies <-> as well in smart v college of the rockies
BCCA_1999-2007,BCCA_2006bcca70,2004bcca458,both_strong,1,V.M. et al v. Stewart et al <-> mcclelland et al v stewart et al
BCCA_1999-2007,BCCA_2006bcca70,1996canlii1428,both_weak,1,World Wide Treasure Adventures Inc. v. Trivia Games Inc. <-> world wide treasure adventures inc v trivia games inc
BCCA_1999-2007,BCCA_2006bcca70,2006scc3,both_strong,1,Young v. Bella <-> young v bella
BCCA_1999-2007,BCCA_2006bcca70,XC-G000239,ours_only_origin_undetermined|pubforeign:heuristic_only,0,reporter
BCCA_1999-2007,BCCA_2006bcca70,XC-G000907,ours_only_origin_undetermined|pubforeign:supported,0,reporter
BCCA_1999-2007,BCCA_2006bcca70,XC-G001550,ours_only_origin_undetermined|pubforeign:supported,0,reporter
BCCA_1999-2007,BCCA_2006bcca70,XC-G004399,ours_only_origin_undetermined|pubforeign:supported,0,reporter
BCCA_1999-2007,BCCA_2006bcca70,XC-G004603,ours_only_origin_undetermined|pubforeign:heuristic_only,0,reporter
BCCA_1999-2007,BCCA_2006bcca70,XC-G008875,ours_only_origin_undetermined|pubnone:supported,0,reporter
BCCA_1999-2007,BCCA_2006bcca70,XC-G010942,ours_only_origin_undetermined|pubca:supported,0,reporter
BCCA_1999-2007,BCCA_2006bcca70,XC-G012371,ours_only_origin_undetermined|pubforeign:heuristic_only,0,reporter
BCCA_1999-2007,BCCA_2006bcca70,XC-G017046,ours_only_origin_undetermined|pubca:supported,0,reporter
BCCA_1999-2007,BCCA_2006bcca70,XC-G018282,ours_only_origin_undetermined|pubca:supported,0,reporter
BCCA_1999-2007,BCCA_2006bcca70,XC-G019385,ours_only_origin_undetermined|pubca:supported,0,reporter
BCCA_1999-2007,BCCA_2006bcca70,XC-G020413,ours_only_origin_undetermined|pubca:supported,0,reporter
BCCA_1999-2007,BCCA_2006bcca70,XC-G022456,ours_only_origin_undetermined|pubca:supported,0,reporter
BCCA_1999-2007,BCCA_2006bcca70,XC-G023860,ours_only_origin_undetermined|pubca:supported,0,reporter
BCCA_1999-2007,BCCA_2006bcca70,XC-G061711,ours_only_origin_ca|pubca:supported,0,reporter
BCCA_1999-2007,BCCA_2006bcca70,XC-G069975,ours_only_origin_undetermined|pubforeign:supported,0,reporter
BCCA_1999-2007,BCCA_1999bcca84,1983canlii157,both_strong,1,Carleton v. The Queen <-> r v carleton
BCCA_1999-2007,BCCA_1999bcca84,1981abca220,both_weak,2,R. v. Carleton <-> r v carleton / r v carleton
BCCA_1999-2007,BCCA_1999bcca84,1997canlii347,both_strong,1,R. v. Currie <-> r v currie
BCCA_1999-2007,BCCA_1999bcca84,1998canlii5691,Q_first_word_only,0,
BCCA_1999-2007,BCCA_1999bcca84,1995canlii4205,Q_not_found,0,
BCCA_1999-2007,BCCA_1999bcca84,1998canlii14979,both_weak,1,R. v. Jack <-> r v jack
BCCA_1999-2007,BCCA_1999bcca84,1997abca49,Q_first_word_only,0,
BCCA_1999-2007,BCCA_1999bcca84,1989canlii7104,both_weak,1,R. v. Poutsoungas <-> r v poutsoungas
BCCA_1999-2007,BCCA_1999bcca84,1985canlii1971,Q_first_word_only,0,
BCCA_1999-2007,BCCA_1999bcca84,XC-G020627,ours_only_origin_undetermined|pubca:supported,0,neutral
BCCA_1999-2007,BCCA_1999bcca84,XC-G056011,ours_only_origin_undetermined|pubca:supported,0,reporter
BCCA_1999-2007,BCCA_1999bcca84,XC-G056625,ours_only_origin_undetermined|pubca:supported,0,reporter
BCCA_1999-2007,BCCA_1999bcca84,XC-G057125,ours_only_origin_undetermined|pubca:supported,0,reporter
BCCA_1999-2007,BCCA_1999bcca84,XC-G058883,ours_only_origin_undetermined|pubca:heuristic_only,0,reporter
BCCA_1999-2007,BCCA_2006bcca358,1999canlii691,both_strong,1,Hickey v. Hickey <-> hickey v hickey
BCCA_1999-2007,BCCA_2004bcca237,1999canlii695,both_strong,1,Bese v. British Columbia (Forensic Psychiatric Institute) <-> and the companion appeals bese v british columbia forensic psychiatric institute
BCCA_1999-2007,BCCA_2004bcca237,1989canlii123,both_strong,1,Borowski v. Canada (Attorney General) <-> borowski v canada attorney general
BCCA_1999-2007,BCCA_2004bcca237,1996canlii1828,both_weak,1,Brockville Psychiatric Hospital v. McGillis <-> brockville psychiatric hospital v mcgillis
BCCA_1999-2007,BCCA_2004bcca237,2002scc3,both_strong,1,Chieu v. Canada (Minister of Citizenship and Immigration) <-> chieu v canada minister of citizenship and immigration
BCCA_1999-2007,BCCA_2004bcca237,2003scc19,both_strong,1,Dr. Q. v. College of Physicians and Surgeons of British Columbia <-> dr q v college of physicians and surgeons of british columbia
BCCA_1999-2007,BCCA_2004bcca237,2003scc20,both_strong,1,Law Society of New Brunswick v. Ryan <-> law society of new brunswick v ryan
BCCA_1999-2007,BCCA_2004bcca237,1999canlii696,both_strong,1,Orlowski v. British Columbia (Forensic Psychiatric Institute) <-> orlowski v british columbia forensic psychiatric institute
BCCA_1999-2007,BCCA_2004bcca237,2004scc20,both_strong,1,Penetanguishene Mental Health Centre v. Ontario (Attorney General) <-> penetanguishene mental health centre v ontario attorney general
BCCA_1999-2007,BCCA_2004bcca237,2004scc21,both_strong,1,Pinet v. St. Thomas Psychiatric Hospital <-> pinet v st thomas psychiatric hospital
BCCA_1999-2007,BCCA_2004bcca237,1998canlii778,both_strong,1,Pushpanathan v. Canada (Minister of Citizenship and Immigration) <-> pushpanathan v canada minister of citizenship and immigration
BCCA_1999-2007,BCCA_2004bcca237,2000scc15,both_strong,1,R. v. Biniaris <-> r v biniaris
BCCA_1999-2007,BCCA_2004bcca237,1999canlii697,both_strong,1,R. v. LePage <-> r v lepage
BCCA_1999-2007,BCCA_2004bcca237,1999canlii4568,both_weak,1,R. v. Lewis <-> r v lewis
BCCA_1999-2007,BCCA_2004bcca237,1986canlii46,both_strong,1,R. v. Oakes <-> r v oakes
BCCA_1999-2007,BCCA_2004bcca237,2003scc33,both_strong,1,R. v. Owen <-> r v owen
BCCA_1999-2007,BCCA_2004bcca237,1994canlii3445,both_loose,1,R. v. Peckham <-> peckham v ontario attorney general
BCCA_1999-2007,BCCA_2004bcca237,1995canlii371,both_weak,1,R. v. Pinet <-> r v pinet
BCCA_1999-2007,BCCA_2004bcca237,2001scc2,both_strong,1,R. v. Sharpe <-> r v sharpe
BCCA_1999-2007,BCCA_2004bcca237,1991canlii104,both_strong,1,R. v. Swain <-> r v swain
BCCA_1999-2007,BCCA_2004bcca237,1987canlii17,both_strong,1,R. v. Yebes <-> r v yebes
BCCA_1999-2007,BCCA_2004bcca237,1999canlii694,both_strong,1,Winko v. British Columbia (Forensic Psychiatric Institute) <-> winko v british columbia forensic psychiatric institute
BCCA_1999-2007,BCCA_2004bcca237,XC-G027515,ours_only_origin_undetermined|pubca:supported,0,reporter
BCCA_1999-2007,BCCA_2004bcca237,XC-G027516,ours_only_origin_undetermined|pubca:supported,0,reporter
BCCA_1999-2007,BCCA_2004bcca237,XC-G057551,ours_only_origin_ca|pubca:supported,0,reporter
BCCA_1999-2007,BCCA_2004bcca237,XC-G057552,ours_only_origin_ca|pubca:supported,0,reporter
BCCA_1999-2007,BCCA_2004bcca237,XC-G057553,ours_only_origin_ca|pubca:supported,0,reporter
BCCA_1999-2007,BCCA_2004bcca237,XC-G057554,ours_only_origin_ca|pubca:supported,0,reporter
BCCA_1999-2007,BCCA_2004bcca237,XC-G058605,ours_only_origin_ca|pubca:supported,0,reporter
BCCA_1999-2007,BCCA_2004bcca237,XC-G058982,ours_only_origin_undetermined|pubnone:supported,0,reporter
BCCA_1999-2007,BCCA_2004bcca237,XC-G059809,ours_only_origin_ca|pubca:supported,0,reporter
BCCA_1999-2007,BCCA_2004bcca237,XC-G060957,ours_only_origin_ca|pubca:supported,0,reporter
BCCA_1999-2007,BCCA_2004bcca237,XC-G061450,ours_only_origin_ca|pubca:supported,0,reporter
BCCA_1999-2007,BCCA_2004bcca237,XC-G061451,ours_only_origin_ca|pubca:supported,0,reporter
BCCA_1999-2007,BCCA_2004bcca237,XC-G061480,ours_only_origin_ca|pubca:supported,0,reporter
BCCA_1999-2007,BCCA_2004bcca237,XC-G061921,ours_only_origin_ca|pubca:supported,0,reporter
BCCA_1999-2007,BCCA_2004bcca237,XC-G062150,ours_only_origin_ca|pubca:supported,0,reporter
BCCA_1999-2007,BCCA_2004bcca237,XC-G066539,ours_only_origin_ca|pubca:supported,0,reporter
BCCA_1999-2007,BCCA_2004bcca237,XC-G068401,ours_only_origin_ca|pubca:supported,0,reporter
BCCA_1999-2007,BCCA_2004bcca237,XC-G070755,ours_only_origin_undetermined|pubca:supported,0,reporter
BCCA_1999-2007,BCCA_1999bcca540,XC-G013287,ours_only_origin_undetermined|pubca:heuristic_only,0,reporter
BCCA_1999-2007,BCCA_2006bcca253,2005bcsc203,both_strong,1,I.H.A. v I.H.A. <-> 
BCCA_1999-2007,BCCA_2001bcca11,2000bcsc508,both_strong,1,Her Majesty the Queen v. Glenn Wallace Franz <-> like g w f r v g w f
BCCA_1999-2007,BCCA_2001bcca11,1990canlii82,both_strong,1,R. v. Arkell <-> r v arkell
BCCA_1999-2007,BCCA_2001bcca11,1999bcca482,both_strong,1,R. v.  Barrett <-> r v barrett
BCCA_1999-2007,BCCA_2001bcca11,2000bcca441,both_strong,1,R. v. Belcourt <-> r v belcourt date 20000724
BCCA_1999-2007,BCCA_2001bcca11,2000bcca444,both_strong,1,R. v. Bennett <-> r v bennett
BCCA_1999-2007,BCCA_2001bcca11,1997canlii12498,Q_first_word_only,0,
BCCA_1999-2007,BCCA_2001bcca11,1993canlii6882,both_weak,1,R. v. Brown <-> r v brown
BCCA_1999-2007,BCCA_2001bcca11,1999bcca475,both_strong,1,R. v.  Campbell <-> r v campbell date 19990809
BCCA_1999-2007,BCCA_2001bcca11,1998canlii5951,both_weak,1,R. v. Cruz <-> r v cruz
BCCA_1999-2007,BCCA_2001bcca11,1998canlii6017,both_weak,1,R. v. Dean <-> r v dean
BCCA_1999-2007,BCCA_2001bcca11,1981canlii328,both_weak,1,R. v. Gourgon <-> r v gourgon
BCCA_1999-2007,BCCA_2001bcca11,2000bcca428,both_strong,1,R. v. Hammond <-> r v hammond
BCCA_1999-2007,BCCA_2001bcca11,2000bcca135,both_strong,1,R. v. Mafi <-> r v mafi
BCCA_1999-2007,BCCA_2001bcca11,1994canlii4074,both_weak,1,R. v. Muise <-> r v muise
BCCA_1999-2007,BCCA_2001bcca11,1995canlii47,both_strong,1,R. v. Shropshire <-> r v shropshire
BCCA_1999-2007,BCCA_2001bcca11,2000bcca116,both_strong,1,R. v. Truong <-> r v truong
BCCA_1999-2007,BCCA_2001bcca11,1999canlii668,both_strong,1,R. v. W. (G.) <-> r v w g
BCCA_1999-2007,BCCA_2001bcca11,XC-G012866,ours_only_origin_undetermined|pubca:supported,0,reporter
BCCA_1999-2007,BCCA_2001bcca11,XC-G013068,ours_only_origin_undetermined|pubca:heuristic_only,0,reporter
BCCA_1999-2007,BCCA_2001bcca11,XC-G013566,ours_only_origin_undetermined|pubca:supported,0,reporter
BCCA_1999-2007,BCCA_2001bcca11,XC-G013597,ours_only_origin_undetermined|pubca:supported,0,reporter
BCCA_1999-2007,BCCA_2001bcca11,XC-G013734,ours_only_origin_undetermined|pubnone:supported,0,reporter
BCCA_1999-2007,BCCA_2001bcca11,XC-G013986,ours_only_origin_undetermined|pubca:heuristic_only,0,reporter
BCCA_1999-2007,BCCA_2001bcca11,XC-G014384,ours_only_origin_undetermined|pubca:supported,0,reporter
BCCA_1999-2007,BCCA_2001bcca11,XC-G014417,ours_only_origin_undetermined|pubca:supported,0,reporter
BCCA_1999-2007,BCCA_2001bcca11,XC-G015327,ours_only_origin_undetermined|pubca:supported,0,reporter
BCCA_1999-2007,BCCA_2001bcca11,XC-G015360,ours_only_origin_undetermined|pubca:supported,0,reporter
BCCA_1999-2007,BCCA_2001bcca11,XC-G015380,ours_only_origin_undetermined|pubca:heuristic_only,0,reporter
BCCA_1999-2007,BCCA_2001bcca11,XC-G016099,ours_only_origin_undetermined|pubca:heuristic_only,0,reporter
BCCA_1999-2007,BCCA_2001bcca11,XC-G016226,ours_only_origin_undetermined|pubca:heuristic_only,0,reporter
BCCA_1999-2007,BCCA_2001bcca11,XC-G017510,ours_only_origin_ca|pubca:supported,0,reporter
BCCA_1999-2007,BCCA_2001bcca11,XC-G017520,ours_only_origin_undetermined|pubca:heuristic_only,0,reporter
BCCA_1999-2007,BCCA_2001bcca11,XC-G017881,ours_only_origin_undetermined|pubca:heuristic_only,0,reporter
BCCA_1999-2007,BCCA_2001bcca11,XC-G018378,ours_only_origin_undetermined|pubca:supported,0,reporter
BCCA_1999-2007,BCCA_2001bcca11,XC-G019609,ours_only_origin_undetermined|pubca:heuristic_only,0,reporter
BCCA_1999-2007,BCCA_2001bcca11,XC-G019636,ours_only_origin_undetermined|pubca:supported,0,reporter
BCCA_1999-2007,BCCA_2001bcca11,XC-G019695,ours_only_origin_undetermined|pubca:heuristic_only,0,reporter
BCCA_1999-2007,BCCA_2001bcca11,XC-G020159,ours_only_origin_undetermined|pubca:heuristic_only,0,reporter
BCCA_1999-2007,BCCA_2001bcca11,XC-G021012,ours_only_origin_undetermined|pubca:supported,0,reporter
BCCA_1999-2007,BCCA_2001bcca11,XC-G021076,ours_only_origin_undetermined|pubca:supported,0,reporter
BCCA_1999-2007,BCCA_2001bcca11,XC-G021172,ours_only_origin_undetermined|pubca:supported,0,reporter
BCCA_1999-2007,BCCA_2001bcca11,XC-G021258,ours_only_origin_undetermined|pubca:supported,0,reporter
BCCA_1999-2007,BCCA_2001bcca11,XC-G021526,ours_only_origin_undetermined|pubnone:supported,0,reporter
BCCA_1999-2007,BCCA_2001bcca11,XC-G021790,ours_only_origin_ca|pubca:supported,0,neutral|reporter
BCCA_1999-2007,BCCA_2001bcca11,XC-G022386,ours_only_origin_undetermined|pubca:supported,0,reporter
BCCA_1999-2007,BCCA_2001bcca11,XC-G022409,ours_only_origin_undetermined|pubca:supported,0,reporter
BCCA_1999-2007,BCCA_2001bcca11,XC-G057570,ours_only_origin_ca|pubca:supported,0,reporter
BCCA_1999-2007,BCCA_2001bcca11,XC-G061338,ours_only_origin_undetermined|pubca:supported,0,reporter
BCCA_1999-2007,BCCA_2001bcca11,XC-G064091,ours_only_origin_undetermined|pubca:supported,0,reporter
BCCA_1999-2007,BCCA_2001bcca11,XC-G067160,ours_only_origin_undetermined|pubca:supported,0,reporter
BCCA_1999-2007,BCCA_2001bcca363,1994canlii117,Q_not_found,0,
BCCA_1999-2007,BCCA_2001bcca363,1996canlii11788,Q_first_word_only,0,
BCCA_1999-2007,BCCA_2001bcca363,XC-G010954,ours_only_origin_undetermined|pubforeign:supported,0,reporter
BCCA_1999-2007,BCCA_2001bcca363,XC-G056532,ours_only_origin_ca|pubca:supported,0,reporter
BCCA_1999-2007,BCCA_2003bcca401,2002bcca515,both_strong,1,R. v. Cerra <-> r v paul
BCCA_1999-2007,BCCA_2003bcca401,2000scc43,both_strong,1,R. v. D.D. <-> r v d d
BCCA_1999-2007,BCCA_2003bcca401,1997canlii319,both_strong,1,R. v. Lifchus <-> r v lifchus
BCCA_1999-2007,BCCA_2003bcca401,1986canlii31,both_strong,1,R. v. Mannion <-> r v mannion
BCCA_1999-2007,BCCA_2003bcca401,1993canlii37,both_strong,1,R. v. Marquard <-> r v marquard
BCCA_1999-2007,BCCA_2003bcca401,1994canlii80,both_strong,1,R. v. Mohan <-> r v mohan
BCCA_1999-2007,BCCA_2003bcca401,2000bcca61,both_strong,1,R. v. Narayan <-> r v e a n
BCCA_1999-2007,BCCA_2003bcca401,2002canlii13259,both_weak,1,R. v. Paul <-> r v paul
BCCA_1999-2007,BCCA_2003bcca401,2000scc40,both_strong,1,R. v. Starr <-> r v starr
BCCA_1999-2007,BCCA_2003bcca401,2001bcca697,both_strong,1,R. v. Tyebi <-> r v tayebi
BCCA_1999-2007,BCCA_2003bcca401,1991canlii93,both_strong,1,R. v. W.(D.) <-> r v w d
BCCA_1999-2007,BCCA_2003bcca401,1991canlii3956,Q_first_word_only,0,
BCCA_1999-2007,BCCA_2003bcca401,1979canlii2969,Q_first_word_only,0,
BCCA_1999-2007,BCCA_2003bcca401,XC-G012816,ours_only_origin_undetermined|pubca:heuristic_only,0,reporter
BCCA_1999-2007,BCCA_2003bcca401,XC-G066329,ours_only_origin_undetermined|pubca:supported,0,reporter
BCCA_1999-2007,BCCA_2002bcca279,1978canlii1,both_strong,1,Andrews v. Grand & Toy Alberta Ltd. <-> andrews v grand and toy alberta ltd
BCCA_1999-2007,BCCA_2002bcca279,1978canlii2,both_strong,1,Arnold v. Teno <-> arnold v teno
BCCA_1999-2007,BCCA_2002bcca279,1998canlii6514,both_weak,1,Baas v. Jellema <-> baas v jellema
BCCA_1999-2007,BCCA_2002bcca279,1999canlii692,both_strong,1,Bazley v. Curry <-> bazley v curry
BCCA_1999-2007,BCCA_2002bcca279,1995canlii946,both_weak,1,Cody v. Leonard <-> cody v leonard
BCCA_1999-2007,BCCA_2002bcca279,1993canlii1150,both_weak,1,Cory v. Marsh <-> cory v marsh
BCCA_1999-2007,BCCA_2002bcca279,1974canlii173,both_strong,1,Crosby v. O’Reilly et al. <-> a crosby v o reilly
BCCA_1999-2007,BCCA_2002bcca279,2001bcsc331,both_strong,1,Estphanous v. McLeod and Stirling <-> 
BCCA_1999-2007,BCCA_2002bcca279,1978canlii320,both_weak,1,Force v. Gibbons <-> force v gibbons
BCCA_1999-2007,BCCA_2002bcca279,2001bcca26,both_strong,1,Foreman v. Foster <-> foreman v foster
BCCA_1999-2007,BCCA_2002bcca279,1967canlii221,Q_first_word_only,0,
BCCA_1999-2007,BCCA_2002bcca279,1995canlii59,both_strong,1,Hill v. Church of Scientology of Toronto <-> hill v church of scientology of toronto
BCCA_1999-2007,BCCA_2002bcca279,1984canlii2172,both_loose,1,Howes et al. v. Crosby et al. <-> howes v crosby
BCCA_1999-2007,BCCA_2002bcca279,1984canlii249,both_loose,1,Johns v. Thompson Horse Van Lines Ltd. <-> johns v horse van lines limited
BCCA_1999-2007,BCCA_2002bcca279,1990canlii7773,Q_first_word_only,0,
BCCA_1999-2007,BCCA_2002bcca279,1992canlii41,both_strong,1,London Drugs Ltd. v. Kuehne & Nagel International Ltd. <-> london drugs ltd v kuehne and nagel international ltd
BCCA_1999-2007,BCCA_2002bcca279,1996canlii2930,Q_first_word_only,0,
BCCA_1999-2007,BCCA_2002bcca279,1998canlii6266,both_weak,1,Mikkelsen v. Hunter <-> mikkelsen v hunter
BCCA_1999-2007,BCCA_2002bcca279,1951canlii374,both_loose,2,Nance v. British Columbia Electric Railway Company <-> nance v british columbia electric railway / nance v british columbia electric railway company ltd
BCCA_1999-2007,BCCA_2002bcca279,1998canlii5945,both_weak,1,Perdomo-Flores v. Gurney <-> perdomo flores v gurney
BCCA_1999-2007,BCCA_2002bcca279,1988canlii209,both_weak,1,Rieger v. Burgess <-> rieger v burgess
BCCA_1999-2007,BCCA_2002bcca279,1992canlii4031,both_weak,1,Smyth v. Szep <-> smyth v szep
BCCA_1999-2007,BCCA_2002bcca279,1995canlii653,both_weak,1,Stewart v. Shimpei <-> stewart v shimpei
BCCA_1999-2007,BCCA_2002bcca279,1995canlii72,both_strong,1,Ter Neuzen v. Korn <-> ter neuzen v korn
BCCA_1999-2007,BCCA_2002bcca279,1978canlii12,both_strong,1,Thornton v. School Dist. No. 57 (Prince George) et al. <-> thornton v board of school trustees of school district no 57 prince george
BCCA_1999-2007,BCCA_2002bcca279,2001bcsc1337,both_strong,1,Vaillancourt v. Molnar <-> vaillancourt v molnar
BCCA_1999-2007,BCCA_2002bcca279,2001bcsc573,both_strong,1,Way  v.  Frigon <-> and way v frigon
BCCA_1999-2007,BCCA_2002bcca279,2002scc18,both_strong,1,Whiten v. Pilot Insurance Co. <-> whiten v pilot insurance co
BCCA_1999-2007,BCCA_2002bcca279,XC-G002833,ours_only_origin_undetermined|pubforeign:supported,0,reporter
BCCA_1999-2007,BCCA_2002bcca279,XC-G003893,ours_only_origin_undetermined|pubforeign:heuristic_only,0,reporter
BCCA_1999-2007,BCCA_2002bcca279,XC-G004391,ours_only_origin_undetermined|pubforeign:heuristic_only,0,reporter
BCCA_1999-2007,BCCA_2002bcca279,XC-G004611,ours_only_origin_ca|pubca:supported,0,reporter
BCCA_1999-2007,BCCA_2002bcca279,XC-G010796,ours_only_origin_undetermined|pubnone:supported,0,reporter
BCCA_1999-2007,BCCA_2002bcca279,XC-G010952,ours_only_origin_undetermined|pubca:supported,0,reporter
BCCA_1999-2007,BCCA_2002bcca279,XC-G012352,ours_only_origin_undetermined|pubca:supported,0,reporter
BCCA_1999-2007,BCCA_2002bcca279,XC-G014476,ours_only_origin_undetermined|pubca:supported,0,reporter
BCCA_1999-2007,BCCA_2002bcca279,XC-G015117,ours_only_origin_undetermined|pubca:supported,0,reporter
BCCA_1999-2007,BCCA_2002bcca279,XC-G016013,ours_only_origin_undetermined|pubca:heuristic_only,0,reporter
BCCA_1999-2007,BCCA_2002bcca279,XC-G016223,ours_only_origin_undetermined|pubca:supported,0,reporter
BCCA_1999-2007,BCCA_2002bcca279,XC-G016231,ours_only_origin_undetermined|pubca:supported,0,reporter
BCCA_1999-2007,BCCA_2002bcca279,XC-G016330,ours_only_origin_undetermined|pubca:supported,0,reporter
BCCA_1999-2007,BCCA_2002bcca279,XC-G016600,ours_only_origin_undetermined|pubnone:supported,0,reporter
BCCA_1999-2007,BCCA_2002bcca279,XC-G016927,ours_only_origin_undetermined|pubca:supported,0,reporter
BCCA_1999-2007,BCCA_2002bcca279,XC-G017744,ours_only_origin_undetermined|pubforeign:supported,0,reporter
BCCA_1999-2007,BCCA_2002bcca279,XC-G018290,ours_only_origin_undetermined|pubca:supported,0,reporter
BCCA_1999-2007,BCCA_2002bcca279,XC-G018410,ours_only_origin_undetermined|pubca:supported,0,reporter
BCCA_1999-2007,BCCA_2002bcca279,XC-G023386,ours_only_origin_undetermined|pubca:supported,0,reporter
BCCA_1999-2007,BCCA_2002bcca279,XC-G025365,ours_only_origin_undetermined|pubca:supported,0,reporter
BCCA_1999-2007,BCCA_2002bcca279,XC-G063439,ours_only_origin_undetermined|pubforeign:supported,0,reporter
BCCA_1999-2007,BCCA_2002bcca279,XC-G065567,ours_only_origin_ca|pubca:supported,0,reporter
BCCA_1999-2007,BCCA_2004bcca464,1951canlii252,both_weak,1,Faryna v. Chorny <-> faryna v chorny
BCCA_1999-2007,BCCA_2004bcca464,1991canlii93,both_strong,1,R. v. W.(D.) <-> r v w d
BCCA_1999-2007,BCCA_2004bcca464,1919canlii11,both_loose,1,Raymond v. Township of Bosanquet <-> raymond v bosanquet township
BCCA_1999-2007,BCCA_2004bcca464,XC-G001826,ours_only_origin_ca|pubca:supported,0,reporter
BCCA_1999-2007,BCCA_2004bcca464,XC-G059306,ours_only_origin_undetermined|pubca:supported,0,reporter
BCCA_1999-2007,BCCA_2004bcca464,XC-G067012,ours_only_origin_ca|pubca:supported,0,reporter
BCCA_1999-2007,BCCA_2002bcca127,1997canlii2009,Q_first_word_only,0,
BCCA_1999-2007,BCCA_2002bcca127,1989canlii5217,Q_first_word_only,0,
BCCA_1999-2007,BCCA_2002bcca127,1991canlii8249,both_loose,1,Shell Canada Ltd. v. British Columbia (Assessor of Area #10-Burnaby/New Westminster) <-> shell canada ltd v assessor of area 10 burnaby new westminster
BCCA_1999-2007,BCCA_2002bcca127,1992canlii2290,Q_first_word_only,0,
BCCA_1999-2007,BCCA_2002bcca127,2001bcsc172,both_strong,1,Vancouver Island Recycling v. Assessor Area #4 <-> 
BCCA_1999-2007,BCCA_2002bcca127,XC-G010955,ours_only_origin_undetermined|pubnone:supported,0,reporter
BCCA_1999-2007,BCCA_2002bcca127,XC-G011289,ours_only_origin_ca|pubca:supported,0,reporter
BCCA_1999-2007,BCCA_2002bcca127,XC-G011541,ours_only_origin_undetermined|pubnone:supported,0,reporter
BCCA_1999-2007,BCCA_2002bcca127,XC-G013487,ours_only_origin_ca|pubca:supported,0,reporter
BCCA_1999-2007,BCCA_2002bcca127,XC-G013550,ours_only_origin_undetermined|pubca:supported,0,reporter
BCCA_1999-2007,BCCA_2002bcca127,XC-G013731,ours_only_origin_undetermined|pubnone:supported,0,reporter
BCCA_1999-2007,BCCA_2002bcca127,XC-G013732,ours_only_origin_undetermined|pubnone:supported,0,reporter
BCCA_1999-2007,BCCA_2002bcca127,XC-G019191,ours_only_origin_undetermined|pubca:supported,0,reporter
BCCA_1999-2007,BCCA_2002bcca127,XC-G023882,ours_only_origin_undetermined|pubca:supported,0,reporter
BCCA_1999-2007,BCCA_2002bcca127,XC-G055594,ours_only_origin_undetermined|pubnone:supported,0,reporter
BCCA_1999-2007,BCCA_2002bcca127,XC-G060013,ours_only_origin_undetermined|pubnone:supported,0,reporter
BCCA_1999-2007,BCCA_2002bcca127,XC-G060019,ours_only_origin_undetermined|pubnone:supported,0,reporter
BCCA_1999-2007,BCCA_2002bcca127,XC-G060021,ours_only_origin_undetermined|pubnone:supported,0,reporter
BCCA_1999-2007,BCCA_2002bcca127,XC-G067048,ours_only_origin_undetermined|pubnone:supported,0,reporter
BCCA_1999-2007,BCCA_2002bcca89,1993canlii17032,both_weak,1,R. v. Cassidy <-> r v cassidy
BCCA_1999-2007,BCCA_2002bcca89,1992canlii2387,both_weak,1,R. v. Chahley <-> r v chahley
BCCA_1999-2007,BCCA_2002bcca89,1990canlii77,Q_first_word_only,0,
BCCA_1999-2007,BCCA_2002bcca89,1990canlii95,both_strong,1,R. v. Lavallee <-> r v lavallee
BCCA_1999-2007,BCCA_2002bcca89,1992canlii431,Q_first_word_only,0,
BCCA_1999-2007,BCCA_2002bcca89,1992canlii79,both_weak,1,R. v. Smith <-> r v smith
BCCA_1999-2007,BCCA_2002bcca89,2000scc40,both_strong,1,R. v. Starr <-> r v starr
BCCA_1999-2007,BCCA_2002bcca89,XC-G016873,ours_only_origin_undetermined|pubca:heuristic_only,0,reporter
BCCA_1999-2007,BCCA_2002bcca89,XC-G018610,ours_only_origin_undetermined|pubca:supported,0,reporter
BCCA_1999-2007,BCCA_2002bcca89,XC-G058574,ours_only_origin_ca|pubca:supported,0,reporter
BCCA_1999-2007,BCCA_2002bcca89,XC-G059206,ours_only_origin_undetermined|pubca:supported,0,reporter
BCCA_1999-2007,BCCA_2002bcca89,XC-G069386,ours_only_origin_undetermined|pubca:supported,0,reporter
BCCA_1999-2007,BCCA_2003bcca55,1996canlii2695,Q_not_found,0,
BCCA_1999-2007,BCCA_2003bcca55,XC-G016861,ours_only_origin_undetermined|pubca:supported,0,reporter
BCCA_1999-2007,BCCA_2002bcca457,2000bcca403,both_loose,1,R. v. Fontaine <-> and r v fontaine
BCCA_1999-2007,BCCA_2001bcca628,1929canlii30,both_strong,1,Georgia Construction Co. v. Pacific Great Eastern Railway Co. <-> 
BCCA_1999-2007,BCCA_2001bcca628,1995canlii2663,both_weak,1,Orangeville Raceway Ltd. v. Wood Gundy Inc. <-> orangeville raceway ltd v wood gundy inc
BCCA_1999-2007,BCCA_2000bcca639,1961canlii6,both_strong,1,Banks v. the Globe and Mail Ltd. et al. <-> banks v globe and mail ltd
BCCA_1999-2007,BCCA_2000bcca639,1998canlii6471,Q_first_word_only,0,
BCCA_1999-2007,BCCA_2000bcca639,1998canlii1983,both_loose,1,Canadian Broadcasting Corp. v. Color your world Corp. <-> color your world corp v canadian broadcasting corp
BCCA_1999-2007,BCCA_2000bcca639,1994canlii7232,Q_first_word_only,0,
BCCA_1999-2007,BCCA_2000bcca639,1951canlii61,both_strong,1,Douglas v. Tucker <-> douglas v tucker
BCCA_1999-2007,BCCA_2000bcca639,1960canlii2,both_strong,1,Globe and Mail Ltd. v. Boland <-> globe and mail ltd v boland
BCCA_1999-2007,BCCA_2000bcca639,1968canlii126,both_strong,1,Jones v. Bennett <-> jones v bennett
BCCA_1999-2007,BCCA_2000bcca639,1921canlii457,Q_not_found,0,
BCCA_1999-2007,BCCA_2000bcca639,1976canlii1147,Q_first_word_only,0,
BCCA_1999-2007,BCCA_2000bcca639,1997canlii2131,Q_first_word_only,0,
BCCA_1999-2007,BCCA_2000bcca639,1982canlii801,Q_first_word_only,0,
BCCA_1999-2007,BCCA_2000bcca639,1992canlii5954,Q_first_word_only,0,
BCCA_1999-2007,BCCA_2000bcca639,XC-G000264,ours_only_origin_undetermined|pubforeign:supported,0,reporter
BCCA_1999-2007,BCCA_2000bcca639,XC-G000405,ours_only_origin_undetermined|pubforeign:supported,0,reporter
BCCA_1999-2007,BCCA_2000bcca639,XC-G000407,ours_only_origin_undetermined|pubnone:supported,0,reporter
BCCA_1999-2007,BCCA_2000bcca639,XC-G000597,ours_only_origin_undetermined|pubforeign:supported,0,reporter
BCCA_1999-2007,BCCA_2000bcca639,XC-G001304,ours_only_origin_undetermined|pubca:supported,0,reporter
BCCA_1999-2007,BCCA_2000bcca639,XC-G001592,ours_only_origin_undetermined|pubforeign:supported,0,reporter
BCCA_1999-2007,BCCA_2000bcca639,XC-G001656,ours_only_origin_undetermined|pubforeign:supported,0,reporter
BCCA_1999-2007,BCCA_2000bcca639,XC-G001755,ours_only_origin_undetermined|pubforeign:supported,0,reporter
BCCA_1999-2007,BCCA_2000bcca639,XC-G002398,ours_only_origin_undetermined|pubforeign:supported,0,reporter
BCCA_1999-2007,BCCA_2000bcca639,XC-G002422,ours_only_origin_undetermined|pubnone:supported,0,reporter
BCCA_1999-2007,BCCA_2000bcca639,XC-G003180,ours_only_origin_undetermined|pubforeign:supported,0,reporter
BCCA_1999-2007,BCCA_2000bcca639,XC-G004040,ours_only_origin_undetermined|pubforeign:supported,0,reporter
BCCA_1999-2007,BCCA_2000bcca639,XC-G004075,ours_only_origin_undetermined|pubforeign:supported,0,reporter
BCCA_1999-2007,BCCA_2000bcca639,XC-G004274,ours_only_origin_undetermined|pubforeign:heuristic_only,0,reporter
BCCA_1999-2007,BCCA_2000bcca639,XC-G005228,ours_only_origin_undetermined|pubforeign:supported,0,reporter
BCCA_1999-2007,BCCA_2000bcca639,XC-G005266,ours_only_origin_undetermined|pubforeign:supported,0,reporter
BCCA_1999-2007,BCCA_2000bcca639,XC-G005350,ours_only_origin_undetermined|pubforeign:supported,0,reporter
BCCA_1999-2007,BCCA_2000bcca639,XC-G005552,ours_only_origin_undetermined|pubforeign:heuristic_only,0,reporter
BCCA_1999-2007,BCCA_2000bcca639,XC-G006065,ours_only_origin_ca|pubca:supported,0,reporter
BCCA_1999-2007,BCCA_2000bcca639,XC-G007898,ours_only_origin_undetermined|pubca:supported,0,reporter
BCCA_1999-2007,BCCA_2000bcca639,XC-G008151,ours_only_origin_undetermined|pubforeign:supported,0,reporter
BCCA_1999-2007,BCCA_2000bcca639,XC-G013301,ours_only_origin_undetermined|pubca:supported,0,reporter
BCCA_1999-2007,BCCA_2000bcca639,XC-G014728,ours_only_origin_ca|pubca:supported,0,reporter
BCCA_1999-2007,BCCA_2000bcca639,XC-G014733,ours_only_origin_ca|pubca:supported,0,reporter
BCCA_1999-2007,BCCA_2000bcca639,XC-G017994,ours_only_origin_undetermined|pubca:supported,0,reporter
BCCA_1999-2007,BCCA_2000bcca639,XC-G020492,ours_only_origin_undetermined|pubca:supported,0,reporter
BCCA_1999-2007,BCCA_2000bcca639,XC-G056663,ours_only_origin_undetermined|pubforeign:supported,0,reporter
BCCA_1999-2007,BCCA_2000bcca639,XC-G057007,ours_only_origin_undetermined|pubforeign:supported,0,reporter
BCCA_1999-2007,BCCA_2000bcca639,XC-G059130,ours_only_origin_undetermined|pubforeign:supported,0,reporter
BCCA_1999-2007,BCCA_2000bcca639,XC-G068223,ours_only_origin_undetermined|pubca:supported,0,reporter
BCCA_2008-2016,BCCA_2012bcca150,2010bcsc851,both_strong,1,R. v. Naidu <-> r v naidu
BCCA_2008-2016,BCCA_2010bcca91,2009bcca503,both_strong,1,Pro-Sys Consultants Ltd. v. Infineon Technologies AG <-> pro sys consultants ltd v infineon technologies ag
BCCA_2008-2016,BCCA_2016bcca86,1988canlii5,both_strong,1,Angus v. Sun Alliance Insurance Co. <-> angus v sun alliance insurance co
BCCA_2008-2016,BCCA_2016bcca86,2004scc42,both_strong,1,Application under s. 83.28 of the Criminal Code (Re) <-> 83 28 of the criminal code re
BCCA_2008-2016,BCCA_2016bcca86,2003bcca436,both_strong,1,British Columbia Hydro and Power Authority v. British Columbia (Environmental Appeal Board) <-> british columbia hydro and power authority v british columbia environmental appeal board
BCCA_2008-2016,BCCA_2016bcca86,1989canlii121,both_strong,1,Brosseau v. Alberta Securities Commission <-> brosseau v alberta securities commission
BCCA_2008-2016,BCCA_2016bcca86,2005scc73,both_strong,1,Dikranian v. Quebec (Attorney General) <-> dikranian v quebec attorney general
BCCA_2008-2016,BCCA_2016bcca86,1974canlii14,both_strong,1,Kienapple v. R. <-> r v kienapple
BCCA_2008-2016,BCCA_2016bcca86,2012bcca377,both_strong,1,R. v. Allen <-> r v allen
BCCA_2008-2016,BCCA_2016bcca86,2008bcca365,both_strong,1,R. v. B.C.M. <-> r v b c m
BCCA_2008-2016,BCCA_2016bcca86,2012nbca79,both_strong,1,R. v. Chisholm <-> r v chisholm
BCCA_2008-2016,BCCA_2016bcca86,2014scc28,both_strong,1,R. v. Clarke <-> r v clarke
BCCA_2008-2016,BCCA_2016bcca86,2012scc58,both_strong,1,R. v. Dineley <-> r v dineley
BCCA_2008-2016,BCCA_2016bcca86,2013nsca13,both_strong,1,R. v. Farler <-> r v farler
BCCA_2008-2016,BCCA_2016bcca86,2016onca44,both_strong,1,R. v. Hooyer <-> 
BCCA_2008-2016,BCCA_2016bcca86,2012nsca96,both_strong,1,R. v. J.J.W. <-> r v j j w
BCCA_2008-2016,BCCA_2016bcca86,2008scc31,both_strong,1,R. v. L.M. <-> r v l m
BCCA_2008-2016,BCCA_2016bcca86,2014bcca349,both_strong,1,R. v. L.V.R. <-> r v l v r
BCCA_2008-2016,BCCA_2016bcca86,2011bcsc1152,both_strong,1,R. v. L.V.R. <-> 
BCCA_2008-2016,BCCA_2016bcca86,2009bcca85,both_strong,1,R. v. Li <-> r v li
BCCA_2008-2016,BCCA_2016bcca86,1997canlii389,both_strong,1,R. v. McDonnell <-> r v mcdonnell
BCCA_2008-2016,BCCA_2016bcca86,1998canlii784,both_strong,1,R. v. Puskas <-> r v puskas
BCCA_2008-2016,BCCA_2016bcca86,2012bcca456,both_strong,1,"Round v. MacDonald, Dettwiler and Associates Ltd. <-> round v macdonald dettwiler and associates ltd"
BCCA_2008-2016,BCCA_2016bcca86,1971canlii148,both_strong,1,Royal Bank of Canada v. Concrete Column Clamps (1961) Ltd. <-> royal bank of canada v concrete column clamps 1961 ltd
BCCA_2008-2016,BCCA_2016bcca86,2013skca127,both_strong,1,R v Whiting <-> and r v whiting
BCCA_2008-2016,BCCA_2016bcca86,1992canlii2751,Q_first_word_only,0,
BCCA_2008-2016,BCCA_2016bcca86,2009bcca46,both_strong,1,Thow v. B.C. (Securities Commission) <-> thow v b c securities commission
BCCA_2008-2016,BCCA_2016bcca86,1984canlii82,both_strong,1,Wildman v. R. <-> wildman v the queen
BCCA_2008-2016,BCCA_2016bcca86,XC-G002896,ours_only_origin_undetermined|pubforeign:supported,0,reporter
BCCA_2008-2016,BCCA_2016bcca86,XC-G018733,ours_only_origin_undetermined|pubca:heuristic_only,0,reporter
BCCA_2008-2016,BCCA_2016bcca86,XC-G043149,ours_only_origin_undetermined|pubca:supported,0,reporter
BCCA_2008-2016,BCCA_2016bcca86,XC-G070867,ours_only_origin_ca|pubca:supported,0,reporter
BCCA_2008-2016,BCCA_2010bcca196,1987canlii2491,both_weak,1,Heinhuis v. Blacksheep Charters Ltd. <-> heinhuis v blacksheep charters ltd
BCCA_2008-2016,BCCA_2010bcca196,2009bcca36,both_strong,1,"The Owners, Strata Plan VIS2968 v. K.R.C. Enterprises Inc. <-> the owners strata plan vis2968 v k r c enterprises inc"
BCCA_2008-2016,BCCA_2010bcca196,2007bcsc774,both_strong,1,"The Owners, Strata Plan VIS2968 v. K.R.C. Enterprises Inc. <-> "
BCCA_2008-2016,BCCA_2010bcca196,2009bcsc10,both_strong,1,"The Owners, Strata Plan VIS3049 v. Mahoe Holdings Ltd. <-> "
BCCA_2008-2016,BCCA_2010bcca196,XC-G000436,ours_only_origin_undetermined|pubforeign:supported,0,reporter
BCCA_2008-2016,BCCA_2008bcca455,2000bcca539,both_strong,1,Cheslatta Carrier Nation v. British Columbia <-> cheslatta carrier nation v british columbia date 20001013
BCCA_2008-2016,BCCA_2008bcca455,2007bcsc1195,both_strong,1,Fawcett v. Western Canadian Coal Corp. <-> 
BCCA_2008-2016,BCCA_2008bcca455,1977canlii336,Q_first_word_only,0,
BCCA_2008-2016,BCCA_2008bcca455,2007bcsc422,both_strong,1,Kaska Dena Council v. HMTQ <-> 
BCCA_2008-2016,BCCA_2008bcca455,2003nwtsc70,Q_not_found,0,
BCCA_2008-2016,BCCA_2008bcca455,1989canlii26,both_strong,1,Mackay v. Manitoba <-> mackay v manitoba
BCCA_2008-2016,BCCA_2008bcca455,1985canlii74,both_strong,1,Operation Dismantle v. The Queen <-> operation dismantle inc v the queen
BCCA_2008-2016,BCCA_2008bcca455,1996canlii160,both_strong,1,R. v. Gladstone <-> r v gladstone
BCCA_2008-2016,BCCA_2008bcca455,1979canlii9,both_strong,1,Solosky v. The Queen <-> solosky v the queen
BCCA_2008-2016,BCCA_2008bcca455,1971canlii1025,Q_first_word_only,0,
BCCA_2008-2016,BCCA_2008bcca455,XC-G001654,ours_only_origin_undetermined|pubforeign:supported,0,reporter
BCCA_2008-2016,BCCA_2008bcca455,XC-G005107,ours_only_origin_ca|pubca:supported,0,reporter
BCCA_2008-2016,BCCA_2008bcca455,XC-G006291,ours_only_origin_undetermined|pubca:supported,0,reporter
BCCA_2008-2016,BCCA_2008bcca455,XC-G006368,ours_only_origin_undetermined|pubca:supported,0,reporter
BCCA_2008-2016,BCCA_2008bcca455,XC-G016280,ours_only_origin_undetermined|pubca:supported,0,reporter
BCCA_2008-2016,BCCA_2008bcca455,XC-G021164,ours_only_origin_undetermined|pubca:supported,0,reporter
BCCA_2008-2016,BCCA_2008bcca455,XC-G022909,ours_only_origin_undetermined|pubca:supported,0,reporter
BCCA_2008-2016,BCCA_2008bcca455,XC-G027407,ours_only_origin_undetermined|pubnone:supported,0,reporter
BCCA_2008-2016,BCCA_2008bcca455,XC-G027886,ours_only_origin_undetermined|pubca:supported,0,reporter
BCCA_2008-2016,BCCA_2008bcca455,XC-G032555,ours_only_origin_undetermined|pubca:supported,0,reporter
BCCA_2008-2016,BCCA_2008bcca455,XC-G059789,ours_only_origin_ca|pubca:supported,0,reporter
BCCA_2008-2016,BCCA_2010bcca313,1975canlii190,both_strong,1,Leblanc v. R. <-> r v leblanc
BCCA_2008-2016,BCCA_2010bcca313,1983canlii28,both_strong,1,Morris v. The Queen <-> r v morris
BCCA_2008-2016,BCCA_2010bcca313,2001canlii4447,Q_first_word_only,0,
BCCA_2008-2016,BCCA_2010bcca313,2002scc56,both_strong,1,R. v. Handy <-> r v handy
BCCA_2008-2016,BCCA_2010bcca313,2010scc8,both_strong,1,R. v. Morelli <-> r v morelli
BCCA_2008-2016,BCCA_2010bcca313,2000bcca132,both_strong,1,R. v. Peterffy <-> r v peterffy
BCCA_2008-2016,BCCA_2010bcca313,2001scc2,both_strong,1,R. v. Sharpe <-> r v sharpe
BCCA_2008-2016,BCCA_2010bcca313,1989canlii7206,both_weak,1,R. v. Turlon <-> r v turlon
BCCA_2008-2016,BCCA_2010bcca313,XC-G015969,ours_only_origin_undetermined|pubnone:supported,0,reporter
BCCA_2008-2016,BCCA_2010bcca313,XC-G057978,ours_only_origin_undetermined|pubca:supported,0,reporter
BCCA_2008-2016,BCCA_2010bcca313,XC-G058354,ours_only_origin_ca|pubca:supported,0,reporter
BCCA_2008-2016,BCCA_2010bcca313,XC-G063913,ours_only_origin_undetermined|pubca:supported,0,reporter
BCCA_2008-2016,BCCA_2010bcca313,XC-G064317,ours_only_origin_undetermined|pubca:supported,0,reporter
BCCA_2008-2016,BCCA_2010bcca313,XC-G066275,ours_only_origin_undetermined|pubnone:supported,0,reporter
BCCA_2008-2016,BCCA_2016bcca258,2015bcsc1160,both_strong,1,1043325 Ontario Ltd. v. CSA Building Sciences Western Ltd. <-> 
BCCA_2008-2016,BCCA_2016bcca258,2015bcsc1545,both_strong,1,1043325 Ontario Ltd. v. CSA Building Sciences Western Ltd. <-> 
BCCA_2008-2016,BCCA_2016bcca258,2014bcsc1197,both_strong,1,1043325 Ontario Ltd. v. Jeck <-> june 30 2014 1043325 ontario ltd v jeck
BCCA_2008-2016,BCCA_2016bcca258,2008scc69,both_strong,1,BCE Inc. v. 1976 Debentureholders <-> bce inc v 1976 debentureholders
BCCA_2008-2016,BCCA_2016bcca258,2004bcsc1723,both_strong,1,Brokx v. Tattoo Technology Inc. and Prpic <-> brokx v tattoo
BCCA_2008-2016,BCCA_2016bcca258,1999canlii6578,both_weak,1,Burdeny v. K & D Gourmet Baked Foods And Investments Inc. <-> burdeny v k and d gourmet baked foods and investments inc
BCCA_2008-2016,BCCA_2016bcca258,2000canlii22676,Q_first_word_only,0,
BCCA_2008-2016,BCCA_2016bcca258,2004bcca644,both_strong,1,Chan v. Lee (Estate) <-> chan v lee estate
BCCA_2008-2016,BCCA_2016bcca258,2007bcca225,both_strong,1,Cimolai v. Hall et al <-> cimolai v hall
BCCA_2008-2016,BCCA_2016bcca258,2005bcsc31,both_strong,1,Cimolai v. Hall et al. <-> cimolai v hall
BCCA_2008-2016,BCCA_2016bcca258,1976canlii238,both_weak,1,Diligenti v. RWMD Operations Kelowna Ltd. <-> diligenti v rwmd operations kelowna ltd
BCCA_2008-2016,BCCA_2016bcca258,1974canlii433,Q_first_word_only,0,
BCCA_2008-2016,BCCA_2016bcca258,1976canlii6,both_strong,1,Haig v. Bamford et al. <-> the facts of haig haig v bamford
BCCA_2008-2016,BCCA_2016bcca258,1997canlii345,both_strong,1,Hercules Managements Ltd. v. Ernst & Young <-> hercules managements ltd v ernst and young
BCCA_2008-2016,BCCA_2016bcca258,2012bcsc1191,both_strong,1,International Energy and Mineral Resources Investment (Hong Kong) Company Limited v. Mosquito Consolidated Gold Mines Limited <-> international energy and mineral resources investment hong kong co v mosquito consolidated gold mines ltd
BCCA_2008-2016,BCCA_2016bcca258,2016bcca193,both_strong,1,Jaguar Financial Corporation v. Alternative Earth Resources Inc. <-> jaguar financial corporation v alternative earth resources inc
BCCA_2008-2016,BCCA_2016bcca258,2010bcca495,both_strong,1,Jellema v. American Bullion Minerals Ltd. <-> and jellema v american bullion minerals ltd
BCCA_2008-2016,BCCA_2016bcca258,1982canlii462,both_loose,1,Johnston v. West Fraser Timber Co. Ltd. <-> johnston v west fraser timber co
BCCA_2008-2016,BCCA_2016bcca258,1983canlii424,Q_first_word_only,0,
BCCA_2008-2016,BCCA_2016bcca258,1986canlii999,both_loose,1,Low v. Ascot Jockey Club Ltd. <-> low v ascot jockey club
BCCA_2008-2016,BCCA_2016bcca258,1995canlii1521,both_weak,1,Ludlow v. McMillan <-> ludlow v mcmillan
BCCA_2008-2016,BCCA_2016bcca258,2013bcsc574,both_strong,1,Luft v. Ball <-> luft v ball
BCCA_2008-2016,BCCA_2016bcca258,1999canlii14946,both_weak,1,Main v. Delcan Group Inc. <-> main v delcan group inc
BCCA_2008-2016,BCCA_2016bcca258,2008onca111,both_strong,1,Malata Group (HK) Limited v. Jung <-> ontario in malata group hk limited v jung
BCCA_2008-2016,BCCA_2016bcca258,2002canlii41710,both_loose,1,Meditrust Healthcare Inc. v. Shoppers Drug Mart <-> and meditrust healthcare inc v shoppers drug mart
BCCA_2008-2016,BCCA_2016bcca258,1995canlii959,both_weak,1,Naneff v. Con-Crete Holdings Ltd. <-> naneff v con crete holdings ltd
BCCA_2008-2016,BCCA_2016bcca258,2004bcca221,both_strong,1,Pasnak v. Chura <-> pasnak v chura
BCCA_2008-2016,BCCA_2016bcca258,2015onca373,both_strong,1,Rea v. Wildeboer <-> rea v wildeboer
BCCA_2008-2016,BCCA_2016bcca258,2007bcca61,both_strong,1,Robak Industries Ltd. v. Gardner <-> robak industries ltd v gardner
BCCA_2008-2016,BCCA_2016bcca258,1986canlii847,both_weak,1,Rogers v. Bank of Montreal <-> rogers v bank of montreal
BCCA_2008-2016,BCCA_2016bcca258,1995canlii6269,both_weak,1,Safarik v. Ocean Fisheries Ltd. <-> safarik v ocean fisheries ltd
BCCA_2008-2016,BCCA_2016bcca258,1993canlii73,both_strong,1,Slattery (Trustee of) v. Slattery <-> slattery trustee of v slattery
BCCA_2008-2016,BCCA_2016bcca258,1987canlii7169,both_loose,1,Stone v. Stonehurst Enterprises Ltd. and Stone <-> stone v stonehurst enterprises ltd
BCCA_2008-2016,BCCA_2016bcca258,2001canlii28007,Q_first_word_only,0,
BCCA_2008-2016,BCCA_2016bcca258,1998canlii14805,both_weak,1,Wright v. Donald S. Montgomery Holdings Ltd. <-> wright v donald s montgomery holdings ltd
BCCA_2008-2016,BCCA_2016bcca258,XC-G000238,ours_only_origin_undetermined|pubforeign:heuristic_only,0,reporter
BCCA_2008-2016,BCCA_2016bcca258,XC-G005305,ours_only_origin_undetermined|pubforeign:heuristic_only,0,reporter
BCCA_2008-2016,BCCA_2016bcca258,XC-G005625,ours_only_origin_ca|pubca:supported,0,reporter
BCCA_2008-2016,BCCA_2016bcca258,XC-G007729,ours_only_origin_undetermined|pubforeign:supported,0,reporter
BCCA_2008-2016,BCCA_2016bcca258,XC-G008257,ours_only_origin_undetermined|pubca:supported,0,reporter
BCCA_2008-2016,BCCA_2016bcca258,XC-G012442,ours_only_origin_undetermined|pubca:supported,0,reporter
BCCA_2008-2016,BCCA_2016bcca258,XC-G012634,ours_only_origin_undetermined|pubca:supported,0,reporter
BCCA_2008-2016,BCCA_2016bcca258,XC-G012700,ours_only_origin_undetermined|pubnone:supported,0,reporter
BCCA_2008-2016,BCCA_2016bcca258,XC-G013287,ours_only_origin_undetermined|pubca:heuristic_only,0,reporter
BCCA_2008-2016,BCCA_2016bcca258,XC-G013975,ours_only_origin_undetermined|pubnone:supported,0,reporter
BCCA_2008-2016,BCCA_2016bcca258,XC-G015378,ours_only_origin_undetermined|pubca:supported,0,reporter
BCCA_2008-2016,BCCA_2016bcca258,XC-G016619,ours_only_origin_undetermined|pubforeign:supported,0,reporter
BCCA_2008-2016,BCCA_2016bcca258,XC-G022862,ours_only_origin_undetermined|pubca:supported,0,reporter
BCCA_2008-2016,BCCA_2016bcca258,XC-G023332,ours_only_origin_ca|pubca:supported,0,reporter
BCCA_2008-2016,BCCA_2016bcca258,XC-G024673,ours_only_origin_undetermined|pubforeign:supported,0,reporter
BCCA_2008-2016,BCCA_2015bcca358,1985canlii53,both_strong,1,Fanjoy v. The Queen <-> r v fanjoy
BCCA_2008-2016,BCCA_2015bcca358,1994canlii3447,both_weak,1,R. v. A. J. R. <-> r v a j r
BCCA_2008-2016,BCCA_2015bcca358,1993canlii99,both_strong,1,R. v. Aalders <-> r v aalders
BCCA_2008-2016,BCCA_2015bcca358,1982canlii25,both_strong,1,R. v. Abbey <-> r v abbey
BCCA_2008-2016,BCCA_2015bcca358,2008bcsc917,both_strong,1,R. v. B.S.B. <-> r v basra
BCCA_2008-2016,BCCA_2015bcca358,2009bcca520,both_strong,1,R. v. Basra <-> r v basra
BCCA_2008-2016,BCCA_2015bcca358,1987canlii27,both_strong,1,R. v. Béland <-> r v b land
BCCA_2008-2016,BCCA_2015bcca358,2008bcca530,both_strong,1,R. v. Dalen <-> r v dalen
BCCA_2008-2016,BCCA_2015bcca358,2000scc46,both_strong,1,R. v. Darrach <-> r v darrach
BCCA_2008-2016,BCCA_2015bcca358,1993canlii8547,Q_first_word_only,0,
BCCA_2008-2016,BCCA_2015bcca358,2011onca783,both_strong,1,R. v. F.E.E. <-> r v f e e
BCCA_2008-2016,BCCA_2015bcca358,1996canlii708,both_loose,1,R. v. Foley <-> r v foley j p
BCCA_2008-2016,BCCA_2015bcca358,1997canlii311,both_strong,1,R. v. G. (S.G.) <-> r v g s g
BCCA_2008-2016,BCCA_2015bcca358,2011onca503,both_strong,1,R. v. G.M. <-> r v g m
BCCA_2008-2016,BCCA_2015bcca358,2005scc76,both_strong,1,R. v. Henry <-> r v henry
BCCA_2008-2016,BCCA_2015bcca358,2011scc17,both_strong,1,R. v. J.A.A. <-> r v j a a
BCCA_2008-2016,BCCA_2015bcca358,1998canlii15007,both_weak,1,R. v. Khan <-> r v khan
BCCA_2008-2016,BCCA_2015bcca358,2009bcca118,both_strong,1,R. v. Korol <-> r v korol l r
BCCA_2008-2016,BCCA_2015bcca358,2010bcca124,both_strong,1,R. v. Kwiatkowski <-> r v kwiatkowski
BCCA_2008-2016,BCCA_2015bcca358,2004scc80,both_strong,1,R. v. Lohrer <-> r v lohrer
BCCA_2008-2016,BCCA_2015bcca358,2009bcca338,both_strong,1,R. v. Lowe <-> r v lowe
BCCA_2008-2016,BCCA_2015bcca358,2004scc5,both_strong,1,R. v. Lyttle <-> r v lyttle
BCCA_2008-2016,BCCA_2015bcca358,2009onca617,both_strong,1,R. v. M.F. <-> madam justice simmons noted in r v m f
BCCA_2008-2016,BCCA_2015bcca358,1993canlii37,both_strong,1,R. v. Marquard <-> r v marquard
BCCA_2008-2016,BCCA_2015bcca358,1994canlii80,both_strong,1,R. v. Mohan <-> r v mohan
BCCA_2008-2016,BCCA_2015bcca358,2004mbca176,both_strong,1,R. v. Moose <-> 
BCCA_2008-2016,BCCA_2015bcca358,2008scc51,both_strong,1,R. v. R.E.M. <-> r v r e m
BCCA_2008-2016,BCCA_2015bcca358,2000nsca143,both_strong,1,R. v. Rayner <-> r v foley j p
BCCA_2008-2016,BCCA_2015bcca358,2007ykca9,both_strong,1,R. v. Rodrigue <-> 
BCCA_2008-2016,BCCA_2015bcca358,1982abca165,both_weak,1,R. v. Ruptash <-> r v ruptash
BCCA_2008-2016,BCCA_2015bcca358,1991canlii76,both_strong,1,R. v. Seaboyer;  R. v. Gayme <-> r v seaboyer
BCCA_2008-2016,BCCA_2015bcca358,2015scc40,both_strong,1,R. v. Simpson <-> r v simpson
BCCA_2008-2016,BCCA_2015bcca358,1994canlii1298,both_weak,1,R. v. Sims <-> r v sims
BCCA_2008-2016,BCCA_2015bcca358,1994canlii8727,both_weak,1,R. v. Varga <-> r v varga
BCCA_2008-2016,BCCA_2015bcca358,2013scc38,both_strong,1,R. v. Vuradin <-> r v vuradin
BCCA_2008-2016,BCCA_2015bcca358,1991canlii93,both_strong,1,R. v. W.(D.) <-> r v w d
BCCA_2008-2016,BCCA_2015bcca358,2002bcca80,both_strong,1,R. v. Wise <-> r v wise and pelletier date 20020207
BCCA_2008-2016,BCCA_2015bcca358,2003scc1,both_strong,1,R. v. Wise <-> 
BCCA_2008-2016,BCCA_2015bcca358,2015scc23,both_strong,1,White Burgess Langille Inman v. Abbott and Haliburton Co. <-> white burgess langille inman v abbott and haliburton co
BCCA_2008-2016,BCCA_2015bcca358,XC-G005637,ours_only_origin_undetermined|pubnone:supported,0,reporter
BCCA_2008-2016,BCCA_2015bcca358,XC-G012877,ours_only_origin_undetermined|pubca:supported,0,reporter
BCCA_2008-2016,BCCA_2015bcca358,XC-G019849,ours_only_origin_undetermined|pubca:supported,0,reporter
BCCA_2008-2016,BCCA_2015bcca358,XC-G069959,ours_only_origin_undetermined|pubca:supported,0,reporter
BCCA_2008-2016,BCCA_2015bcca215,2014scc26,both_strong,1,R. v. Summers <-> r v summers
BCCA_2008-2016,BCCA_2008bcca461,1999bcca369,both_strong,1,R. v.  Biln <-> r v biln
BCCA_2008-2016,BCCA_2008bcca461,1998canlii5363,both_loose,1,R. v. Chana <-> mr gill cites r v chana
BCCA_2008-2016,BCCA_2008bcca461,2005bcca484,both_strong,1,R. v. Craig <-> r v craig
BCCA_2008-2016,BCCA_2008bcca461,2001bcca74,both_strong,1,R. v. Hall <-> r v hall
BCCA_2008-2016,BCCA_2008bcca461,2006bcca452,both_strong,1,R. v. Hayes <-> r v hayes
BCCA_2008-2016,BCCA_2008bcca461,2008bcsc986,both_strong,1,R. v. Hurley <-> r v hurley
BCCA_2008-2016,BCCA_2008bcca461,1996canlii3148,both_weak,2,R. v. Johnson <-> r v johnson / r v johnson
BCCA_2008-2016,BCCA_2008bcca461,1998canlii4838,both_weak,2,R. v. Johnson <-> r v johnson / r v johnson
BCCA_2008-2016,BCCA_2008bcca461,1996canlii230,both_strong,1,R. v. M. (C.A.) <-> r v m c a
BCCA_2008-2016,BCCA_2008bcca461,2008bcca252,both_strong,1,R. v. Nguyen <-> r v nguyen
BCCA_2008-2016,BCCA_2008bcca461,2000scc5,both_strong,2,R. v. Proulx <-> r v proulx / r v proulx
BCCA_2008-2016,BCCA_2008bcca461,2005bcca404,both_strong,1,R. v. Willier <-> r v l d w
BCCA_2008-2016,BCCA_2008bcca461,1996canlii2305,both_weak,1,R. v. Yue <-> r v yue
BCCA_2008-2016,BCCA_2008bcca461,XC-G019600,ours_only_origin_undetermined|pubca:supported,0,reporter
BCCA_2008-2016,BCCA_2008bcca461,XC-G058240,ours_only_origin_undetermined|pubca:supported,0,reporter
BCCA_2008-2016,BCCA_2008bcca461,XC-G060817,ours_only_origin_ca|pubca:supported,0,reporter
BCCA_2008-2016,BCCA_2008bcca461,XC-G061681,ours_only_origin_undetermined|pubca:supported,0,reporter
BCCA_2008-2016,BCCA_2008bcca461,XC-G062714,ours_only_origin_undetermined|pubca:supported,0,reporter
BCCA_2008-2016,BCCA_2008bcca461,XC-G066165,ours_only_origin_undetermined|pubca:supported,0,reporter
BCCA_2008-2016,BCCA_2008bcca461,XC-G068677,ours_only_origin_undetermined|pubca:supported,0,reporter
BCCA_2008-2016,BCCA_2012bcca494,1959canlii740,both_loose,1,Bayridge Estates Ltd. v. Minister of National Revenue <-> bayridge estates ltd v m n r
BCCA_2008-2016,BCCA_2012bcca494,2000bcca326,both_strong,1,"Goldman, Sachs & Co. v. Sessions et al. <-> goldman sachs and co v sessions"
BCCA_2008-2016,BCCA_2012bcca494,2002canlii1102,both_weak,1,Holm v. The Queen <-> holm v the queen
BCCA_2008-2016,BCCA_2012bcca494,1973canlii2268,both_weak,1,Kennedy v. M.N.R. <-> kennedy v m n r
BCCA_2008-2016,BCCA_2012bcca494,2010bcca177,both_strong,1,Northland Properties Corporation v. British Columbia <-> northland properties corporation v british columbia
BCCA_2008-2016,BCCA_2012bcca494,2012bcsc721,both_strong,1,Northland Properties Corporation v. British Columbia (Finance) <-> northland properties corp v british columbia finance
BCCA_2008-2016,BCCA_2012bcca494,2008bcsc99,both_strong,1,Northland Properties Corporation v. HMTQ <-> northland properties corporation v hmtq
BCCA_2008-2016,BCCA_2012bcca494,XC-G014329,ours_only_origin_undetermined|pubca:supported,0,reporter
BCCA_2008-2016,BCCA_2009bcca223,1991canlii78,both_strong,1,Kindler v. Canada (Minister of Justice) <-> kindler v canada minister of justice
BCCA_2008-2016,BCCA_2009bcca223,2000bcsc1360,both_strong,1,Kingdom of Thailand v. Saxena <-> 
BCCA_2008-2016,BCCA_2009bcca223,2008scc23,both_strong,1,Lake v. Canada (Minister of Justice) <-> lake v canada minister of justice
BCCA_2008-2016,BCCA_2009bcca223,2004bcca276,both_strong,1,Marvin v. Blueberry Hill Holdings Inc. <-> marvin v blueberry hill holdings inc
BCCA_2008-2016,BCCA_2009bcca223,2005scc82,both_strong,1,May v. Ferndale Institution <-> may v ferndale institution
BCCA_2008-2016,BCCA_2009bcca223,1992canlii48,both_strong,1,McVey (Re); McVey v. United States of America <-> mcvey v united states of america
BCCA_2008-2016,BCCA_2009bcca223,1984canlii3499,both_loose,1,R. v. Smith <-> see e g re united states of america v smith
BCCA_2008-2016,BCCA_2009bcca223,2006bcca98,both_strong,1,Thailand v. Saxena <-> thailand v saxena
BCCA_2008-2016,BCCA_2009bcca223,1984canlii3510,Q_first_word_only,0,
BCCA_2008-2016,BCCA_2009bcca223,2006scc33,both_strong,2,United States of America v. Ferras; United States of America v. Latty <-> united states of america v ferras / united states of america v latty
BCCA_2008-2016,BCCA_2009bcca223,1976canlii8,both_strong,1,United States of America v. Shephard <-> united states of america v shephard
BCCA_2008-2016,BCCA_2009bcca223,2001scc7,both_strong,1,United States v. Burns <-> united states v burns
BCCA_2008-2016,BCCA_2009bcca223,2004bcsc154,both_strong,1,United States v. Freimuth <-> united states v freimuth
BCCA_2008-2016,BCCA_2009bcca223,XC-G016695,ours_only_origin_undetermined|pubnone:supported,0,reporter
BCCA_2008-2016,BCCA_2009bcca223,XC-G027998,ours_only_origin_undetermined|pubca:heuristic_only,0,neutral|reporter
BCCA_2008-2016,BCCA_2009bcca223,XC-G058880,ours_only_origin_ca|pubca:supported,0,reporter
BCCA_2008-2016,BCCA_2009bcca223,XC-G061669,ours_only_origin_ca|pubca:supported,0,reporter
BCCA_2008-2016,BCCA_2009bcca223,XC-G063881,ours_only_origin_undetermined|pubca:supported,0,reporter
BCCA_2008-2016,BCCA_2014bcca6,2013bcsc134,both_strong,1,Slater Vecchio LLP v. Cashman <-> january 31 2013 slater vecchio llp v cashman
BCCA_2008-2016,BCCA_2015bcca78,2014bcca465,both_strong,1,Burnaby (City) v. Trans Mountain Pipeline ULC <-> november 27 2014 burnaby city v trans mountain pipeline ulc
BCCA_2008-2016,BCCA_2015bcca78,2000bcca672,both_strong,1,Haldorson v. Coquitlam (City) <-> haldorson v coquitlam city
BCCA_2008-2016,BCCA_2014bcca494,2013bcsc1677,both_strong,1,18320 Holdings Inc. v. Thibeau <-> 
BCCA_2008-2016,BCCA_2014bcca494,2013bcsc539,both_strong,1,18320 Holdings Inc. v. Thibeau <-> an order of the supreme court of british columbia dated march 28 2013 18320 holdings inc v thibeau
BCCA_2008-2016,BCCA_2014bcca494,2011bcsc55,both_strong,1,Bransford v. Yilmazcan <-> squires v british columbia workers compensation appeal tribunal
BCCA_2008-2016,BCCA_2014bcca494,2002bcca421,both_strong,1,British Columbia (Securities Commission) v. Pacific International Securities Inc. <-> british columbia securities commission v pacific international securities inc
BCCA_2008-2016,BCCA_2014bcca494,1988canlii2812,Q_first_word_only,0,
BCCA_2008-2016,BCCA_2014bcca494,1989canlii49,both_strong,1,Caimaw v. Paccar of Canada Ltd. <-> c a i m a w v paccar of canada ltd / caimaw v paccar of canada ltd
BCCA_2008-2016,BCCA_2014bcca494,2010fca246,both_strong,1,Canada (Attorney General) v. Quadrini <-> 
BCCA_2008-2016,BCCA_2014bcca494,2005canlii11786,both_loose,1,Children's Lawyer for Ontario v. Goodis <-> and ontario children s lawyer v ontario information and privacy commissioner
BCCA_2008-2016,BCCA_2014bcca494,2008scc9,both_strong,1,Dunsmuir v. New Brunswick <-> dunsmuir v new brunswick
BCCA_2008-2016,BCCA_2014bcca494,2001canlii24151,Q_first_word_only,0,
BCCA_2008-2016,BCCA_2014bcca494,2001scc4,both_strong,1,Ellis-Don Ltd. v. Ontario (Labour Relations Board) <-> ellis don ltd v ontario labour relations board
BCCA_2008-2016,BCCA_2014bcca494,1994canlii2570,both_weak,1,Garcia v. Crestbrook Forest Industries Ltd. <-> garcia v crestbrook forest industries ltd
BCCA_2008-2016,BCCA_2014bcca494,2006bcca404,both_strong,1,"Global Securities Corp. v. British Columbia (Executive Director, Securities Commission) <-> global securities corp v british columbia executive director securities commission"
BCCA_2008-2016,BCCA_2014bcca494,2004scc9,both_strong,1,Hamilton v. Open Window Bakery Ltd. <-> hamilton v open window bakery ltd
BCCA_2008-2016,BCCA_2014bcca494,2011bcca476,both_strong,1,Henthorne v. British Columbia Ferry Services Inc. <-> henthorne v british columbia ferry services inc
BCCA_2008-2016,BCCA_2014bcca494,2005bcsc643,both_strong,1,Imperial Parking v. Bali et al <-> and imperial parking canada corp v bali
BCCA_2008-2016,BCCA_2014bcca494,2005bcca244,both_strong,1,Lang v. British Columbia (Superintendent of Motor Vehicles) <-> lang v british columbia superintendent of motor vehicles
BCCA_2008-2016,BCCA_2014bcca494,2011abca94,both_strong,1,Leon’s Furniture Limited v. Alberta (Information and Privacy Commissioner) <-> leon s furniture ltd v alberta information and privacy commissioner
BCCA_2008-2016,BCCA_2014bcca494,1978canlii17,both_strong,1,Northwestern Utilities Ltd. and al. v. Edmonton <-> northwestern utilities ltd v city of edmonton
BCCA_2008-2016,BCCA_2014bcca494,1998canlii778,both_strong,1,Pushpanathan v. Canada (Minister of Citizenship and Immigration) <-> pushpanathan v canada minister of citizenship and immigration
BCCA_2008-2016,BCCA_2014bcca494,1988canlii4706,both_loose,1,Ramsay v. Toronto (City) Commissioners of Police (Div. Ct.) <-> ramsay v toronto city commissioners of police
BCCA_2008-2016,BCCA_2014bcca494,2011bcca70,both_strong,1,Timberwolf Log Trading Ltd. v. Commissioner (Pursuant to s. 142.11 of the Forest Act) <-> timberwolf log trading ltd v commissioner pursuant to s 142 11 of the forest act
BCCA_2008-2016,BCCA_2014bcca494,1992canlii1135,both_strong,1,Tremblay v. Quebec (Commission des affaires sociales) <-> tremblay v quebec commission des affaires sociales
BCCA_2008-2016,BCCA_2014bcca494,2002nbca27,Q_first_word_only,0,
BCCA_2008-2016,BCCA_2014bcca494,2005bcca601,both_strong,1,Vancouver Rape Relief Society v. Nixon <-> vancouver rape relief society v nixon
BCCA_2008-2016,BCCA_2014bcca494,2007bcsc1432,both_strong,1,Wight v. Patry <-> wight v british columbia residential tenancy office
BCCA_2008-2016,BCCA_2014bcca494,XC-G010524,ours_only_origin_undetermined|pubca:supported,0,reporter
BCCA_2008-2016,BCCA_2014bcca494,XC-G014218,ours_only_origin_undetermined|pubca:heuristic_only,0,reporter
BCCA_2008-2016,BCCA_2014bcca494,XC-G022999,ours_only_origin_undetermined|pubca:supported,0,reporter
BCCA_2008-2016,BCCA_2014bcca494,XC-G025800,ours_only_origin_undetermined|pubnone:supported,0,reporter
BCCA_2008-2016,BCCA_2014bcca494,XC-G036558,ours_only_origin_undetermined|pubca:supported,0,neutral
BCCA_2008-2016,BCCA_2014bcca494,XC-G061311,ours_only_origin_undetermined|pubnone:supported,0,reporter
BCCA_2008-2016,BCCA_2014bcca494,XC-G062107,ours_only_origin_ca|pubca:supported,0,reporter
BCCA_2008-2016,BCCA_2014bcca494,XC-G062303,ours_only_origin_ca|pubca:supported,0,reporter
BCCA_2008-2016,BCCA_2014bcca494,XC-G062700,ours_only_origin_ca|pubca:supported,0,reporter
BCCA_2008-2016,BCCA_2014bcca494,XC-G062813,ours_only_origin_ca|pubca:supported,0,reporter
BCCA_2008-2016,BCCA_2014bcca494,XC-G064354,ours_only_origin_ca|pubca:supported,0,reporter
BCCA_2008-2016,BCCA_2014bcca494,XC-G066302,ours_only_origin_ca|pubca:supported,0,reporter
BCCA_2008-2016,BCCA_2014bcca494,XC-G068345,ours_only_origin_ca|pubca:supported,0,reporter
BCCA_2008-2016,BCCA_2014bcca494,XC-G069412,ours_only_origin_ca|pubca:supported,0,reporter
BCCA_2008-2016,BCCA_2014bcca494,XC-G070374,ours_only_origin_ca|pubca:supported,0,reporter
BCCA_2008-2016,BCCA_2009bcca553,2009scc32,both_strong,1,R. v. Grant <-> r v grant
BCCA_2008-2016,BCCA_2009bcca553,2009scc34,both_strong,1,R. v. Harrison <-> r v harrison
BCCA_2008-2016,BCCA_2009bcca553,1990canlii125,both_strong,1,R. v. Storrey <-> r v storrey
BCCA_2008-2016,BCCA_2014bcca39,1987canlii49,both_strong,1,Argentina v. Mellino <-> argentina v mellino
BCCA_2008-2016,BCCA_2014bcca39,2008bcca280,both_strong,1,Canada (Minister of Justice) v. Narayan <-> canada minister of justice v narayan
BCCA_2008-2016,BCCA_2014bcca39,1996canlii3878,both_loose,1,Desfossés v. Rock <-> desfoss s v canada minister of justice
BCCA_2008-2016,BCCA_2014bcca39,2003bcca20,both_strong,1,Earles v. U.S.A. <-> united states of america v earles
BCCA_2008-2016,BCCA_2014bcca39,2006canlii6189,both_loose,1,Germany (Federal Republic) v. Schreiber <-> germany v schreiber
BCCA_2008-2016,BCCA_2014bcca39,1996canlii8361,both_loose,1,Gervasoni v. Canada (Justice) <-> gervasoni v canada minister of justice
BCCA_2008-2016,BCCA_2014bcca39,2006bcca179,both_strong,1,Hong Kong Special Administrative Region of the People's Republic of China v. Dai <-> hong kong special administrative region of the people s republic of china v dia
BCCA_2008-2016,BCCA_2014bcca39,1991canlii78,both_strong,1,Kindler v. Canada (Minister of Justice) <-> kindler v canada minister of justice
BCCA_2008-2016,BCCA_2014bcca39,1996canlii484,both_loose,1,R. v. Chong <-> united states of america v chong
BCCA_2008-2016,BCCA_2014bcca39,1990canlii80,both_strong,1,R. v. Martineau <-> r v martineau
BCCA_2008-2016,BCCA_2014bcca39,1987canlii2,both_strong,1,R. v. Vaillancourt <-> r v vaillancourt
BCCA_2008-2016,BCCA_2014bcca39,2013bcca149,both_strong,1,U.S.A. v. Lucero-Echegoyen <-> u s a v lucero echegoyen
BCCA_2008-2016,BCCA_2014bcca39,2013bcca414,both_strong,1,United Kingdom v. Aziz <-> united kingdom v aziz
BCCA_2008-2016,BCCA_2014bcca39,2006scc33,both_strong,2,United States of America v. Ferras; United States of America v. Latty <-> united states of america v ferras / united states of america v latty
BCCA_2008-2016,BCCA_2014bcca39,2001scc7,both_strong,1,United States v. Burns <-> united states v burns
BCCA_2008-2016,BCCA_2014bcca39,2010bcca461,both_strong,1,United States v. Rosenau <-> united states of america v rosenau
BCCA_2008-2016,BCCA_2014bcca39,XC-G017971,ours_only_origin_ca|pubca:supported,0,reporter
BCCA_2008-2016,BCCA_2014bcca39,XC-G031780,ours_only_origin_undetermined|pubca:heuristic_only,0,neutral|reporter
BCCA_2008-2016,BCCA_2014bcca39,XC-G033530,ours_only_origin_ca|pubca:supported,0,reporter
BCCA_2008-2016,BCCA_2014bcca39,XC-G037529,ours_only_origin_ca|pubca:supported,0,reporter
BCCA_2008-2016,BCCA_2014bcca39,XC-G038108,ours_only_origin_undetermined|pubca:supported,0,neutral
BCCA_2008-2016,BCCA_2014bcca39,XC-G062335,ours_only_origin_undetermined|pubca:supported,0,reporter
BCCA_2008-2016,BCCA_2014bcca39,XC-G062518,ours_only_origin_ca|pubca:supported,0,reporter
BCCA_2008-2016,BCCA_2014bcca39,XC-G062599,ours_only_origin_ca|pubca:supported,0,reporter
BCCA_2008-2016,BCCA_2014bcca39,XC-G064403,ours_only_origin_undetermined|pubca:supported,0,reporter
BCCA_2008-2016,BCCA_2014bcca39,XC-G064550,ours_only_origin_undetermined|pubca:supported,0,reporter
BCCA_2008-2016,BCCA_2014bcca39,XC-G070530,ours_only_origin_undetermined|pubforeign:supported,0,reporter
BCCA_2008-2016,BCCA_2014bcca39,XC-G071083,ours_only_origin_undetermined|pubforeign:supported,0,reporter
BCCA_2008-2016,BCCA_2009bcca116,2007bcsc699,both_strong,1,AG (Canada) for USA v. Loewen <-> 
BCCA_2008-2016,BCCA_2009bcca116,2006scc33,both_strong,2,United States of America v. Ferras; United States of America v. Latty <-> united states of america v ferras / united states of america v latty
BCCA_2008-2016,BCCA_2009bcca116,2007bcca345,both_strong,1,United States of America v. Graham <-> united states of america v graham
BCCA_2008-2016,BCCA_2009bcca116,2008bcca55,both_strong,1,United States of America v. Walker <-> united states of america v walker
BCCA_2008-2016,BCCA_2009bcca116,XC-G033382,ours_only_origin_undetermined|pubca:supported,0,reporter
BCCA_2008-2016,BCCA_2009bcca116,XC-G061739,ours_only_origin_ca|pubca:supported,0,reporter
BCCA_2008-2016,BCCA_2010bcca531,2008abca27,both_strong,1,Andriet v. County of Strathcona No. 20 <-> andriet v alberta
BCCA_2008-2016,BCCA_2010bcca531,1974canlii143,Q_first_word_only,0,
BCCA_2008-2016,BCCA_2010bcca531,2002scc42,both_strong,1,Bell ExpressVu Limited Partnership v. Rex <-> bell expressvu limited partnership v rex
BCCA_2008-2016,BCCA_2010bcca531,2009bcsc1198,both_strong,1,Bryan’s Transfer Ltd. v. Trail (City) <-> bryan s transfer ltd v trail city
BCCA_2008-2016,BCCA_2010bcca531,1954canlii58,both_strong,1,C.P.R. v. Turta <-> c p r v turta
BCCA_2008-2016,BCCA_2010bcca531,1960canlii46,both_strong,1,Canadian Exploration Limited v. Rotter <-> 
BCCA_2008-2016,BCCA_2010bcca531,1972canlii962,both_loose,1,Chuckry v. Manitoba <-> chuckry v r
BCCA_2008-2016,BCCA_2010bcca531,1973canlii134,both_strong,1,Chuckry v. R. <-> chuckry v r
BCCA_2008-2016,BCCA_2010bcca531,1929canlii38,both_strong,1,Clarke v. Canada (Attorney-General) <-> clarke v canada attorney general
BCCA_2008-2016,BCCA_2010bcca531,1998canlii844,both_strong,1,Giffen (Re) <-> 
BCCA_2008-2016,BCCA_2010bcca531,1956canlii2,both_strong,1,Goodyear Tire & Rubber Co. of Canada Ltd. et al. v. T. Eaton Co. Ltd. et al. <-> goodyear tire and rubber co of canada v t eaton co
BCCA_2008-2016,BCCA_2010bcca531,2003bcca523,both_strong,1,McLeay v. Kelowna (City) <-> mcleay v kelowna city
BCCA_2008-2016,BCCA_2010bcca531,2003scc42,both_strong,2,"Parry Sound (District) Social Services Administration Board v. O.P.S.E.U., Local 324 <-> parry sound district social services administration board v o p s e u local 324 / parry sound district social services administration board v ontario public services employees union"
BCCA_2008-2016,BCCA_2010bcca531,1992canlii88,both_strong,1,R. v. T. (V.) <-> r v t v
BCCA_2008-2016,BCCA_2010bcca531,1998canlii837,both_strong,1,Rizzo & Rizzo Shoes Ltd. (Re) <-> rizzo and rizzo shoes ltd re
BCCA_2008-2016,BCCA_2010bcca531,1989canlii92,both_strong,1,Slaight Communications Inc. v. Davidson <-> slaight communications inc v davidson
BCCA_2008-2016,BCCA_2010bcca531,XC-G003364,ours_only_origin_undetermined|pubforeign:supported,0,reporter
BCCA_2008-2016,BCCA_2010bcca531,XC-G005334,ours_only_origin_undetermined|pubca:supported,0,reporter
BCCA_2008-2016,BCCA_2010bcca531,XC-G005742,ours_only_origin_ca|pubca:supported,0,reporter
BCCA_2008-2016,BCCA_2010bcca531,XC-G062939,ours_only_origin_ca|pubca:supported,0,reporter
BCCA_2008-2016,BCCA_2010bcca531,XC-G064821,ours_only_origin_ca|pubca:supported,0,reporter
BCCA_2008-2016,BCCA_2010bcca531,XC-G070162,ours_only_origin_ca|pubca:supported,0,reporter
BCCA_2008-2016,BCCA_2014bcca370,2014onca614,both_strong,1,R. v. Bui <-> r v bui
BCCA_2008-2016,BCCA_2014bcca370,2009scc4,both_strong,1,R. v. Khela <-> r v khela
BCCA_2008-2016,BCCA_2014bcca370,2011bcpc21,both_strong,1,R. v. Lee and Pang <-> r v lee and pang
BCCA_2008-2016,BCCA_2014bcca370,2012bcpc361,both_strong,1,R. v. Pryce and Defaveri <-> dated august 30 2012 r v pryce and defaveri
BCCA_2008-2016,BCCA_2014bcca370,XC-G002735,ours_only_origin_undetermined|pubforeign:supported,0,reporter
BCCA_2008-2016,BCCA_2014bcca370,XC-G037985,ours_only_origin_undetermined|pubca:supported,0,neutral
BCCA_2008-2016,BCCA_2014bcca28,2013bcsc976,both_strong,1,Leung v. Chang <-> leung v chang
BCCA_2008-2016,BCCA_2009bcca539,2008bcsc1550,both_strong,1,Maddess v. Racz <-> maddess v racz
BCCA_2008-2016,BCCA_2009bcca539,1995canlii105,both_strong,1,Vout v. Hay <-> vout v hay
BCCA_2008-2016,BCCA_2016bcca319,2001bcca632,both_strong,1,International Forest Products Ltd. v. Kern <-> international forest products ltd v wolfe
BCCA_2008-2016,BCCA_2016bcca319,2008bcca518,both_strong,1,"Lin v. British Columbia (Adult Forensic Psychiatric Services), <-> lin v british columbia adult forensic psychiatric services"
BCCA_2008-2016,BCCA_2016bcca319,2001bcca477,both_strong,1,R. v. Barton <-> r v barton and federici
BCCA_2008-2016,BCCA_2016bcca319,2006bcca476,both_strong,1,R. v. Butler <-> r v butler
BCCA_2008-2016,BCCA_2016bcca319,2001bcca138,both_strong,1,R. v. Chan <-> r v chan
BCCA_2008-2016,BCCA_2016bcca319,2008bcca316,both_strong,1,R. v. Donald <-> r v donald
BCCA_2008-2016,BCCA_2016bcca319,2012bcca51,both_strong,1,R. v. Hoskins <-> r v hoskins
BCCA_2008-2016,BCCA_2016bcca319,2013bcca37,both_strong,1,R. v. Rothgordt <-> r v rothgordt
BCCA_2008-2016,BCCA_2016bcca319,2014bcsc1215,both_strong,1,R. v. Rothgordt <-> june 30 2014 r v rothgordt
BCCA_2008-2016,BCCA_2016bcca319,2015bcsc1737,both_strong,1,R. v. Rothgordt <-> 
BCCA_2008-2016,BCCA_2016bcca319,2012bcca463,both_strong,1,R. v. Silcoff <-> r v silcoff
BCCA_2008-2016,BCCA_2016bcca319,XC-G062349,ours_only_origin_undetermined|pubca:supported,0,reporter
BCCA_2008-2016,BCCA_2016bcca319,XC-G064040,ours_only_origin_undetermined|pubca:supported,0,reporter
BCCA_2008-2016,BCCA_2016bcca319,XC-G070773,ours_only_origin_undetermined|pubca:supported,0,reporter
BCCA_2008-2016,BCCA_2016bcca491,2009bcca177,both_strong,1,Chutter v. Chutter <-> chutter v chutter
BCCA_2008-2016,BCCA_2016bcca491,2005bcca111,both_strong,1,Doman Forest Products Ltd. v. GMAC Commercial Credit Corp. - Canada <-> doman forest products ltd v gmac commercial credit corp
BCCA_2008-2016,BCCA_2016bcca491,2004bcca642,both_strong,1,Johnson v. Laing <-> johnson v laing
BCCA_2008-2016,BCCA_2016bcca491,1993canlii6861,both_weak,1,Mayer v. Mayer Estate <-> mayer v mayer estate
BCCA_2008-2016,BCCA_2016bcca491,2006bcca199,both_strong,1,McVea (Guardian ad litem of) v. British Columbia (Attorney General) <-> and mcvea guardian ad litem of v british columbia attorney general
BCCA_2008-2016,BCCA_2016bcca491,1989canlii2760,both_weak,1,Menzies v. Harlos <-> menzies v harlos
BCCA_2008-2016,BCCA_2016bcca491,1983canlii308,both_weak,1,R. v. Blaker <-> r v blaker
BCCA_2008-2016,BCCA_2016bcca491,1997canlii418,Q_not_found,0,
BCCA_2008-2016,BCCA_2016bcca491,2000bcca550,both_strong,1,R. v. Garcha <-> r v garcha
BCCA_2008-2016,BCCA_2016bcca491,2003ykca4,both_strong,1,R. v. Hummel <-> r v hummel
BCCA_2008-2016,BCCA_2016bcca491,2016bcca371,both_strong,1,"The Owners, Strata Plan LMS 3851 v. Homer Street Development  Limited Partnership <-> strata plan lms 3851 v homer street development limited partnership"
BCCA_2008-2016,BCCA_2016bcca491,XC-G016869,ours_only_origin_undetermined|pubforeign:supported,0,reporter
BCCA_2008-2016,BCCA_2016bcca491,XC-G017834,ours_only_origin_undetermined|pubca:heuristic_only,0,reporter
BCCA_2008-2016,BCCA_2016bcca491,XC-G057877,ours_only_origin_undetermined|pubca:supported,0,reporter
BCCA_2008-2016,BCCA_2016bcca491,XC-G059099,ours_only_origin_ca|pubca:supported,0,reporter
BCCA_2008-2016,BCCA_2016bcca491,XC-G062089,ours_only_origin_ca|pubca:supported,0,reporter
BCCA_2008-2016,BCCA_2016bcca491,XC-G065132,ours_only_origin_undetermined|pubca:supported,0,reporter
BCCA_2008-2016,BCCA_2016bcca491,XC-G067192,ours_only_origin_undetermined|pubca:supported,0,reporter
BCCA_2008-2016,BCCA_2016bcca491,XC-G069725,ours_only_origin_undetermined|pubca:supported,0,reporter
BCCA_2008-2016,BCCA_2016bcca491,XC-G069998,ours_only_origin_undetermined|pubca:supported,0,reporter
BCCA_2008-2016,BCCA_2012bcca498,2005bcca625,both_strong,1,R. v. A.D.P. <-> r v poole
BCCA_2008-2016,BCCA_2012bcca498,2001bcca215,both_strong,1,R. v. Bezdan <-> r v bezdan
BCCA_2008-2016,BCCA_2012bcca498,1999bcca278,both_strong,1,R. v.  Brogan <-> r v brogan
BCCA_2008-2016,BCCA_2012bcca498,2006bcca350,both_strong,1,R. v. D.F.B. <-> r v bush
BCCA_2008-2016,BCCA_2012bcca498,2006bcca127,both_strong,1,R. v. Gill <-> r v gill
BCCA_2008-2016,BCCA_2012bcca498,1993canlii1430,both_weak,1,R. v. Kennedy <-> r v kennedy
BCCA_2008-2016,BCCA_2012bcca498,2009bcca146,both_strong,1,R. v. Kory <-> r v kory
BCCA_2008-2016,BCCA_2012bcca498,2009bcca85,both_strong,1,R. v. Li <-> r v li
BCCA_2008-2016,BCCA_2012bcca498,2001bcca614,both_strong,1,R. v. Longtin <-> r v longtin
BCCA_2008-2016,BCCA_2012bcca498,1996canlii230,both_strong,1,R. v. M. (C.A.) <-> r v m c a
BCCA_2008-2016,BCCA_2012bcca498,2006bcca535,both_strong,1,R. v. MacDonald <-> r v macdonald
BCCA_2008-2016,BCCA_2012bcca498,2005bcca495,both_strong,1,R. v. Maliki <-> r v maliki
BCCA_2008-2016,BCCA_2012bcca498,2008bcca227,both_strong,1,R. v. McCrea <-> r v mccrea
BCCA_2008-2016,BCCA_2012bcca498,2010scc6,both_strong,1,R. v. Nasogaluak <-> r v nasogaluak
BCCA_2008-2016,BCCA_2012bcca498,2012bcsc320,both_strong,1,R. v. Nilsson <-> r v nilsson
BCCA_2008-2016,BCCA_2012bcca498,2011bcca9,both_strong,1,R. v. Potts <-> r v potts
BCCA_2008-2016,BCCA_2012bcca498,2010bcca365,both_strong,1,R. v. Punko <-> r v punko
BCCA_2008-2016,BCCA_2012bcca498,1993canlii2561,Q_first_word_only,0,
BCCA_2008-2016,BCCA_2012bcca498,2006bcca153,both_strong,1,R. v. Ward <-> r v ward
BCCA_2008-2016,BCCA_2012bcca498,2005bcca404,both_strong,1,R. v. Willier <-> r v l d w
BCCA_2008-2016,BCCA_2012bcca498,XC-G014377,ours_only_origin_undetermined|pubca:supported,0,reporter
BCCA_2008-2016,BCCA_2012bcca498,XC-G057082,ours_only_origin_undetermined|pubca:supported,0,reporter
BCCA_2008-2016,BCCA_2012bcca498,XC-G058342,ours_only_origin_undetermined|pubca:supported,0,reporter
BCCA_2008-2016,BCCA_2012bcca498,XC-G058467,ours_only_origin_undetermined|pubca:supported,0,reporter
BCCA_2008-2016,BCCA_2012bcca498,XC-G060818,ours_only_origin_ca|pubca:supported,0,reporter
BCCA_2008-2016,BCCA_2012bcca498,XC-G060926,ours_only_origin_ca|pubca:supported,0,reporter
BCCA_2008-2016,BCCA_2012bcca498,XC-G061192,ours_only_origin_undetermined|pubca:supported,0,reporter
BCCA_2008-2016,BCCA_2012bcca498,XC-G061269,ours_only_origin_undetermined|pubca:supported,0,reporter
BCCA_2008-2016,BCCA_2012bcca498,XC-G061462,ours_only_origin_undetermined|pubca:supported,0,reporter
BCCA_2008-2016,BCCA_2012bcca498,XC-G061547,ours_only_origin_undetermined|pubca:supported,0,reporter
BCCA_2008-2016,BCCA_2012bcca498,XC-G061718,ours_only_origin_undetermined|pubca:supported,0,reporter
BCCA_2008-2016,BCCA_2012bcca498,XC-G062323,ours_only_origin_undetermined|pubca:supported,0,reporter
BCCA_2008-2016,BCCA_2012bcca498,XC-G062593,ours_only_origin_undetermined|pubca:supported,0,reporter
BCCA_2008-2016,BCCA_2012bcca498,XC-G062603,ours_only_origin_undetermined|pubca:supported,0,reporter
BCCA_2008-2016,BCCA_2012bcca498,XC-G063224,ours_only_origin_undetermined|pubca:supported,0,reporter
BCCA_2008-2016,BCCA_2012bcca498,XC-G063308,ours_only_origin_undetermined|pubca:supported,0,reporter
BCCA_2008-2016,BCCA_2012bcca27,1968canlii688,Q_first_word_only,0,
BCCA_2008-2016,BCCA_2012bcca27,2009bcsc1151,both_strong,1,J.F.C. v. Ladolcetta <-> j f c v ladolcetta
BCCA_2008-2016,BCCA_2012bcca27,1985canlii62,both_strong,1,Janiak v. Ippolito <-> janiak v ippolito
BCCA_2008-2016,BCCA_2012bcca27,1994canlii80,both_strong,1,R. v. Mohan <-> r v mohan
BCCA_2008-2016,BCCA_2012bcca27,1999canlii645,both_strong,1,R. v. Terceira <-> 
BCCA_2008-2016,BCCA_2012bcca27,1998canlii2174,Q_first_word_only,0,
BCCA_2008-2016,BCCA_2012bcca27,2007bcsc231,both_strong,1,Taylor v. Liong <-> 
BCCA_2008-2016,BCCA_2012bcca27,XC-G004807,ours_only_origin_ca|pubca:supported,0,reporter
BCCA_2008-2016,BCCA_2012bcca27,XC-G013803,ours_only_origin_undetermined|pubforeign:supported,0,reporter
BCCA_2008-2016,BCCA_2012bcca27,XC-G019099,ours_only_origin_ca|pubca:supported,0,reporter
BCCA_2008-2016,BCCA_2012bcca27,XC-G032109,ours_only_origin_undetermined|pubca:supported,0,reporter
BCCA_2008-2016,BCCA_2012bcca27,XC-G057017,ours_only_origin_undetermined|pubca:supported,0,reporter
BCCA_2008-2016,BCCA_2012bcca27,XC-G058906,ours_only_origin_ca|pubca:supported,0,reporter
BCCA_2008-2016,BCCA_2012bcca27,XC-G067051,ours_only_origin_undetermined|pubforeign:supported,0,reporter
BCCA_2008-2016,BCCA_2012bcca522,2008bcca25,both_strong,1,Italy v. Seifert <-> italy v seifert
BCCA_2008-2016,BCCA_2012bcca522,2005abca96,both_strong,1,R. v. A.W.C. <-> 
BCCA_2008-2016,BCCA_2012bcca522,1997canlii3670,both_weak,1,R. v. Daniels <-> r v daniels
BCCA_2008-2016,BCCA_2012bcca522,1993canlii3385,both_weak,1,R. v. Farinacci <-> r v farinacci
BCCA_2008-2016,BCCA_2012bcca522,2012bcca370,both_strong,1,R. v. Gingras <-> r v gingras
BCCA_2008-2016,BCCA_2012bcca522,2012bcca467,both_strong,1,R. v. Gingras <-> r v porisky
BCCA_2008-2016,BCCA_2012bcca522,2001bcca508,both_strong,1,R. v. Mapara <-> r v mapara
BCCA_2008-2016,BCCA_2012bcca522,2006bcca290,both_strong,1,R. v. Wilder <-> r v wilder
BCCA_2008-2016,BCCA_2012bcca522,XC-G011869,ours_only_origin_undetermined|pubca:supported,0,reporter
BCCA_2008-2016,BCCA_2012bcca522,XC-G056768,ours_only_origin_undetermined|pubnone:supported,0,reporter
BCCA_2008-2016,BCCA_2012bcca522,XC-G057573,ours_only_origin_ca|pubca:supported,0,reporter
BCCA_2008-2016,BCCA_2012bcca522,XC-G061506,ours_only_origin_undetermined|pubca:supported,0,reporter
BCCA_2008-2016,BCCA_2012bcca522,XC-G062243,ours_only_origin_undetermined|pubca:supported,0,reporter
BCCA_2008-2016,BCCA_2012bcca522,XC-G068683,ours_only_origin_undetermined|pubca:supported,0,reporter
BCCA_2008-2016,BCCA_2008bcca105,2007bcsc288,both_strong,1,McIlvenna v. Viebig <-> 
BCCA_2008-2016,BCCA_2008bcca105,1997canlii3740,Q_first_word_only,0,
BCCA_2008-2016,BCCA_2008bcca105,1960canlii297,both_weak,1,Scheving v. Scott <-> scheving v scott
BCCA_2008-2016,BCCA_2008bcca105,1935canlii20,both_loose,1,Swartz Bros. Ltd. v. Wills <-> swartz bros v wills
BCCA_2008-2016,BCCA_2008bcca105,1952canlii328,both_loose,1,Walker v. Brownlee and Harmon <-> walker v brownlee
BCCA_2008-2016,BCCA_2008bcca105,XC-G003983,ours_only_origin_undetermined|pubca:supported,0,reporter
BCCA_2008-2016,BCCA_2008bcca105,XC-G017806,ours_only_origin_undetermined|pubca:supported,0,reporter
BCCA_2008-2016,BCCA_2016bcca150,2015bcca521,both_strong,1,Sullivan v. Struck <-> s 147 4 and 5 of the family law act and sullivan v struck
BCCA_2008-2016,BCCA_2016bcca166,2015bcsc1357,both_strong,1,Martin v. British Columbia (Superintendent of Motor Vehicles) <-> july 31 2015 martin v british columbia superintendent of motor vehicles
BCCA_2008-2016,BCCA_2010bcca268,2001bcsc1891,both_strong,1,HMTQ v. Lising and Pires <-> 
BCCA_2008-2016,BCCA_2010bcca268,2005bcca346,both_strong,1,R. v. Chinneck <-> r v chinneck
BCCA_2008-2016,BCCA_2010bcca268,1996canlii230,both_strong,1,R. v. M. (C.A.) <-> r v m c a
BCCA_2008-2016,BCCA_2010bcca268,1997canlii389,both_strong,1,R. v. McDonnell <-> r v mcdonnell
BCCA_2008-2016,BCCA_2010bcca268,2008bcca28,both_strong,1,R. v. Newson <-> r v sandher
BCCA_2008-2016,BCCA_2010bcca268,2002bcca560,both_strong,1,R. v. Pham <-> see for example r v pham
BCCA_2008-2016,BCCA_2010bcca268,2010bcsc320,both_strong,1,R. v. Punko <-> r v punko
BCCA_2008-2016,BCCA_2010bcca268,2006bcsc915,both_strong,1,R. v. Terezakis <-> r v terezakis
BCCA_2008-2016,BCCA_2010bcca268,2006bcca308,both_strong,1,Regina v. Camara <-> regina v camara
BCCA_2008-2016,BCCA_2010bcca268,XC-G017251,ours_only_origin_undetermined|pubca:heuristic_only,0,reporter
BCCA_2008-2016,BCCA_2010bcca268,XC-G017297,ours_only_origin_undetermined|pubca:supported,0,reporter
BCCA_2008-2016,BCCA_2010bcca268,XC-G024695,ours_only_origin_undetermined|pubca:heuristic_only,0,reporter
BCCA_2008-2016,BCCA_2010bcca493,1964canlii43,both_strong,1,McMartin v. The Queen <-> mcmartin v the queen
BCCA_2008-2016,BCCA_2010bcca493,1979canlii8,both_strong,1,Palmer v. The Queen <-> palmer v the queen
BCCA_2008-2016,BCCA_2010bcca493,1998canlii5634,both_weak,1,R. v. Alfred <-> r v alfred
BCCA_2008-2016,BCCA_2010bcca493,2000bcca345,both_strong,1,R. v. Bremner <-> r v bremner
BCCA_2008-2016,BCCA_2010bcca493,2002canlii4807,both_weak,1,R. v. Cromien <-> r v cromien
BCCA_2008-2016,BCCA_2010bcca493,1999canlii3777,both_weak,1,"R. v. D., P. <-> r v d p"
BCCA_2008-2016,BCCA_2010bcca493,1999bcca526,both_strong,1,R. v. D. E. H. <-> r v herman date 19990913
BCCA_2008-2016,BCCA_2010bcca493,2000bcca472,both_strong,1,R. v. D.E.R. <-> r v d e r
BCCA_2008-2016,BCCA_2010bcca493,2004canlii4771,both_weak,1,R. v. G. C. F. <-> r v g c f
BCCA_2008-2016,BCCA_2010bcca493,2001bcca236,both_strong,1,R. v. G.E.B. <-> and r v g e b
BCCA_2008-2016,BCCA_2010bcca493,2005yksc52,both_strong,1,R. v. H.A. <-> r v h a
BCCA_2008-2016,BCCA_2010bcca493,2001bcca474,both_strong,1,R. v. J.(F.L.) <-> r v f l j
BCCA_2008-2016,BCCA_2010bcca493,2001bcca302,both_strong,1,R. v. Kovacevic <-> r v k k
BCCA_2008-2016,BCCA_2010bcca493,2000scc6,both_strong,1,R. v. L.F.W. <-> r v l f w
BCCA_2008-2016,BCCA_2010bcca493,1999bcca476,both_strong,1,R. v.  L.H.S. <-> r v l h s
BCCA_2008-2016,BCCA_2010bcca493,2009bcca287,both_strong,1,R. v. O.M. <-> r v o m
BCCA_2008-2016,BCCA_2010bcca493,1997canlii14501,Q_not_found,0,
BCCA_2008-2016,BCCA_2010bcca493,2010bcca304,both_strong,1,R. v. R.A.J. <-> r v r a j
BCCA_2008-2016,BCCA_2010bcca493,2005bcsc698,both_strong,1,R. v. R.E.M. <-> 
BCCA_2008-2016,BCCA_2010bcca493,1999canlii2293,both_weak,1,R. v. Roy <-> r v roy
BCCA_2008-2016,BCCA_2010bcca493,2009bcca367,both_strong,1,R. v. Safaee <-> r v safaee
BCCA_2008-2016,BCCA_2010bcca493,1995canlii47,C1_not_extracted,0,[#] # SCR #
BCCA_2008-2016,BCCA_2010bcca493,1998canlii7143,both_weak,1,R. v. Stuckless <-> r v stuckless
BCCA_2008-2016,BCCA_2010bcca493,XC-G016105,ours_only_origin_undetermined|pubca:heuristic_only,0,reporter
BCCA_2008-2016,BCCA_2010bcca493,XC-G017084,ours_only_origin_undetermined|pubca:heuristic_only,0,reporter
BCCA_2008-2016,BCCA_2010bcca493,XC-G018235,ours_only_origin_undetermined|pubca:heuristic_only,0,reporter
BCCA_2008-2016,BCCA_2010bcca493,XC-G057355,ours_only_origin_undetermined|pubca:supported,0,reporter
BCCA_2008-2016,BCCA_2010bcca493,XC-G057363,ours_only_origin_undetermined|pubca:supported,0,reporter
BCCA_2008-2016,BCCA_2010bcca493,XC-G057811,ours_only_origin_undetermined|pubca:supported,0,reporter
BCCA_2008-2016,BCCA_2010bcca493,XC-G058348,ours_only_origin_undetermined|pubca:supported,0,reporter
BCCA_2008-2016,BCCA_2010bcca493,XC-G058375,ours_only_origin_undetermined|pubca:supported,0,reporter
BCCA_2008-2016,BCCA_2016bcca326,2015scc31,both_strong,2,Canada (Attorney General) v. Barnaby <-> canada attorney general v barnaby
BCCA_2008-2016,BCCA_2016bcca326,1997canlii322,both_strong,1,Canada (Minister of Citizenship and Immigration) v. Tobiass <-> canada minister of citizenship and immigration v tobiass
BCCA_2008-2016,BCCA_2016bcca326,2008scc23,both_strong,1,Lake v. Canada (Minister of Justice) <-> lake v canada minister of justice
BCCA_2008-2016,BCCA_2016bcca326,2015scc62,both_strong,1,M.M. v. United States of America <-> m m v united states of america
BCCA_2008-2016,BCCA_2016bcca326,1992canlii48,both_strong,1,McVey (Re); McVey v. United States of America <-> mcvey v united states of america
BCCA_2008-2016,BCCA_2016bcca326,2010scc56,both_strong,1,Németh v. Canada (Justice) <-> n meth v canada justice
BCCA_2008-2016,BCCA_2016bcca326,2014scc16,both_strong,1,R. v. Babos <-> r v babos
BCCA_2008-2016,BCCA_2016bcca326,1995canlii51,both_strong,1,R. v. O'Connor <-> r v o connor
BCCA_2008-2016,BCCA_2016bcca326,2002scc12,both_strong,1,R. v. Regan <-> r v regan
BCCA_2008-2016,BCCA_2016bcca326,2002scc1,both_strong,1,Suresh v. Canada (Minister of Citizenship and Immigration) <-> suresh v canada minister of citizenship and immigration
BCCA_2008-2016,BCCA_2016bcca326,2010bcca480,both_strong,1,U.S.A. v. Pal <-> u s a v pal
BCCA_2008-2016,BCCA_2016bcca326,2002bcsc124,both_strong,1,U.S.A. v. Wilson <-> u s a v wilson
BCCA_2008-2016,BCCA_2016bcca326,2003bcsc1134,both_strong,1,United Kingdom v. Tarantino <-> united kingdom v tarantino
BCCA_2008-2016,BCCA_2016bcca326,2001scc19,both_strong,1,United States of America v. Cobb <-> united states of america v cobb
BCCA_2008-2016,BCCA_2016bcca326,2006scc33,both_strong,2,United States of America v. Ferras; United States of America v. Latty <-> united states of america v ferras / united states of america v latty
BCCA_2008-2016,BCCA_2016bcca326,2011onca358,both_strong,1,United States of America v. Khadr <-> united states of america v khadr
BCCA_2008-2016,BCCA_2016bcca326,2009bcsc1930,both_strong,1,United States of America v. Pal <-> 
BCCA_2008-2016,BCCA_2016bcca326,2007onca786,both_strong,1,United States of America v. Pannell <-> united states of america v pannell
BCCA_2008-2016,BCCA_2016bcca326,2001scc21,both_strong,1,United States of America v. Shulman <-> united states of america v shulman
BCCA_2008-2016,BCCA_2016bcca326,2005bcca440,both_strong,1,United States of America v. Taylor <-> united states of america v taylor
BCCA_2008-2016,BCCA_2016bcca326,2014bcca464,both_strong,1,United States of America v. Thornett <-> united states of america v thornett
BCCA_2008-2016,BCCA_2016bcca326,2012bcsc1655,both_strong,1,United States of America v. Toren <-> 
BCCA_2008-2016,BCCA_2016bcca326,2010bcca85,both_strong,1,United States of America v. Wilson <-> united states of america v wilson
BCCA_2008-2016,BCCA_2016bcca326,2013bcsc2423,both_strong,1,United States of America v. Wilson <-> an order of the supreme court of british columbia dated november 8 2013 united states of america v wilson
BCCA_2008-2016,BCCA_2016bcca326,1987canlii50,both_strong,1,United States v. Allard <-> united states v allard
BCCA_2008-2016,BCCA_2016bcca326,2009bcca120,both_strong,1,United States v. Costanzo <-> united states v costanzo
BCCA_2008-2016,BCCA_2016bcca326,2011bcca514,both_strong,1,United States v. Wilson <-> united states v wilson
BCCA_2008-2016,BCCA_2016bcca326,2009bcsc1927,both_strong,1,United States v. Wilson <-> united states v wilson
BCCA_2008-2016,BCCA_2016bcca326,XC-G031875,ours_only_origin_undetermined|pubca:heuristic_only,0,reporter
BCCA_2008-2016,BCCA_2016bcca326,XC-G034916,ours_only_origin_ca|pubca:supported,0,reporter
BCCA_2008-2016,BCCA_2016bcca326,XC-G037527,ours_only_origin_ca|pubca:supported,0,reporter
BCCA_2008-2016,BCCA_2016bcca326,XC-G059144,ours_only_origin_undetermined|pubca:supported,0,reporter
BCCA_2008-2016,BCCA_2016bcca326,XC-G061509,ours_only_origin_ca|pubca:supported,0,reporter
BCCA_2008-2016,BCCA_2016bcca326,XC-G061989,ours_only_origin_ca|pubca:supported,0,reporter
BCCA_2008-2016,BCCA_2016bcca326,XC-G062271,ours_only_origin_ca|pubca:supported,0,reporter
BCCA_2008-2016,BCCA_2016bcca326,XC-G062798,ours_only_origin_ca|pubca:supported,0,reporter
BCCA_2008-2016,BCCA_2016bcca326,XC-G062999,ours_only_origin_ca|pubca:supported,0,reporter
BCCA_2008-2016,BCCA_2016bcca326,XC-G063741,ours_only_origin_undetermined|pubca:supported,0,reporter
BCCA_2008-2016,BCCA_2016bcca326,XC-G064886,ours_only_origin_undetermined|pubca:supported,0,reporter
BCCA_2008-2016,BCCA_2010bcca326,2007bcca285,both_strong,1,Creative Salmon Company Ltd. v. Staniford <-> creative salmon company ltd v staniford
BCCA_2008-2016,BCCA_2010bcca326,2003bcca443,both_strong,1,Edwards v. Moran <-> edwards v moran
BCCA_2008-2016,BCCA_2010bcca326,2000bcca672,both_strong,1,Haldorson v. Coquitlam (City) <-> haldorson v coquitlam city
BCCA_2008-2016,BCCA_2010bcca326,XC-G058068,ours_only_origin_undetermined|pubca:supported,0,reporter
BCCA_2008-2016,BCCA_2010bcca326,XC-G061968,ours_only_origin_undetermined|pubca:supported,0,reporter
BCCA_2008-2016,BCCA_2008bcca368,2007bcsc1087,both_strong,1,Sechelt (District) v. Cutlan <-> 
BCCA_2008-2016,BCCA_2012bcca195,2012bcca86,both_strong,1,Dhaliwal v. Ollek <-> dhaliwal v olleck
BCCA_2008-2016,BCCA_2012bcca195,2011bcca406,both_strong,1,Kirk v. Dawe <-> kirk v dawe
BCCA_2008-2016,BCCA_2012bcca195,2011bcsc192,both_strong,1,Ng v. Ng <-> ng v ng
BCCA_2008-2016,BCCA_2012bcca195,2011bcsc791,both_strong,1,Ng v. Ng <-> ng v ng
BCCA_2008-2016,BCCA_2012bcca195,2007scc17,both_strong,1,Pecore v. Pecore <-> pecore v pecore
BCCA_2008-2016,BCCA_2012bcca195,2006bcca162,both_strong,1,Skender v. Skender <-> skender v skender
BCCA_2008-2016,BCCA_2016bcca85,1994canlii2621,Q_first_word_only,0,
BCCA_2008-2016,BCCA_2016bcca85,2006scc4,Q_first_word_only,0,
BCCA_2008-2016,BCCA_2016bcca85,2014bcsc1853,both_strong,1,B.C. College of Optics Inc. v. The College of Opticians of B.C. <-> 
BCCA_2008-2016,BCCA_2016bcca85,2009bcsc1226,both_strong,1,BC College of Optics Inc. v. Private Career Training Institutions <-> 
BCCA_2008-2016,BCCA_2016bcca85,1972canlii11,both_strong,1,Brant Dairy Co. v. Milk Commission of Ontario <-> 
BCCA_2008-2016,BCCA_2016bcca85,2010onsc4903,both_strong,1,Fawcett v. CCEB <-> fawcett v canadian chiropractic examining board
BCCA_2008-2016,BCCA_2016bcca85,1999bcca470,both_strong,1,Halfway  River First Nation v. British Columbia (Ministry of Forests) <-> halfway river first nation v british columbia ministry of forests
BCCA_2008-2016,BCCA_2016bcca85,2010bcca129,both_strong,1,Joshi v. British Columbia Veterinary Medical Association <-> joshi v british columbia veterinary medical association
BCCA_2008-2016,BCCA_2016bcca85,1982canlii24,both_strong,1,Maple Lodge Farms v. Government of Canada <-> maple lodge farms ltd v canada
BCCA_2008-2016,BCCA_2016bcca85,2008bcca130,both_strong,1,Pugliese v. Clark <-> pugliese v clark
BCCA_2008-2016,BCCA_2016bcca85,1995canlii124,both_strong,1,R. v. McIntosh <-> r v mcintosh
BCCA_2008-2016,BCCA_2016bcca85,2007bcsc1403,both_strong,1,Tchou-San-Da v. Association of Professional Engineers <-> 
BCCA_2008-2016,BCCA_2016bcca85,XC-G014818,ours_only_origin_ca|pubca:supported,0,reporter
BCCA_2008-2016,BCCA_2016bcca85,XC-G018827,ours_only_origin_undetermined|pubca:supported,0,reporter
BCCA_2008-2016,BCCA_2016bcca85,XC-G020102,ours_only_origin_undetermined|pubnone:supported,0,reporter
BCCA_2017-2026,BCCA_2020bcca136,2018bcca242,both_strong,1,Insurance Corporation of British Columbia v. Mehat <-> insurance corporation of british columbia v mehat
BCCA_2017-2026,BCCA_2020bcca136,2017onca180,both_strong,1,PP v. DD <-> p p v d d
BCCA_2017-2026,BCCA_2020bcca136,2001scc54,both_strong,1,R. v. Arcuri <-> r v arcuri
BCCA_2017-2026,BCCA_2020bcca136,2019scc33,both_strong,1,R. v. Barton <-> r v barton
BCCA_2017-2026,BCCA_2020bcca136,1998canlii796,both_strong,1,R. v. Cuerrier <-> r v cuerrier
BCCA_2017-2026,BCCA_2020bcca136,1999canlii711,both_strong,1,R. v. Ewanchuk <-> r v ewanchuk
BCCA_2017-2026,BCCA_2020bcca136,2014scc19,both_strong,2,R. v. Hutchinson <-> r v hutchinson
BCCA_2017-2026,BCCA_2020bcca136,2013nsca1,both_strong,1,R. v. Hutchinson <-> 
BCCA_2017-2026,BCCA_2020bcca136,2012scc47,both_strong,1,R. v. Mabior <-> r v mabior
BCCA_2017-2026,BCCA_2020bcca136,1987canlii16,both_strong,1,R. v. Monteleone <-> r v monteleone
BCCA_2017-2026,BCCA_2020bcca136,1976canlii8,both_strong,1,United States of America v. Shephard <-> united states of america v shephard
BCCA_2017-2026,BCCA_2023bcca113,2018qccs3413,both_strong,1,Attorney General of Canada (United States of America) c. Prince <-> 
BCCA_2017-2026,BCCA_2023bcca113,1991canlii11763,both_strong,1,Bembenek v. Canada (Minister of Employment and Immigration) <-> 
BCCA_2017-2026,BCCA_2023bcca113,2013scc72,both_strong,1,Canada (Attorney General) v. Bedford <-> canada attorney general v bedford
BCCA_2017-2026,BCCA_2023bcca113,2009scc46,both_strong,1,Canada (Justice) v. Fischbacher <-> canada justice v fischbacher
BCCA_2017-2026,BCCA_2023bcca113,2002canlii41595,both_loose,3,Canada (Minister of Justice) v. Pacificador <-> froom v canada minister of justice / pacificador v canada minister of justice / suresh v canada minister of citizenship and immigration
BCCA_2017-2026,BCCA_2023bcca113,2014onca374,both_strong,1,France v. Diab <-> france republic v diab
BCCA_2017-2026,BCCA_2023bcca113,2004fca352,both_strong,1,Froom v. Canada (Minister of Justice) (F.C.A.) <-> froom v canada minister of justice
BCCA_2017-2026,BCCA_2023bcca113,2021bcca275,both_strong,1,Grenada v. Canada (Minister of Justice) <-> grenada v canada minister of justice
BCCA_2017-2026,BCCA_2023bcca113,2003bcca171,both_strong,1,Hong Kong (Special Administrative Region) v. Chang <-> hong kong special administrative region v chang
BCCA_2017-2026,BCCA_2023bcca113,1992canlii51,both_strong,1,Idziak v. Canada (Minister of Justice) <-> idziak v canada minister of justice
BCCA_2017-2026,BCCA_2023bcca113,2017scc44,both_strong,1,India v. Badesha <-> india v badesha
BCCA_2017-2026,BCCA_2023bcca113,2019bcsc1962,both_strong,1,Korea v Jung <-> 
BCCA_2017-2026,BCCA_2023bcca113,2019bcsc199,both_strong,1,Korea v Jung <-> 
BCCA_2017-2026,BCCA_2023bcca113,2020bcsc1978,both_strong,1,Korea v Jung <-> 
BCCA_2017-2026,BCCA_2023bcca113,2021bcsc2055,both_strong,1,Korea v Jung <-> october 7 2021 korea v jung
BCCA_2017-2026,BCCA_2023bcca113,2008scc23,both_strong,1,Lake v. Canada (Minister of Justice) <-> lake v canada minister of justice
BCCA_2017-2026,BCCA_2023bcca113,2015scc62,both_strong,1,M.M. v. United States of America <-> m m v united states of america
BCCA_2017-2026,BCCA_2023bcca113,2004bcca478,both_strong,1,Maydak v. United States of America <-> maydak v united states of america
BCCA_2017-2026,BCCA_2023bcca113,2010scc56,both_strong,1,Németh v. Canada (Justice) <-> n meth v canada justice
BCCA_2017-2026,BCCA_2023bcca113,2014scc16,both_strong,1,R. v. Babos <-> r v babos
BCCA_2017-2026,BCCA_2023bcca113,1929canlii280,both_strong,1,R. v. Bell <-> 
BCCA_2017-2026,BCCA_2023bcca113,2001abca267,both_strong,1,R. v. Bonamie <-> united states of america v bonamie
BCCA_2017-2026,BCCA_2023bcca113,2017scc31,both_strong,1,R. v. Cody <-> r v cody
BCCA_2017-2026,BCCA_2023bcca113,2018bcca2,both_strong,1,R. v. Frederickson <-> r v frederickson
BCCA_2017-2026,BCCA_2023bcca113,2020onca795,both_strong,1,R. v. Greer <-> r v greer
BCCA_2017-2026,BCCA_2023bcca113,2021bcca34,both_strong,1,R. v. Johnston <-> r v johnston
BCCA_2017-2026,BCCA_2023bcca113,1992canlii7751,Q_first_word_only,0,
BCCA_2017-2026,BCCA_2023bcca113,2002canlii45027,both_strong,1,R. v. Larosa <-> r v larosa
BCCA_2017-2026,BCCA_2023bcca113,2021bcca42,both_strong,1,R. v. Orr <-> r v orr
BCCA_2017-2026,BCCA_2023bcca113,1996canlii1005,both_strong,1,R. v. Vukelich <-> r v vukelich
BCCA_2017-2026,BCCA_2023bcca113,2007bcca498,both_strong,1,Scarpitti v. United States of America <-> scarpitti v united states of america
BCCA_2017-2026,BCCA_2023bcca113,1987canlii48,both_strong,1,Schmidt v. The Queen <-> canada v schmidt
BCCA_2017-2026,BCCA_2023bcca113,2002scc1,both_strong,1,Suresh v. Canada (Minister of Citizenship and Immigration) <-> suresh v canada minister of citizenship and immigration
BCCA_2017-2026,BCCA_2023bcca113,2020bcca255,both_strong,1,Trans Mountain Pipeline ULC v. Mivasair <-> trans mountain pipeline ulc v mivasair
BCCA_2017-2026,BCCA_2023bcca113,2014bcca136,both_strong,1,U.S.A. v. Adam <-> u s a v adam
BCCA_2017-2026,BCCA_2023bcca113,2012bcsc916,both_strong,1,U.S.A. v. Ibrahim <-> u s a v ibrahim
BCCA_2017-2026,BCCA_2023bcca113,2012bcca81,both_strong,1,U.S.A. v. Ranga <-> u s a v ranga
BCCA_2017-2026,BCCA_2023bcca113,2007bcsc1567,both_strong,1,U.S.A. v. Welch and Romero <-> u s a v welch and romero
BCCA_2017-2026,BCCA_2023bcca113,1997canlii3355,both_loose,1,U.S. of Mexico v. Hurley <-> united states of mexico v hurley
BCCA_2017-2026,BCCA_2023bcca113,2001scc19,both_strong,1,United States of America v. Cobb <-> united states of america v cobb
BCCA_2017-2026,BCCA_2023bcca113,1997canlii359,both_strong,1,United States of America v. Dynar <-> united states of america v dynar
BCCA_2017-2026,BCCA_2023bcca113,2001scc18,both_strong,1,United States of America v. Kwok <-> united states of america v kwok
BCCA_2017-2026,BCCA_2023bcca113,2007onca786,both_strong,1,United States of America v. Pannell <-> united states of america v pannell
BCCA_2017-2026,BCCA_2023bcca113,2001scc21,both_strong,1,United States of America v. Shulman <-> united states of america v shulman
BCCA_2017-2026,BCCA_2023bcca113,2006canlii31731,both_strong,1,United States of America v. Tollman <-> united states of america v tollman
BCCA_2017-2026,BCCA_2023bcca113,1996canlii225,both_strong,1,United States of America v. Whitley <-> united states of america v whitley
BCCA_2017-2026,BCCA_2023bcca113,2017bcca109,both_strong,1,United States of America v. Wong <-> united states of america v wong
BCCA_2017-2026,BCCA_2023bcca113,2014bcca145,both_strong,1,United States v. Bennett <-> united states v bennett
BCCA_2017-2026,BCCA_2023bcca113,2011bcsc1746,both_strong,1,United States v. Bennett <-> united states v bennett
BCCA_2017-2026,BCCA_2023bcca113,2001scc7,both_strong,1,United States v. Burns <-> united states v burns
BCCA_2017-2026,BCCA_2023bcca113,2009bcca120,both_strong,1,United States v. Costanzo <-> united states v costanzo
BCCA_2017-2026,BCCA_2023bcca113,2004bcsc154,both_strong,1,United States v. Freimuth <-> united states v freimuth
BCCA_2017-2026,BCCA_2023bcca113,2012bcca278,both_strong,1,United States v. Ibrahim <-> united states v ibrahim
BCCA_2017-2026,BCCA_2023bcca113,2022canlii67040,both_weak,1,United States v. Oliynyk <-> united states v oliynyk
BCCA_2017-2026,BCCA_2023bcca113,2014bcsc1016,both_strong,1,United States v. Rogan <-> united states v rogan
BCCA_2017-2026,BCCA_2023bcca113,2019onca490,both_strong,1,United States v. Viscomi <-> united states v viscomi
BCCA_2017-2026,BCCA_2023bcca113,2020bcsc1607,both_strong,1,United States v Meng <-> united states v meng
BCCA_2017-2026,BCCA_2023bcca113,2012bcsc1788,both_strong,1,USA v. Doak and others <-> u s a v doak and others
BCCA_2017-2026,BCCA_2023bcca113,2002canlii38007,both_loose,1,Wacjman v. Canada (Minister of Justice) <-> wacjman v united states of america
BCCA_2017-2026,BCCA_2023bcca113,1994canlii498,both_weak,1,Whitley v. United States of America <-> whitley v united states of america
BCCA_2017-2026,BCCA_2023bcca113,XC-G002257,ours_only_origin_ca|pubca:supported,0,reporter
BCCA_2017-2026,BCCA_2023bcca113,XC-G013444,ours_only_origin_ca|pubca:supported,0,reporter
BCCA_2017-2026,BCCA_2023bcca113,XC-G024514,ours_only_origin_undetermined|pubca:heuristic_only,0,reporter
BCCA_2017-2026,BCCA_2023bcca113,XC-G031736,ours_only_origin_undetermined|pubca:supported,0,identifier
BCCA_2017-2026,BCCA_2023bcca113,XC-G031738,ours_only_origin_undetermined|pubca:supported,0,identifier
BCCA_2017-2026,BCCA_2023bcca113,XC-G031875,ours_only_origin_undetermined|pubca:heuristic_only,0,reporter
BCCA_2017-2026,BCCA_2023bcca113,XC-G056248,ours_only_origin_undetermined|pubca:heuristic_only,0,reporter
BCCA_2017-2026,BCCA_2023bcca113,XC-G059715,ours_only_origin_undetermined|pubca:supported,0,reporter
BCCA_2017-2026,BCCA_2023bcca113,XC-G061509,ours_only_origin_ca|pubca:supported,0,reporter
BCCA_2017-2026,BCCA_2023bcca113,XC-G068882,ours_only_origin_undetermined|pubca:supported,0,reporter
BCCA_2017-2026,BCCA_2023bcca113,XC-G070892,ours_only_origin_ca|pubca:supported,0,reporter
BCCA_2017-2026,BCCA_2026bcca58,2011bcca503,both_strong,1,Besic v. Kerenyi <-> besic v kerenyi
BCCA_2017-2026,BCCA_2026bcca58,2008bcca237,both_strong,1,Buchy v. Villars <-> buchy v villars
BCCA_2017-2026,BCCA_2026bcca58,2017bcca355,both_strong,1,Chung v. Shin <-> chung v shin
BCCA_2017-2026,BCCA_2026bcca58,2013bcca290,both_strong,1,Clare’s Cove Marina Ltd. v. Salmon Arm (City) <-> clare s cove marina ltd v salmon arm city
BCCA_2017-2026,BCCA_2026bcca58,1987canlii2608,both_weak,1,Davies v. C.I.B.C. <-> davies v c i b c
BCCA_2017-2026,BCCA_2026bcca58,2006bcca592,both_strong,1,Freshway Specialty Foods Inc. v. Map Produce LLC <-> freshway specialty foods inc v map produce llc
BCCA_2017-2026,BCCA_2026bcca58,2024bcca78,both_strong,1,J.P. v. K.S. <-> j p v k s
BCCA_2017-2026,BCCA_2026bcca58,2025bcca226,both_strong,1,O.W. v. British Columbia (Human Rights Tribunal) <-> o w v british columbia human rights tribunal
BCCA_2017-2026,BCCA_2026bcca58,2018bcca433,both_strong,1,Quinn v. Coutts <-> quinn v coutts
BCCA_2017-2026,BCCA_2025bcca367,XC-G055208,ours_only_origin_undetermined|pubca:supported,0,neutral
BCCA_2017-2026,BCCA_2019bcca95,2006bcsc1014,both_strong,1,Gardiner v. Robinson <-> 
BCCA_2017-2026,BCCA_2019bcca95,1997canlii4085,both_weak,1,Glaswegian Enterprises Inc. v. BC Tel Mobility Cellular Inc. <-> glaswegian enterprises inc v b c tel mobility cellular inc / glaswegian enterprises inc v bc tel mobility cellular inc
BCCA_2017-2026,BCCA_2019bcca95,1996canlii356,both_weak,1,Granfield v. Cowichan Valley Regional District <-> granfield v cowichan valley regional district
BCCA_2017-2026,BCCA_2019bcca95,2018bcca311,both_strong,1,Grant v. Lowres <-> grant v lowres
BCCA_2017-2026,BCCA_2019bcca95,2008bcca31,both_strong,1,Hayes Forest Services Limited v. Weyerhaeuser Company Limited <-> hayes forest services limited v weyerhaeuser company limited
BCCA_2017-2026,BCCA_2019bcca95,2002scc33,both_strong,1,Housen v. Nikolaisen <-> housen v nikolaisen
BCCA_2017-2026,BCCA_2019bcca95,2012bcca383,both_strong,1,Merner v. D’Hollander <-> merner v d hollander
BCCA_2017-2026,BCCA_2019bcca95,2014scc3,both_strong,1,R. v. MacDonald <-> r v macdonald
BCCA_2017-2026,BCCA_2019bcca95,2015bcca117,both_strong,1,Robb v. Walker <-> robb v walker
BCCA_2017-2026,BCCA_2019bcca95,XC-G065426,ours_only_origin_undetermined|pubnone:supported,0,reporter
BCCA_2017-2026,BCCA_2019bcca95,XC-G067002,ours_only_origin_undetermined|pubnone:supported,0,reporter
BCCA_2017-2026,BCCA_2025bcca304,2009bcca375,both_strong,1,Booty v. Hutton <-> booty v hutton
BCCA_2017-2026,BCCA_2025bcca304,2010bcca185,both_strong,1,Booty v. Hutton <-> booty v hutton
BCCA_2017-2026,BCCA_2025bcca304,1996canlii2115,both_strong,1,Convoy Supply Ltd. v. Drummond <-> convoy supply ltd v drummond
BCCA_2017-2026,BCCA_2025bcca304,2012ykca13,both_strong,1,Faro (Town) v. Knapp <-> faro town v knapp
BCCA_2017-2026,BCCA_2025bcca304,2005bcca408,both_strong,1,Hannigan v. Hannigan <-> hannigan v hannigan
BCCA_2017-2026,BCCA_2025bcca304,2022bcca395,both_strong,1,Hung v. Li <-> hung v li
BCCA_2017-2026,BCCA_2025bcca304,2016bcca383,both_strong,1,Jalava v. Webster <-> jalava v webster
BCCA_2017-2026,BCCA_2025bcca304,1998abca224,both_strong,1,Michel v. Lafrentz <-> 
BCCA_2017-2026,BCCA_2025bcca304,2015bcsc2173,both_strong,1,Navarro v. Doig River First Nation <-> navarro v doig river first nation
BCCA_2017-2026,BCCA_2025bcca304,2024bcsc416,both_strong,1,Nelson v Shepherd <-> nelson v shepherd
BCCA_2017-2026,BCCA_2025bcca304,2024bcsc513,both_strong,1,Nelson v Shepherd <-> february 13 2024 nelson v shepherd
BCCA_2017-2026,BCCA_2025bcca304,2002bcca148,both_strong,1,Nicholls v. Koch Oil Co. <-> nicholls v koch
BCCA_2017-2026,BCCA_2025bcca304,2015bcca337,both_strong,1,Penticton Indian Band v. Jack <-> penticton indian band v jack
BCCA_2017-2026,BCCA_2025bcca304,2005bcca184,both_strong,1,Sangha v. Azevedo <-> sangha v azevedo
BCCA_2017-2026,BCCA_2025bcca304,XC-G015300,ours_only_origin_undetermined|pubca:supported,0,reporter
BCCA_2017-2026,BCCA_2025bcca304,XC-G016974,ours_only_origin_undetermined|pubca:heuristic_only,0,reporter
BCCA_2017-2026,BCCA_2017bcca173,2014bcsc1425,both_strong,1,R. v. Marion <-> july 8 2014 r v marion
BCCA_2017-2026,BCCA_2020bcca103,2018bcca133,both_strong,1,R. v. Agin <-> r v agin
BCCA_2017-2026,BCCA_2020bcca103,2010abca363,both_strong,1,R. v. Arcand <-> r v arcand
BCCA_2017-2026,BCCA_2020bcca103,2014yktc21,both_strong,1,R. v. Ayotte <-> see for instance r v ayotte
BCCA_2017-2026,BCCA_2020bcca103,2019bcca70,both_strong,1,R. v. Badhesa <-> r v badhesa
BCCA_2017-2026,BCCA_2020bcca103,2009onca114,both_strong,1,R. v. Batisse <-> r v batisse
BCCA_2017-2026,BCCA_2020bcca103,2010abca319,both_strong,1,R. v. Belcourt <-> r v belcourt
BCCA_2017-2026,BCCA_2020bcca103,2013onca739,both_strong,1,R. v. Ellis <-> r v ellis
BCCA_2017-2026,BCCA_2020bcca103,2009bcca292,both_strong,1,R. v. Etifier <-> r v etifier
BCCA_2017-2026,BCCA_2020bcca103,2016bcpc39,both_strong,1,R. v. Fisher and Milne <-> and r v fisher
BCCA_2017-2026,BCCA_2020bcca103,2019bcpc208,both_strong,1,R. v. Forner <-> an order of the provincial court of british columbia dated august 16 2019 r v forner
BCCA_2017-2026,BCCA_2020bcca103,2012scc13,both_strong,1,R. v. Ipeelee <-> r v ipeelee
BCCA_2017-2026,BCCA_2020bcca103,2013abca50,both_strong,1,R. v. J.C.K. <-> r v k jc
BCCA_2017-2026,BCCA_2020bcca103,2015bcpc199,both_strong,1,R. v. K.S.C. <-> r v ksc
BCCA_2017-2026,BCCA_2020bcca103,2015scc64,both_strong,1,R. v. Lacasse <-> r v lacasse
BCCA_2017-2026,BCCA_2020bcca103,1982canlii2540,Q_first_word_only,0,
BCCA_2017-2026,BCCA_2020bcca103,2016bcsc1440,both_strong,1,R. v. Newton <-> r v hamlyn
BCCA_2017-2026,BCCA_2020bcca103,2020bcca63,both_strong,1,R. v. Penttila <-> r v penttila
BCCA_2017-2026,BCCA_2020bcca103,2006scc44,both_strong,1,R. v. Shoker <-> r v shoker
BCCA_2017-2026,BCCA_2020bcca103,2019bcca295,both_strong,1,R. v. Williams <-> r v williams
BCCA_2017-2026,BCCA_2020bcca103,2002nwtsc63,both_strong,1,R v Felix <-> r v felix
BCCA_2017-2026,BCCA_2020bcca103,2016mbca50,both_strong,1,R v Friesen <-> r v friesen
BCCA_2017-2026,BCCA_2020bcca103,2016abca127,both_strong,1,R v Hamlyn <-> r v hamlyn
BCCA_2017-2026,BCCA_2020bcca103,XC-G055887,ours_only_origin_undetermined|pubnone:supported,0,reporter
BCCA_2017-2026,BCCA_2020bcca103,XC-G068797,ours_only_origin_undetermined|pubca:supported,0,reporter
BCCA_2017-2026,BCCA_2025bcca328,2022scc22,both_strong,1,Barendregt v. Grebliunas <-> barendregt v grebliunas
BCCA_2017-2026,BCCA_2025bcca328,2019bcsc1643,both_strong,1,Bartch v Bartch <-> bartch v bartch
BCCA_2017-2026,BCCA_2025bcca328,2023bcca68,both_strong,1,Brar v. Kootenay Savings Credit Union <-> brar v kootenay savings credit union
BCCA_2017-2026,BCCA_2025bcca328,2010bcca348,both_strong,1,Cabaniss v. Cabaniss <-> a cited cabaniss v cabaniss
BCCA_2017-2026,BCCA_2025bcca328,2021scc33,both_strong,1,Canadian Broadcasting Corp. v. Manitoba <-> canadian broadcasting corp v manitoba
BCCA_2017-2026,BCCA_2025bcca328,2008bcca374,both_strong,1,Chera v. Chera <-> chera v chera
BCCA_2017-2026,BCCA_2025bcca328,2014bcsc1392,both_strong,1,Coupar v Roh <-> coupar v roh
BCCA_2017-2026,BCCA_2025bcca328,2013bcsc1376,both_strong,1,Dhaliwal v. Dhaliwal <-> dhaliwal v dhaliwal
BCCA_2017-2026,BCCA_2025bcca328,2023bcca290,both_strong,1,Esteghamat-Ardakani v. Taherkhani <-> esteghamat ardakani v taherkhani
BCCA_2017-2026,BCCA_2025bcca328,1999canlii691,both_strong,1,Hickey v. Hickey <-> hickey v hickey
BCCA_2017-2026,BCCA_2025bcca328,2022bcsc173,both_strong,1,Kaur v Virk <-> kaur v virk
BCCA_2017-2026,BCCA_2025bcca328,2012bcsc1201,both_strong,1,Luo v. Yi <-> luo v yi
BCCA_2017-2026,BCCA_2025bcca328,2015bcca278,both_strong,1,Nichol v. Nichol <-> nichol v nichol
BCCA_2017-2026,BCCA_2025bcca328,2008bcca59,both_strong,1,R & J Siever Holdings Ltd. v. Moldenhauer <-> r and j siever holdings ltd v moldenhauer
BCCA_2017-2026,BCCA_2025bcca328,2022bcca192,both_strong,1,Rana v. Ullah <-> rana v ullah
BCCA_2017-2026,BCCA_2025bcca328,1976canlii295,both_strong,1,Rivas v. Rivas <-> rivas v rivas 72 d l r 3d 702
BCCA_2017-2026,BCCA_2025bcca328,2018bcsc544,both_strong,1,S.A.H. v I.B.L. <-> s a h v i b l
BCCA_2017-2026,BCCA_2025bcca328,2024bcsc624,both_strong,1,Wang v Yang <-> april 16 2024 wang v yang
BCCA_2017-2026,BCCA_2025bcca328,XC-G005010,ours_only_origin_undetermined|pubnone:supported,0,reporter
BCCA_2017-2026,BCCA_2025bcca328,XC-G006719,ours_only_origin_undetermined|pubca:heuristic_only,0,reporter
BCCA_2017-2026,BCCA_2025bcca328,XC-G069241,ours_only_origin_ca|pubca:supported,0,reporter
BCCA_2017-2026,BCCA_2022bcca6,1994canlii127,both_strong,1,R. v. Burns <-> r v burns
BCCA_2017-2026,BCCA_2022bcca6,2008scc24,both_strong,1,R. v. Dinardo <-> r v dinardo
BCCA_2017-2026,BCCA_2022bcca6,2020scc9,both_strong,1,R. v. Friesen <-> r v friesen
BCCA_2017-2026,BCCA_2022bcca6,2020onsc2365,both_strong,1,R. v. Hearns <-> 
BCCA_2017-2026,BCCA_2022bcca6,2012scc13,both_strong,1,R. v. Ipeelee <-> r v ipeelee
BCCA_2017-2026,BCCA_2022bcca6,2008scc31,both_strong,1,R. v. L.M. <-> r v l m
BCCA_2017-2026,BCCA_2022bcca6,2015scc64,both_strong,1,R. v. Lacasse <-> r v lacasse
BCCA_2017-2026,BCCA_2022bcca6,1995canlii2350,both_strong,1,R. v. Luckstein <-> 
BCCA_2017-2026,BCCA_2022bcca6,2010scc6,both_strong,1,R. v. Nasogaluak <-> r v nasogaluak
BCCA_2017-2026,BCCA_2022bcca6,2013scc15,both_strong,1,R. v. Pham <-> r v pham
BCCA_2017-2026,BCCA_2022bcca6,2016bcca111,both_strong,1,R. v. Read <-> r v read
BCCA_2017-2026,BCCA_2022bcca6,1993canlii2561,both_strong,1,R. v. Robitaille <-> r v robitaille
BCCA_2017-2026,BCCA_2022bcca6,2014bcca379,both_strong,1,R. v. Sangha <-> r v sangha
BCCA_2017-2026,BCCA_2022bcca6,2018bcca195,both_strong,1,R. v. Sellars <-> r v sellars
BCCA_2017-2026,BCCA_2022bcca6,2015bcca285,both_strong,1,R. v. Voong <-> r v voong
BCCA_2017-2026,BCCA_2022bcca6,2018bcsc1688,both_strong,1,R. v Dosson <-> r v dosson
BCCA_2017-2026,BCCA_2022bcca6,2017bcsc2408,both_strong,1,R. v Polnac <-> r v polnac
BCCA_2017-2026,BCCA_2022bcca6,2017bcsc1277,both_strong,1,R. v Singh <-> r v singh
BCCA_2017-2026,BCCA_2022bcca6,2019qcca649,both_strong,1,Suarez c. R. <-> and r v suarez
BCCA_2017-2026,BCCA_2022bcca6,XC-G014040,ours_only_origin_undetermined|pubca:supported,0,reporter
BCCA_2017-2026,BCCA_2022bcca6,XC-G068534,ours_only_origin_undetermined|pubca:supported,0,reporter
BCCA_2017-2026,BCCA_2019bcca403,2012bcca60,both_strong,1,Singh v. Rekhi <-> singh v rekhi
BCCA_2017-2026,BCCA_2019bcca403,2011bcsc1368,both_strong,1,Singh v. Rekhi <-> 
BCCA_2017-2026,BCCA_2025bcca80,2021bcca219,both_strong,1,British Columbia v. The Jean Coutu Group (PJC) Inc. <-> british columbia v the jean coutu group pjc inc
BCCA_2017-2026,BCCA_2025bcca80,2025bcsc92,both_strong,1,British Columbia v Apotex Inc. <-> british columbia v apotex inc
BCCA_2017-2026,BCCA_2025bcca80,2023bcsc662,both_strong,1,British Columbia v Pro Doc Limitee <-> british columbia v pro doc limitee
BCCA_2017-2026,BCCA_2025bcca80,2012scc17,both_strong,1,Club Resorts Ltd. v. Van Breda <-> club resorts ltd v van breda
BCCA_2017-2026,BCCA_2025bcca80,2001scc79,both_strong,1,Cooper v. Hobart <-> cooper v hobart
BCCA_2017-2026,BCCA_2025bcca80,2023bcca476,both_strong,1,Deissner v. Boorsma <-> deissner v boorsma
BCCA_2017-2026,BCCA_2025bcca80,2012bcca343,both_strong,1,"Environmental Packaging Technologies, Ltd. v. Rudjuk <-> environmental packaging technologies ltd v rudjuk"
BCCA_2017-2026,BCCA_2025bcca80,2015bcca265,both_strong,1,Equustek Solutions Inc. v. Google Inc. <-> equustek solutions inc v google inc
BCCA_2017-2026,BCCA_2025bcca80,2020bcca181,both_strong,1,Ewert v. Höegh Autoliners AS <-> ewert v h egh autoliners as
BCCA_2017-2026,BCCA_2025bcca80,2012bcca257,both_strong,1,Fairhurst v. De Beers Canada Inc. <-> fairhurst v de beers canada inc
BCCA_2017-2026,BCCA_2025bcca80,2021bcca466,both_strong,1,"Giustra v. Twitter, Inc. <-> giustra v twitter inc"
BCCA_2017-2026,BCCA_2025bcca80,2000bcca605,both_strong,1,Harrington v. Dow Corning Corp. <-> harrington v dow corning corp
BCCA_2017-2026,BCCA_2025bcca80,1973canlii192,both_strong,1,Moran v. Pyle National (Canada) Ltd. <-> moran v pyle national canada ltd
BCCA_2017-2026,BCCA_2025bcca80,2013scc57,both_strong,1,Pro‑Sys Consultants Ltd. v. Microsoft Corporation <-> pro sys consultants ltd v microsoft corporation
BCCA_2017-2026,BCCA_2025bcca80,2008bcca85,both_strong,1,"Purple Echo Productions, Inc. v. KCTS Television <-> purple echo productions inc v kcts television"
BCCA_2017-2026,BCCA_2025bcca80,2018scc19,both_strong,1,Rankin (Rankin’s Garage & Sales) v. J.J. <-> rankin rankin s garage and sales v j j
BCCA_2017-2026,BCCA_2025bcca80,2023bcca306,both_strong,1,Sandoz Canada Inc. v. British Columbia <-> sandoz canada inc v british columbia
BCCA_2017-2026,BCCA_2025bcca80,2024scc40,both_strong,1,Sanis Health Inc. v. British Columbia <-> sanis health inc v british columbia
BCCA_2017-2026,BCCA_2025bcca80,2009bcca592,both_strong,1,Stanway v. Wyeth Pharmaceuticals Inc. <-> stanway v wyeth pharmaceuticals inc
BCCA_2017-2026,BCCA_2025bcca80,2023bcca264,both_strong,1,The Hershey Company v. Leaf <-> the hershey company v leaf
BCCA_2017-2026,BCCA_2025bcca80,2022bcca366,both_strong,1,Valeant Canada LP/Valeant Canada S.E.C. v. British Columbia <-> valeant canada lp valeant canada s e c v british columbia
BCCA_2017-2026,BCCA_2025bcca80,2018onca626,both_strong,1,Yip v. HSBC Holdings plc <-> yip v hsbc holdings plc
BCCA_2017-2026,BCCA_2025bcca80,XC-G005736,ours_only_origin_ca|pubca:supported,0,reporter
BCCA_2017-2026,BCCA_2025bcca80,XC-G044588,ours_only_origin_foreign|pubforeign:supported,0,neutral
BCCA_2017-2026,BCCA_2018bcca327,2016bcca318,both_strong,1,Calles v. British Columbia (Adult Forensic Psychiatric Services) <-> calles v british columbia adult forensic psychiatric services
BCCA_2017-2026,BCCA_2018bcca327,2015onca866,both_strong,1,Carrick (Re) <-> carrick re
BCCA_2017-2026,BCCA_2018bcca327,2015onca658,both_strong,1,Marzec (Re) <-> marzec re
BCCA_2017-2026,BCCA_2018bcca327,2017bcca40,both_strong,1,Nelson v. British Columbia (Adult Forensic Psychiatric Services) <-> nelson v british columbia adult forensic psychiatric services
BCCA_2017-2026,BCCA_2018bcca327,2003scc33,both_strong,1,R. v. Owen <-> r v owen
BCCA_2017-2026,BCCA_2018bcca327,1999canlii694,both_strong,1,Winko v. British Columbia (Forensic Psychiatric Institute) <-> winko v british columbia forensic psychiatric institute
BCCA_2017-2026,BCCA_2018bcca327,XC-G057188,ours_only_origin_ca|pubca:supported,0,reporter
BCCA_2017-2026,BCCA_2018bcca100,1954canlii253,both_loose,1,Hansard Spruce Mills Limited (Re) <-> re hansard spruce mills ltd
BCCA_2017-2026,BCCA_2018bcca100,2002scc33,both_strong,1,Housen v. Nikolaisen <-> housen v nikolaisen
BCCA_2017-2026,BCCA_2018bcca100,2014bcca190,both_strong,1,Liang v. Canada (Attorney General) <-> liang v canada attorney general
BCCA_2017-2026,BCCA_2018bcca100,1989canlii525,both_loose,1,R. c. Belzil <-> r v belzil
BCCA_2017-2026,BCCA_2018bcca100,2018qcca21,both_strong,1,R. c. R.P. <-> r v r p
BCCA_2017-2026,BCCA_2018bcca100,2000bcca345,both_strong,1,R. v. Bremner <-> r v bremner
BCCA_2017-2026,BCCA_2018bcca100,2017bcca204,both_strong,1,R. v. Cadman <-> r v cadman
BCCA_2017-2026,BCCA_2018bcca100,2016bcsc474,both_strong,1,R. v. Cadman <-> r v cadman
BCCA_2017-2026,BCCA_2018bcca100,2017bcca426,both_strong,1,R. v. Chen <-> r v chen
BCCA_2017-2026,BCCA_2018bcca100,2017oncj51,both_strong,1,R. v. D.H. <-> r v holt
BCCA_2017-2026,BCCA_2018bcca100,2014canlii2646,Q_not_found,0,
BCCA_2017-2026,BCCA_2018bcca100,2008scc6,both_strong,1,R. v. Ferguson <-> r v ferguson
BCCA_2017-2026,BCCA_2018bcca100,2015scc64,both_strong,1,R. v. Lacasse <-> r v lacasse
BCCA_2017-2026,BCCA_2018bcca100,2012oncj681,both_strong,1,R. v. Mehanmal <-> r v mehanmal
BCCA_2017-2026,BCCA_2018bcca100,2008bcsc202,both_strong,1,R. v. Poncelet <-> 
BCCA_2017-2026,BCCA_2018bcca100,2000scc5,both_strong,1,R. v. Proulx <-> r v proulx
BCCA_2017-2026,BCCA_2018bcca100,2008scc47,both_strong,1,R. v. S.A.C. <-> r v s a c
BCCA_2017-2026,BCCA_2018bcca100,2016bcca497,both_strong,1,R. v. Vautour <-> r v vautour
BCCA_2017-2026,BCCA_2018bcca100,2011bcsc626,both_strong,1,R. v. Yusuf <-> 
BCCA_2017-2026,BCCA_2018bcca100,2017onsc3189,both_strong,1,R. v Bent <-> r v bent
BCCA_2017-2026,BCCA_2018bcca100,2015skca48,both_strong,1,R v Leroux <-> r v vautour
BCCA_2017-2026,BCCA_2018bcca100,XC-G043084,ours_only_origin_undetermined|pubca:supported,0,neutral
BCCA_2017-2026,BCCA_2018bcca100,XC-G047281,ours_only_origin_undetermined|pubca:supported,0,reporter
BCCA_2017-2026,BCCA_2018bcca256,1989canlii180,both_loose,1,Carignan v. Carignan <-> 42 huband j a in carignan v carignan
BCCA_2017-2026,BCCA_2018bcca256,1999canlii707,both_strong,1,Chartier v. Chartier <-> chartier v chartier
BCCA_2017-2026,BCCA_2018bcca256,2006scc37,both_strong,1,D.B.S. v. S.R.G <-> d b s v s r g
BCCA_2017-2026,BCCA_2018bcca256,2000bcca334,both_strong,1,Dutrisac v. Ulm <-> dutrisac v ulm
BCCA_2017-2026,BCCA_2018bcca256,1999canlii659,both_strong,1,Francis v. Baker <-> francis v baker
BCCA_2017-2026,BCCA_2018bcca256,2008bcca177,both_strong,1,H.(U.V.) v. H.(M.W.) <-> h u v v h m w
BCCA_2017-2026,BCCA_2018bcca256,2004scc9,both_strong,1,Hamilton v. Open Window Bakery Ltd. <-> hamilton v open window bakery ltd
BCCA_2017-2026,BCCA_2018bcca256,1994abca119,Q_not_found,0,
BCCA_2017-2026,BCCA_2018bcca256,2013bcca74,both_strong,1,Johnston v. Embree <-> johnston v embree
BCCA_2017-2026,BCCA_2018bcca256,2002canlii78089,Q_first_word_only,0,
BCCA_2017-2026,BCCA_2018bcca256,2014bcca35,both_strong,1,Marquez v. Zapiola <-> marquez v zapiola
BCCA_2017-2026,BCCA_2018bcca256,1986canlii6301,both_loose,1,Primeau v. Primeau <-> james g mcleod annotation on primeau v primeau
BCCA_2017-2026,BCCA_2018bcca256,2000bcsc82,both_strong,1,Russenberger v. Rebagliati <-> 
BCCA_2017-2026,BCCA_2018bcca256,2016tcc285,both_strong,1,Struck v. The Queen <-> 
BCCA_2017-2026,BCCA_2018bcca256,2018bcsc44,both_strong,1,Struck v Struck <-> 
BCCA_2017-2026,BCCA_2018bcca256,2015bcca521,both_strong,1,Sullivan v. Struck <-> s 147 4 and 5 of the family law act and sullivan v struck
BCCA_2017-2026,BCCA_2018bcca256,2017bcsc816,both_strong,1,Sullivan v Struck <-> may 17 2017 sullivan v struck
BCCA_2017-2026,BCCA_2018bcca256,XC-G058063,ours_only_origin_undetermined|pubca:supported,0,reporter
BCCA_2017-2026,BCCA_2018bcca256,XC-G063962,ours_only_origin_ca|pubca:supported,0,reporter
BCCA_2017-2026,BCCA_2020bcca55,2003bcca236,both_strong,1,Arbutus Excavating Ltd. v. Homewood Constructors Ltd. <-> arbutus excavating ltd v homewood constructors ltd et al
BCCA_2017-2026,BCCA_2020bcca55,2015bcca422,both_strong,1,Bassett v. Magee <-> bassett v magee
BCCA_2017-2026,BCCA_2020bcca55,2013bcca385,both_strong,1,Breberin v. Santos <-> breberin v santos
BCCA_2017-2026,BCCA_2020bcca55,2018bcca188,both_strong,1,Forjay Management Ltd. v. Peeverconn Properties Inc. <-> forjay management ltd v peeverconn properties inc
BCCA_2017-2026,BCCA_2020bcca55,2019bcca88,both_strong,1,Gonzalez v. British Columbia (Attorney General) <-> gonzalez v british columbia attorney general
BCCA_2017-2026,BCCA_2020bcca55,2000bcca367,both_strong,1,Hama v. Werbes <-> hama v werbes
BCCA_2017-2026,BCCA_2020bcca55,2018bcca216,both_strong,1,Hiebert v. Miller <-> hiebert v miller
BCCA_2017-2026,BCCA_2020bcca55,2016bcca6,both_strong,1,Hokhold v. Gerbrandt <-> hokhold v gerbrandt
BCCA_2017-2026,BCCA_2020bcca55,2009bcca112,both_strong,1,Jackson v. Honey <-> jackson v honey
BCCA_2017-2026,BCCA_2020bcca55,1997canlii4069,both_weak,1,Lindholm v. Hy-Wave Inc. <-> lindholm v hy wave inc
BCCA_2017-2026,BCCA_2020bcca55,2014bcca474,both_strong,1,Palleson-Stallan v. Stallan <-> palleson stallan v stallan
BCCA_2017-2026,BCCA_2020bcca55,2005bcca207,both_strong,1,Paradise Lakes Country Club v. Ahmed <-> paradise lakes country club v ahmed
BCCA_2017-2026,BCCA_2020bcca55,2015bcca314,both_strong,1,S.H.F.N. v. A.B.N. <-> s h f n v a b n
BCCA_2017-2026,BCCA_2020bcca55,2015bcca72,both_strong,1,Schmidt v. Fraser Health Authority <-> and schmidt v fraser health authority
BCCA_2017-2026,BCCA_2020bcca55,2012bcca315,both_strong,1,Yao v. Li <-> yao v li
BCCA_2017-2026,BCCA_2022bcca48,2021bcca393,both_strong,1,Achtymichuk v. Bayer Inc. <-> achtymichuk v bayer inc
BCCA_2017-2026,BCCA_2022bcca48,1995canlii1803,Q_first_word_only,0,
BCCA_2017-2026,BCCA_2022bcca48,2017bcca358,both_strong,1,Iser v. Attorney General of Canada et. al. <-> iser v attorney general of canada
BCCA_2017-2026,BCCA_2022bcca48,2021bcsc1502,both_strong,1,Masjoody v Trotignon <-> masjoody v trotignon
BCCA_2017-2026,BCCA_2022bcca48,1997canlii3217,both_loose,1,Van Mol v. Ashmore <-> van mol guardian ad litem of v ashmore
BCCA_2017-2026,BCCA_2022bcca48,1997canlii3775,Q_first_word_only,0,
BCCA_2017-2026,BCCA_2022bcca48,XC-G016036,ours_only_origin_undetermined|pubca:supported,0,reporter
BCCA_2017-2026,BCCA_2022bcca48,XC-G070286,ours_only_origin_undetermined|pubca:supported,0,reporter
BCCA_2017-2026,BCCA_2019bcca454,1989canlii123,both_strong,1,Borowski v. Canada (Attorney General) <-> borowski v canada attorney general
BCCA_2017-2026,BCCA_2017bcca246,2014scc26,both_strong,1,R. v. Summers <-> r v summers
BCCA_2017-2026,BCCA_2017bcca246,XC-G063823,ours_only_origin_ca|pubca:supported,0,reporter
BCCA_2017-2026,BCCA_2024bcca34,2023scc19,both_strong,1,R. v. Abdullahi <-> r v abdullahi
BCCA_2017-2026,BCCA_2024bcca34,2005scc72,both_strong,1,R. v. Boucher <-> r v boucher
BCCA_2017-2026,BCCA_2024bcca34,2020bcca56,both_strong,1,R. v. C.M.M. <-> r v c m m
BCCA_2017-2026,BCCA_2024bcca34,2021bcca460,both_strong,1,R. v. Conway <-> r v conway
BCCA_2017-2026,BCCA_2024bcca34,2020scc39,both_strong,1,R. v. Delmas <-> r v delmas
BCCA_2017-2026,BCCA_2024bcca34,2021bcca429,both_strong,1,R. v. Demirovic <-> r v demirovic
BCCA_2017-2026,BCCA_2024bcca34,2021bcca479,both_strong,1,R. v. Dhaliwal <-> r v dhaliwal
BCCA_2017-2026,BCCA_2024bcca34,2021bcca187,both_strong,1,R. v. Greif <-> r v greif
BCCA_2017-2026,BCCA_2024bcca34,2021onca131,both_strong,1,R. v. JC <-> r v j c
BCCA_2017-2026,BCCA_2024bcca34,2018onca184,both_strong,1,R. v. Kiss <-> r v kiss
BCCA_2017-2026,BCCA_2024bcca34,2017ykca11,both_strong,1,R. v. Kodwat <-> r v kodwat
BCCA_2017-2026,BCCA_2024bcca34,2020bcca353,both_strong,1,R. v. Mann <-> r v mann
BCCA_2017-2026,BCCA_2024bcca34,2020scc40,both_strong,1,R. v. Mehari <-> r v mehari
BCCA_2017-2026,BCCA_2024bcca34,2021bcca149,both_strong,1,R. v. Pastro <-> r v pastro
BCCA_2017-2026,BCCA_2024bcca34,2018scc59,both_strong,1,R. v. Quartey <-> r v quartey
BCCA_2017-2026,BCCA_2024bcca34,2020bcca240,both_strong,1,R. v. Roth <-> r v roth
BCCA_2017-2026,BCCA_2024bcca34,1997canlii324,both_strong,1,R. v. S. (R.D.) <-> r v s r d
BCCA_2017-2026,BCCA_2024bcca34,1994canlii76,both_strong,1,R. v. S. (W.D.) <-> r v s w d
BCCA_2017-2026,BCCA_2024bcca34,2020bcca180,both_strong,1,R. v. S.S.S. <-> r v s s s
BCCA_2017-2026,BCCA_2024bcca34,1991canlii93,both_strong,1,R. v. W.(D.) <-> r v w d
BCCA_2017-2026,BCCA_2024bcca34,2021skca136,both_strong,1,R v Adebogun <-> 
BCCA_2017-2026,BCCA_2024bcca34,2020abca152,both_strong,1,R v Delmas <-> r v delmas
BCCA_2017-2026,BCCA_2024bcca34,2020skca37,both_strong,1,R v Mehari <-> r v mehari
BCCA_2017-2026,BCCA_2024bcca34,2021skca26,both_strong,1,R v Mehari <-> 
BCCA_2017-2026,BCCA_2024bcca34,2018abca12,both_strong,1,R v Quartey <-> r v quartey
BCCA_2017-2026,BCCA_2024bcca34,2019abca36,both_strong,1,R v Ryon <-> ms demirovic relies on r v ryon
BCCA_2017-2026,BCCA_2024bcca34,XC-G063635,ours_only_origin_undetermined|pubnone:supported,0,reporter
BCCA_2017-2026,BCCA_2026bcca189,2020scc35,both_strong,1,1688782 Ontario Inc. v. Maple Leaf Foods Inc. <-> 1688782 ontario inc v maple leaf foods inc
BCCA_2017-2026,BCCA_2026bcca189,2011scc24,both_strong,1,Alberta v. Elder Advocates of Alberta Society <-> alberta v elder advocates of alberta society
BCCA_2017-2026,BCCA_2026bcca189,2022bcca379,both_strong,1,Canada (Attorney General) v. Frazier <-> canada attorney general v frazier
BCCA_2017-2026,BCCA_2026bcca189,2001scc79,both_strong,1,Cooper v. Hobart <-> cooper v hobart
BCCA_2017-2026,BCCA_2026bcca189,2017scc63,both_strong,1,Deloitte & Touche v. Livent Inc. (Receiver of) <-> deloitte and touche v livent inc receiver of
BCCA_2017-2026,BCCA_2026bcca189,1990canlii6611,both_strong,1,Doe v. Metropolitan Toronto (Municipality) Commissioners of Police (Div. Ct.) <-> 
BCCA_2017-2026,BCCA_2026bcca189,2001scc80,both_strong,1,Edwards v. Law Society of Upper Canada <-> edwards v law society of upper canada
BCCA_2017-2026,BCCA_2026bcca189,2010scc5,both_strong,1,Fullowka v. Pinkerton's of Canada Ltd. <-> fullowka v pinkerton s of canada ltd
BCCA_2017-2026,BCCA_2026bcca189,2021scc41,both_strong,1,Nelson (City) v. Marchi <-> nelson city v marchi
BCCA_2017-2026,BCCA_2026bcca189,1985canlii74,both_strong,2,Operation Dismantle v. The Queen <-> operation dismantle inc v the queen / operation dismantle v the queen
BCCA_2017-2026,BCCA_2026bcca189,2011scc42,both_strong,1,R. v. Imperial Tobacco Canada Ltd. <-> r v imperial tobacco canada ltd
BCCA_2017-2026,BCCA_2026bcca189,2026scc10,both_strong,1,R. v. Nguyen <-> r v nguyen
BCCA_2017-2026,BCCA_2026bcca189,2010scc11,both_strong,1,Reference re Broome v. Prince Edward Island <-> reference re broome v prince edward island
BCCA_2017-2026,BCCA_2026bcca189,2012onca479,both_strong,1,Taylor v. Canada (Attorney General) <-> taylor v canada attorney general
BCCA_2017-2026,BCCA_2026bcca189,2023bcca20,both_strong,1,Tekamar Mortgage Fund Ltd. v. British Columbia <-> tekamar mortgage fund ltd v british columbia
BCCA_2017-2026,BCCA_2026bcca189,2013bcca34,both_strong,1,The Los Angeles Salad Company Inc. v. Canadian Food Inspection Agency <-> the los angeles salad company inc v canadian food inspection agency
BCCA_2017-2026,BCCA_2026bcca189,2022bcca366,both_strong,1,Valeant Canada LP/Valeant Canada S.E.C. v. British Columbia <-> valeant canada lp valeant canada s e c v british columbia
BCCA_2017-2026,BCCA_2026bcca189,2020bcca378,both_strong,1,Waterway Houseboats Ltd. v. British Columbia <-> waterway houseboats ltd v british columbia
BCCA_2017-2026,BCCA_2026bcca189,2013bcca513,both_strong,1,WorleyParsons Canada Ltd. v. David Nairn and Associates <-> worleyparsons canada ltd v david nairn and associates
BCCA_2017-2026,BCCA_2026bcca189,2019bcca23,both_strong,1,Wu v. Vancouver (City) <-> wu v vancouver city
BCCA_2017-2026,BCCA_2026bcca189,XC-G006233,ours_only_origin_undetermined|pubforeign:heuristic_only,0,neutral|reporter
BCCA_2017-2026,BCCA_2026bcca189,XC-G069357,ours_only_origin_ca|pubca:supported,0,reporter
BCCA_2017-2026,BCCA_2018bcca118,1995canlii52,both_strong,1,A. (L.L.) v. B. (A.) <-> a l l v b a
BCCA_2017-2026,BCCA_2018bcca118,2017onca667,both_strong,1,Ogiamien v. Ontario (Community Safety and Correctional Services) <-> ogiamien v ontario community safety and correctional services
BCCA_2017-2026,BCCA_2018bcca118,1990canlii2828,both_loose,1,R. c. Fraillon <-> r v fraillon
BCCA_2017-2026,BCCA_2018bcca118,1994abca275,Q_not_found,0,
BCCA_2017-2026,BCCA_2018bcca118,2007abca427,both_strong,1,R. v. Al-Fartossy <-> r v al fartossy
BCCA_2017-2026,BCCA_2018bcca118,2014scc16,both_strong,1,R. v. Babos <-> r v babos
BCCA_2017-2026,BCCA_2018bcca118,1984canlii795,Q_first_word_only,0,
BCCA_2017-2026,BCCA_2018bcca118,2000bcca543,both_strong,1,R. v. Gauthier <-> r v gauthier date 20001005
BCCA_2017-2026,BCCA_2018bcca118,1982abca97,Q_first_word_only,0,
BCCA_2017-2026,BCCA_2018bcca118,2016scc27,both_strong,1,R. v. Jordan <-> r v jordan
BCCA_2017-2026,BCCA_2018bcca118,2010bcca395,both_strong,1,R. v. Lohse <-> r v lohse
BCCA_2017-2026,BCCA_2018bcca118,2009bcsc1899,both_strong,1,R. v. Lohse <-> r v lohse
BCCA_2017-2026,BCCA_2018bcca118,1992canlii89,both_strong,1,R. v. Morin <-> r v morin
BCCA_2017-2026,BCCA_2018bcca118,2002scc12,both_strong,1,R. v. Regan <-> r v regan
BCCA_2017-2026,BCCA_2018bcca118,2003scc70,both_strong,1,R. v. Taillefer; R. v. Duguay <-> r v duguay
BCCA_2017-2026,BCCA_2018bcca118,XC-G057721,ours_only_origin_undetermined|pubca:supported,0,reporter
BCCA_2017-2026,BCCA_2018bcca118,XC-G057984,ours_only_origin_undetermined|pubca:supported,0,reporter
BCCA_2017-2026,BCCA_2018bcca118,XC-G058424,ours_only_origin_undetermined|pubca:supported,0,reporter
BCCA_2017-2026,BCCA_2018bcca118,XC-G060078,ours_only_origin_ca|pubca:supported,0,reporter
BCCA_2017-2026,BCCA_2018bcca118,XC-G064766,ours_only_origin_undetermined|pubca:supported,0,reporter
BCCA_2017-2026,BCCA_2018bcca118,XC-G065763,ours_only_origin_undetermined|pubca:supported,0,reporter
BCCA_2017-2026,BCCA_2018bcca118,XC-G067395,ours_only_origin_undetermined|pubca:supported,0,reporter
BCCA_2017-2026,BCCA_2020bcca355,2002scc33,both_strong,1,Housen v. Nikolaisen <-> housen v nikolaisen
BCCA_2017-2026,BCCA_2020bcca355,2000abca159,both_strong,1,R. v. Abraham <-> r v abraham
BCCA_2017-2026,BCCA_2020bcca355,2014bcca120,both_strong,1,R. v. Ball <-> r v ball
BCCA_2017-2026,BCCA_2020bcca355,2002canlii41803,Q_not_found,0,
BCCA_2017-2026,BCCA_2020bcca355,2017bcca125,both_strong,1,R. v. Endean <-> r v endean
BCCA_2017-2026,BCCA_2020bcca355,2020scc9,both_strong,1,R. v. Friesen <-> r v friesen
BCCA_2017-2026,BCCA_2020bcca355,1999canlii679,both_strong,1,R. v. Gladue <-> r v gladue
BCCA_2017-2026,BCCA_2020bcca355,2012bcca423,both_strong,1,R. v. Guha <-> r v guha
BCCA_2017-2026,BCCA_2020bcca355,2015bcca302,both_strong,1,R. v. Holt <-> r v holt
BCCA_2017-2026,BCCA_2020bcca355,2012scc13,both_strong,1,R. v. Ipeelee <-> r v ipeelee
BCCA_2017-2026,BCCA_2020bcca355,2017bcca258,both_strong,1,R. v. J.L.M. <-> r v j l m
BCCA_2017-2026,BCCA_2020bcca355,2005canlii7649,both_weak,1,R. v. Jensen <-> r v jensen
BCCA_2017-2026,BCCA_2020bcca355,2017bcca292,both_strong,1,R. v. Kachuol <-> r v kachuol
BCCA_2017-2026,BCCA_2020bcca355,2006canlii28549,both_weak,1,R. v. Kakekagamick <-> r v kakekagamick
BCCA_2017-2026,BCCA_2020bcca355,2019bcca352,both_strong,1,R. v. Maskell <-> r v maskell
BCCA_2017-2026,BCCA_2020bcca355,1999canlii3717,Q_first_word_only,0,
BCCA_2017-2026,BCCA_2020bcca355,2019bcca390,both_strong,1,R. v. Melnick <-> r v melnick
BCCA_2017-2026,BCCA_2020bcca355,2005bcca115,both_strong,1,R. v. Nguyen <-> r v nguyen
BCCA_2017-2026,BCCA_2020bcca355,2015scc15,both_strong,1,R. v. Nur <-> r v nur
BCCA_2017-2026,BCCA_2020bcca355,2016bcca275,both_strong,1,R. v. Racette <-> r v racette
BCCA_2017-2026,BCCA_2020bcca355,XC-G023241,ours_only_origin_undetermined|pubnone:supported,0,reporter
BCCA_2017-2026,BCCA_2020bcca355,XC-G043256,ours_only_origin_ca|pubca:supported,0,neutral|reporter
BCCA_2017-2026,BCCA_2020bcca355,XC-G044531,ours_only_origin_ca|pubca:supported,0,neutral
BCCA_2017-2026,BCCA_2020bcca355,XC-G050395,ours_only_origin_undetermined|pubca:supported,0,neutral
BCCA_2017-2026,BCCA_2020bcca355,XC-G057557,ours_only_origin_undetermined|pubca:supported,0,reporter
BCCA_2017-2026,BCCA_2020bcca355,XC-G058703,ours_only_origin_undetermined|pubca:supported,0,reporter
BCCA_2017-2026,BCCA_2018bcca472,2002bcca580,both_strong,1,Bennett v. Bennett <-> bennett v bennett
BCCA_2017-2026,BCCA_2018bcca472,2018bcca106,both_strong,1,Kane v. Proffitt <-> kane v proffitt
BCCA_2017-2026,BCCA_2018bcca472,2018bcsc1691,both_strong,1,Kong v Song <-> august 23 2018 and august 29 2018 kong v song
BCCA_2017-2026,BCCA_2018bcca472,1999bcca705,both_strong,1,McPhail v.  McPhail <-> mcphail v mcphail
BCCA_2017-2026,BCCA_2018bcca472,2015bcca314,both_strong,1,S.H.F.N. v. A.B.N. <-> s h f n v a b n
BCCA_2017-2026,BCCA_2018bcca472,1990canlii358,Q_not_found,0,
BCCA_2017-2026,BCCA_2018bcca472,1984canlii311,both_weak,1,Smith v. Frick <-> smith v frick
BCCA_2017-2026,BCCA_2018bcca472,2014bcca445,both_strong,1,T.K. v. R.J.H.A. <-> t k v r j h a
BCCA_2017-2026,BCCA_2018bcca472,2012bcca315,both_strong,1,Yao v. Li <-> yao v li
BCCA_2017-2026,BCCA_2018bcca472,XC-G066070,ours_only_origin_undetermined|pubca:supported,0,reporter
BCCA_2017-2026,BCCA_2022bcca263,1989canlii95,both_strong,1,Air Canada v. British Columbia <-> air canada v british columbia
BCCA_2017-2026,BCCA_2022bcca263,1990canlii1996,Q_first_word_only,0,
BCCA_2017-2026,BCCA_2022bcca263,2018bcca121,both_strong,1,Bodnar v. Community Savings Credit Union <-> bodnar v community savings credit union
BCCA_2017-2026,BCCA_2022bcca263,2006bcca260,both_strong,1,Bodnar v. The Cash Store Inc. <-> bodnar v the cash store inc
BCCA_2017-2026,BCCA_2022bcca263,2019bcsc1885,both_strong,1,Bodnar v Community Savings Credit Union <-> an order of the supreme court of british columbia dated november 4 2019 bodnar v community savings credit union
BCCA_2017-2026,BCCA_2022bcca263,2012onca230,both_strong,1,Boyce v. Toronto Police Services Board <-> e g boyce v toronto police services board
BCCA_2017-2026,BCCA_2022bcca263,2011onsc53,both_strong,1,Boyce v. Toronto Police Services Board <-> e g boyce v toronto police services board
BCCA_2017-2026,BCCA_2022bcca263,2002mbqb142,both_strong,1,C.A.P.S. International Inc. v. Kotello <-> c a p s international inc v kotello
BCCA_2017-2026,BCCA_2022bcca263,2018onsc4804,both_strong,1,Coveley v. Thorsteinssons LLP <-> lauesen v silverman
BCCA_2017-2026,BCCA_2022bcca263,2007bcca258,both_strong,1,Eha v. Genge <-> wei v li
BCCA_2017-2026,BCCA_2022bcca263,2019bcsc238,both_strong,1,Forjay Management Ltd. v 0981478 B.C. Ltd. <-> forjay management ltd v 0981478 b c ltd
BCCA_2017-2026,BCCA_2022bcca263,2020bcca70,both_strong,1,Forjay Management Ltd. v. 625536 B.C. Ltd. <-> forjay management ltd v 625536 b c ltd
BCCA_2017-2026,BCCA_2022bcca263,2004scc25,both_strong,1,Garland v. Consumers' Gas Co. <-> garland v consumers gas co
BCCA_2017-2026,BCCA_2022bcca263,1978canlii393,both_weak,1,Harry v. Kreutziger <-> harry v kreutziger
BCCA_2017-2026,BCCA_2022bcca263,2011scc10,both_strong,1,Kerr v. Baranow <-> kerr v baranow
BCCA_2017-2026,BCCA_2022bcca263,2007bcca231,both_strong,1,Kilroy v. A OK Payday Loans Inc. <-> kilroy v a ok payday loans inc
BCCA_2017-2026,BCCA_2022bcca263,2006bcsc1213,both_strong,1,Kilroy v. A OK Payday Loans Inc. <-> kilroy v a ok payday loans inc
BCCA_2017-2026,BCCA_2022bcca263,2007scc1,both_strong,1,Kingstreet Investments Ltd. v. New Brunswick (Finance) <-> kingstreet investments ltd v new brunswick finance
BCCA_2017-2026,BCCA_2022bcca263,2006mbca77,both_strong,1,Kotello v. Dimerman <-> kotello v dimerman
BCCA_2017-2026,BCCA_2022bcca263,2016onca327,both_strong,1,Lauesen v. Silverman <-> lauesen v silverman
BCCA_2017-2026,BCCA_2022bcca263,1997canlii1765,Q_first_word_only,0,
BCCA_2017-2026,BCCA_2022bcca263,2018scc52,both_strong,1,Moore v. Sweet <-> moore v sweet
BCCA_2017-2026,BCCA_2022bcca263,1982canlii42,both_strong,1,Nepean Hydro Electric Commission v. Ontario Hydro <-> for example nepean hydro electric commission v ontario hydro
BCCA_2017-2026,BCCA_2022bcca263,1999canlii685,both_strong,1,Novak v. Bond <-> novak v bond
BCCA_2017-2026,BCCA_2022bcca263,2004scc75,both_strong,1,Pacific National Investments Ltd. v. Victoria (City) <-> pacific national investments ltd v victoria city
BCCA_2017-2026,BCCA_2022bcca263,1992canlii21,both_strong,1,Peel (Regional Municipality) v. Canada; Peel (Regional Municipality) v. Ontario <-> peel regional municipality v canada
BCCA_2017-2026,BCCA_2022bcca263,1993canlii126,both_strong,1,Peter v. Beblow <-> peter v beblow
BCCA_2017-2026,BCCA_2022bcca263,1980canlii22,both_strong,1,Pettkus v. Becker <-> pettkus v becker
BCCA_2017-2026,BCCA_2022bcca263,1978canlii3,both_strong,1,Rathwell v. Rathwell <-> rathwell v rathwell
BCCA_2017-2026,BCCA_2022bcca263,2001canlii24066,both_loose,1,Sharwood Company v. Municipal Financial Corporation <-> sharwood and co v municipal financial corp
BCCA_2017-2026,BCCA_2022bcca263,1986canlii23,both_strong,1,Sorochan v. Sorochan <-> sorochan v sorochan
BCCA_2017-2026,BCCA_2022bcca263,1993canlii2655,both_weak,1,Terracan Capital Corp. v. Pine Projects Ltd. <-> terracan capital corp v pine projects ltd
BCCA_2017-2026,BCCA_2022bcca263,2010bcca357,both_strong,1,Tracy v. Instaloans Financial Solutions Centres (B.C.) Ltd. <-> tracy v instaloans financial solutions centres b c ltd
BCCA_2017-2026,BCCA_2022bcca263,2004scc7,both_strong,1,Transport North American Express Inc. v. New Solutions Financial Corp. <-> transport north american express inc v new solutions financial corp
BCCA_2017-2026,BCCA_2022bcca263,2002canlii41979,both_weak,1,Transport North American Express Inc. v. New Solutions Financial Corp. <-> transport north american express inc v new solutions financial corp
BCCA_2017-2026,BCCA_2022bcca263,2019bcca114,both_strong,1,Wei v. Li <-> wei v li
BCCA_2017-2026,BCCA_2022bcca263,1989canlii185,Q_first_word_only,0,
BCCA_2017-2026,BCCA_2022bcca263,2010bcca226,both_strong,1,Wilson v. Fotsch <-> wilson v fotsch
BCCA_2017-2026,BCCA_2022bcca263,XC-G005501,ours_only_origin_undetermined|pubforeign:supported,0,reporter
BCCA_2017-2026,BCCA_2022bcca263,XC-G008461,ours_only_origin_undetermined|pubforeign:supported,0,reporter
BCCA_2017-2026,BCCA_2022bcca263,XC-G011277,ours_only_origin_ca|pubca:supported,0,reporter
BCCA_2017-2026,BCCA_2022bcca263,XC-G011799,ours_only_origin_undetermined|pubca:supported,0,reporter
BCCA_2017-2026,BCCA_2022bcca263,XC-G017577,ours_only_origin_ca|pubca:supported,0,reporter
BCCA_2017-2026,BCCA_2022bcca263,XC-G020205,ours_only_origin_undetermined|pubforeign:supported,0,reporter
BCCA_2017-2026,BCCA_2022bcca263,XC-G024831,ours_only_origin_ca|pubca:supported,0,reporter
BCCA_2017-2026,BCCA_2018bcca26,2013scc72,both_strong,1,Canada (Attorney General) v. Bedford <-> canada attorney general v bedford
BCCA_2017-2026,BCCA_2018bcca26,2015scc5,both_strong,2,Carter v. Canada (Attorney General) <-> bedford carter v canada / carter v canada attorney general
BCCA_2017-2026,BCCA_2018bcca26,2014ykca13,both_strong,1,R. v. Chambers <-> r v chambers
BCCA_2017-2026,BCCA_2018bcca26,2015bcca391,both_strong,1,R. v. Chudley <-> r v chudley
BCCA_2017-2026,BCCA_2018bcca26,2009scc58,both_strong,1,R. v. Dudley <-> see for example r v giroux
BCCA_2017-2026,BCCA_2018bcca26,1990canlii52,both_strong,1,R. v. Garofoli <-> r v garofoli
BCCA_2017-2026,BCCA_2018bcca26,2017ykca13,both_strong,1,R. v. Joe <-> r v joe
BCCA_2017-2026,BCCA_2018bcca26,1992canlii53,both_strong,1,R. v. Morales <-> r v morales
BCCA_2017-2026,BCCA_2018bcca26,2015scc55,both_strong,1,R. v. Moriarity <-> r v moriarity
BCCA_2017-2026,BCCA_2018bcca26,2017scc17,both_strong,1,R. v. Oland <-> r v oland
BCCA_2017-2026,BCCA_2018bcca26,1992canlii52,both_strong,1,R. v. Pearson <-> r v pearson
BCCA_2017-2026,BCCA_2018bcca26,2016scc14,both_strong,1,R. v. Safarzadeh‑Markhali <-> r v safarzadeh markhali
BCCA_2017-2026,BCCA_2018bcca26,2015scc27,both_strong,1,R. v. St-Cloud <-> r v st cloud
BCCA_2017-2026,BCCA_2018bcca26,2014scc26,both_strong,1,R. v. Summers <-> r v summers
BCCA_2017-2026,BCCA_2018bcca26,2017yktc3,both_strong,1,R. v. Taylor <-> 
BCCA_2017-2026,BCCA_2018bcca26,2015bcca349,both_strong,1,R. v. Vinepal <-> r v vinepal
BCCA_2017-2026,BCCA_2018bcca26,2005canlii14443,both_weak,1,R. v. Wallace <-> r v wallace
BCCA_2017-2026,BCCA_2018bcca26,2015onsc7115,both_strong,1,R. v Hussain <-> 
BCCA_2017-2026,BCCA_2018bcca26,2016onsc7156,both_strong,1,R. v Meads <-> r v meads
BCCA_2017-2026,BCCA_2018bcca26,2016mbca19,both_strong,1,R v Kovich (GW) <-> chambers and r v kovich
BCCA_2017-2026,BCCA_2018bcca26,2002scc17,both_strong,1,Ward v. Canada (Attorney General) <-> ward v canada attorney general
BCCA_2017-2026,BCCA_2018bcca26,XC-G008419,ours_only_origin_undetermined|pubca:supported,0,reporter
BCCA_2017-2026,BCCA_2018bcca26,XC-G024342,ours_only_origin_undetermined|pubca:supported,0,reporter
BCCA_2017-2026,BCCA_2018bcca26,XC-G025846,ours_only_origin_undetermined|pubca:heuristic_only,0,reporter
BCCA_2017-2026,BCCA_2018bcca26,XC-G027419,ours_only_origin_undetermined|pubca:supported,0,reporter
BCCA_2017-2026,BCCA_2018bcca26,XC-G046200,ours_only_origin_undetermined|pubca:supported,0,neutral
BCCA_2017-2026,BCCA_2019bcca360,2017bcca27,both_strong,1,A.A.A.M. v. Director of Adoption <-> a a a m v director of adoption
BCCA_2017-2026,BCCA_2019bcca360,2019bcca104,both_strong,1,Araya v. Nevsun Resources Ltd. <-> araya v nevsun resources ltd
BCCA_2017-2026,BCCA_2019bcca360,2011bcca539,both_strong,1,Bartram v. Glaxosmithkline Inc. <-> bartram v glaxosmithkline inc
BCCA_2017-2026,BCCA_2019bcca360,2017bcca219,both_strong,1,British Columbia (Attorney General) v. Lee <-> british columbia attorney general v lee
BCCA_2017-2026,BCCA_2019bcca360,2014bcca268,both_strong,1,British Columbia (Director of Civil Forfeiture) v. Johnson <-> british columbia director of civil forfeiture v johnson
BCCA_2017-2026,BCCA_2019bcca360,2017bcca287,both_strong,1,Cambie Surgeries Corporation v. British Columbia (Attorney General) <-> cambie surgeries corporation v british columbia attorney general
BCCA_2017-2026,BCCA_2019bcca360,2013bcca302,both_strong,1,Clifford v. Lord <-> clifford v lord
BCCA_2017-2026,BCCA_2019bcca360,2017bcca202,both_strong,1,Coburn and Watson’s Metropolitan Home v. Bank of America Corporation <-> coburn and watson s metropolitan home v bank of america corporation
BCCA_2017-2026,BCCA_2019bcca360,2016bcsc2021,both_strong,1,Coburn and Watson’s Metropolitan Home v. Bank of America Corporation <-> coburn and watson s metropolitan home v bank of america corporation
BCCA_2017-2026,BCCA_2019bcca360,2019bcsc947,both_strong,1,Coburn and Watson’s Metropolitan Home v BMO Financial Group <-> june 12 2019 coburn and watson s metropolitan home v bmo financial group
BCCA_2017-2026,BCCA_2019bcca360,2014bcca470,both_strong,1,Do Process LP v. Infokey Software Inc. <-> do process lp v infokey software inc
BCCA_2017-2026,BCCA_2019bcca360,2000bcca326,both_strong,1,"Goldman, Sachs & Co. v. Sessions et al. <-> goldman sachs and co v sessions"
BCCA_2017-2026,BCCA_2019bcca360,2018bcca263,both_strong,1,H.M.B. Holdings Limited v. Replay Resorts Inc. <-> h m b holdings limited v replay resorts inc
BCCA_2017-2026,BCCA_2019bcca360,1989canlii2751,both_loose,1,Hockin v. Bank of B.C. <-> hockin v bank of british columbia
BCCA_2017-2026,BCCA_2019bcca360,2017bcca305,both_strong,1,Hu v. Ting <-> hu v ting
BCCA_2017-2026,BCCA_2019bcca360,1994canlii2614,Q_not_found,0,
BCCA_2017-2026,BCCA_2019bcca360,2016onca568,both_strong,1,R. v. Ward <-> r v ward
BCCA_2017-2026,BCCA_2019bcca360,2016bcca407,both_strong,1,Tri-City Capital Corp. v. 0942317 B.C. Ltd. <-> tri city capital corp v 0942317 b c ltd
BCCA_2017-2026,BCCA_2019bcca360,2007bcca280,both_strong,1,Vancouver (City) v. Zhang <-> vancouver city v zhang
BCCA_2017-2026,BCCA_2019bcca360,2015bcca362,both_strong,1,Watson v. Bank of America Corporation <-> watson v bank of america corporation
BCCA_2017-2026,BCCA_2019bcca360,2014bcsc532,both_strong,1,Watson v. Bank of America Corporation <-> watson v bank of america corporation
BCCA_2017-2026,BCCA_2019bcca360,2012bcca315,both_strong,1,Yao v. Li <-> yao v li
BCCA_2017-2026,BCCA_2019bcca360,XC-G014995,ours_only_origin_undetermined|pubca:heuristic_only,0,reporter
BCCA_2017-2026,BCCA_2024bcca238,2023bcsc1535,both_strong,1,F.K.L. v D.M.A.T <-> august 31 2023 f k l v d m a t
BCCA_2017-2026,BCCA_2024bcca238,2017bcsc350,both_strong,1,L.J.G. v. N.B. <-> l j g v n g
BCCA_2017-2026,BCCA_2024bcca238,2020bcsc647,both_strong,1,M.J.P. v A.E <-> 
BCCA_2017-2026,BCCA_2024bcca238,2017bcpc311,both_strong,1,R.V.S. v. J.D.H. and S.A.H. <-> r v v j d h and s a h
BCCA_2017-2026,BCCA_2024bcca238,XC-G040397,ours_only_origin_undetermined|pubca:supported,0,neutral
BCCA_2017-2026,BCCA_2017bcca296,2014onca646,both_strong,1,Algonquins of Pikwakanagan v. Children's Aid Society of the County of Renfrew <-> and algonquins of pikwakanagan v children s aid society of the county of renfrew
BCCA_2017-2026,BCCA_2017bcca296,2003scc71,both_strong,1,British Columbia (Minister of Forests) v. Okanagan Indian Band <-> british columbia minister of forests v okanagan indian band
BCCA_2017-2026,BCCA_2017bcca296,2015bcsc1577,both_strong,1,British Columbia Birth Registration No. XX-XX297 (Re) <-> british columbia birth registration no xx xx297 re
BCCA_2017-2026,BCCA_2017bcca296,2003bcsc785,both_strong,1,"C.K. v. The Director, Ministry of Children and Family Development and British Columbia (Attorney-General) <-> "
BCCA_2017-2026,BCCA_2017bcca296,1989canlii259,both_loose,1,Catholic Children's Aid Society of Metropolitan Toronto v. S. <-> catholic children s aid society of metropolitan toronto v s t
BCCA_2017-2026,BCCA_2017bcca296,1992canlii110,both_strong,1,Friends of the Oldman River Society v. Canada (Minister of Transport) <-> friends of the oldman river society v canada minister of transport
BCCA_2017-2026,BCCA_2017bcca296,2003bcsc1248,both_strong,1,K. v. HMTQ (BC) & Others <-> k v hmtq bc and others
BCCA_2017-2026,BCCA_2017bcca296,2016bcca367,both_strong,1,"L.M. v. British Columbia (Director of Child, Family and Community Services) <-> l m v british columbia director of child family and community services"
BCCA_2017-2026,BCCA_2017bcca296,2015bcsc2261,both_strong,1,"L.M. v. British Columbia (Director of Child, Family and Community Services) <-> december 3 2015 and february 22 2016 l m v british columbia director of child family and community services"
BCCA_2017-2026,BCCA_2017bcca296,2016bcsc275,both_strong,1,"L.M. v. British Columbia (Director of Child, Family and Community Services) <-> "
BCCA_2017-2026,BCCA_2017bcca296,2008bcsc1321,both_strong,1,"N. K. v. British Columbia (Director, CFCSA) <-> n k v british columbia directors cfcsa"
BCCA_2017-2026,BCCA_2017bcca296,2012nsca43,both_strong,1,Nova Scotia (Community Services) v. T.G. <-> t g v nova scotia minister of community services
BCCA_2017-2026,BCCA_2017bcca296,2011bcca210,both_strong,1,Pinto v. Revelstoke Mountain Resort Limited Partnership <-> pinto v revelstoke mountain resort limited partnership
BCCA_2017-2026,BCCA_2017bcca296,1983canlii27,both_strong,1,Racine v. Woods <-> a n r v l j w
BCCA_2017-2026,BCCA_2017bcca296,1998canlii837,both_strong,1,Rizzo & Rizzo Shoes Ltd. (Re) <-> rizzo and rizzo shoes ltd re
BCCA_2017-2026,BCCA_2017bcca296,XC-G009867,ours_only_origin_undetermined|pubca:supported,0,reporter
BCCA_2017-2026,BCCA_2017bcca296,XC-G043353,ours_only_origin_undetermined|pubca:supported,0,neutral
BCCA_2017-2026,BCCA_2017bcca296,XC-G068672,ours_only_origin_ca|pubca:supported,0,reporter
BCCA_2017-2026,BCCA_2018bcca111,1985canlii5550,both_loose,1,Grewal v. M.E.I. <-> grewal v minister of employment and immigration
BCCA_2017-2026,BCCA_2018bcca111,1992canlii819,both_weak,1,Gudaitis v. Abacus Systems Inc. <-> gudaitis v abacus systems inc
BCCA_2017-2026,BCCA_2018bcca111,1979canlii8,both_strong,1,Palmer v. The Queen <-> palmer v the queen
BCCA_2017-2026,BCCA_2018bcca111,2002bcca413,both_strong,1,R. v. A.G. (M.) <-> r v m a g
BCCA_2017-2026,BCCA_2018bcca111,2009bcca443,both_strong,1,R. v. Alpha Manufacturing Inc. <-> r v alpha manufacturing inc
BCCA_2017-2026,BCCA_2018bcca111,2013abca191,both_strong,1,R. v. B.E.A. <-> r v b a a
BCCA_2017-2026,BCCA_2018bcca111,2008bcca332,both_strong,1,R. v. Cai <-> r v cai
BCCA_2017-2026,BCCA_2018bcca111,2004bcca540,both_strong,1,R. v. Cooper <-> r v cooper
BCCA_2017-2026,BCCA_2018bcca111,1988canlii80,both_strong,1,R. v. Corbett <-> r v corbett
BCCA_2017-2026,BCCA_2018bcca111,2008bcca259,both_strong,1,R. v. Gill <-> r v gill
BCCA_2017-2026,BCCA_2018bcca111,2017bcsc98,both_strong,1,R. v. Gill <-> r v gill
BCCA_2017-2026,BCCA_2018bcca111,1990canlii1028,both_weak,1,R. v. Smith <-> r v smith
BCCA_2017-2026,BCCA_2018bcca111,1974canlii1608,both_weak,1,R. v. Tan <-> r v tan
BCCA_2017-2026,BCCA_2018bcca111,2007bcca565,both_strong,1,R. v. Taylor <-> r v taylor
BCCA_2017-2026,BCCA_2018bcca111,1998canlii3127,both_weak,1,R. v. Trimper <-> r v trimper
BCCA_2017-2026,BCCA_2018bcca111,1992canlii630,both_weak,1,R. v. Ubhi <-> r v ubhi
BCCA_2017-2026,BCCA_2018bcca111,2009ykca9,both_strong,1,R. v. Winfield <-> r v winfield
BCCA_2017-2026,BCCA_2018bcca111,2017nsca45,both_strong,1,R. v Borden <-> r v borden
BCCA_2017-2026,BCCA_2018bcca111,2016bcsc1011,both_strong,1,R. v Gill <-> 
BCCA_2017-2026,BCCA_2018bcca111,2009bcca547,both_strong,1,Reger v. Savage <-> reger v savage
BCCA_2017-2026,BCCA_2018bcca111,XC-G012272,ours_only_origin_undetermined|pubnone:supported,0,reporter
BCCA_2017-2026,BCCA_2018bcca111,XC-G058768,ours_only_origin_undetermined|pubca:supported,0,reporter
BCCA_2017-2026,BCCA_2018bcca111,XC-G059710,ours_only_origin_undetermined|pubca:supported,0,reporter
BCCA_2017-2026,BCCA_2018bcca111,XC-G062084,ours_only_origin_undetermined|pubca:supported,0,reporter
BCCA_2017-2026,BCCA_2018bcca111,XC-G062351,ours_only_origin_undetermined|pubca:supported,0,reporter
BCCA_2017-2026,BCCA_2018bcca111,XC-G062844,ours_only_origin_undetermined|pubca:supported,0,reporter
BCCA_2017-2026,BCCA_2018bcca111,XC-G062876,ours_only_origin_undetermined|pubca:supported,0,reporter
BCCA_2017-2026,BCCA_2018bcca111,XC-G064591,ours_only_origin_ca|pubca:supported,0,reporter
BCCA_2017-2026,BCCA_2018bcca111,XC-G069668,ours_only_origin_undetermined|pubca:supported,0,reporter
BCCA_2017-2026,BCCA_2022bcca165,2021bcca176,both_strong,1,1193652 B.C. Ltd. v. New Westminster (City) <-> 1193652 b c ltd v new westminster city
BCCA_2017-2026,BCCA_2022bcca165,2013scc36,both_strong,1,Agraira v. Canada (Public Safety and Emergency Preparedness) <-> agraira v canada public safety and emergency preparedness
BCCA_2017-2026,BCCA_2022bcca165,2021bcsc399,both_strong,1,Ahluwalia v British Columbia (Workers’ Compensation Board) <-> 
BCCA_2017-2026,BCCA_2022bcca165,2020bcsc1717,both_strong,1,Ahluwalia v Workers’ Compensation Appeal Tribunal <-> 
BCCA_2017-2026,BCCA_2022bcca165,2019scc65,both_strong,1,Canada (Minister of Citizenship and Immigration) v. Vavilov <-> canada minister of citizenship and immigration v vavilov
BCCA_2017-2026,BCCA_2022bcca165,XC-G056761,ours_only_origin_undetermined|pubnone:supported,0,reporter
BCCA_2017-2026,BCCA_2022bcca31,2007bcca586,both_strong,1,Austin v. Goerz <-> austin v goerz
BCCA_2017-2026,BCCA_2022bcca31,2008bcsc219,both_strong,1,Gosbjorn v. Hadley <-> gosbjorn v hadley
BCCA_2017-2026,BCCA_2022bcca31,1986canlii164,both_weak,1,Gostlin v. Kergin <-> gostlin v kergin
BCCA_2017-2026,BCCA_2022bcca31,2004scc65,both_strong,1,Hodge v. Canada (Minister of Human Resources Development) <-> hodge v canada minister of human resources development
BCCA_2017-2026,BCCA_2022bcca31,2002scc33,both_strong,1,Housen v. Nikolaisen <-> housen v nikolaisen
BCCA_2017-2026,BCCA_2022bcca31,2020bcsc1371,both_strong,1,Jones v Davidson <-> september 15 2020 jones v davidson
BCCA_2017-2026,BCCA_2022bcca31,1999canlii686,both_strong,1,M. v. H. <-> m v h
BCCA_2017-2026,BCCA_2022bcca31,2009bcca286,both_strong,1,Marois v. Pelech <-> marois v pelech
BCCA_2017-2026,BCCA_2022bcca31,1980canlii1537,both_weak,1,Molodowich v. Penttinen <-> molodowich v penttinen
BCCA_2017-2026,BCCA_2022bcca31,2011bcca397,both_strong,1,Shannon v. Shannon <-> shannon v shannon
BCCA_2017-2026,BCCA_2022bcca31,1998canlii6429,Q_first_word_only,0,
BCCA_2017-2026,BCCA_2022bcca31,2015bcca492,both_strong,1,Weber v. Leclerc <-> weber v leclerc
BCCA_2017-2026,BCCA_2022bcca31,2003skqb124,both_strong,1,Yakiwchuk v. Oaks <-> yakiwchuk v oaks
BCCA_2017-2026,BCCA_2022bcca31,XC-G019209,ours_only_origin_undetermined|pubca:supported,0,reporter
BCCA_2017-2026,BCCA_2023bcca290,2015bcca135,both_strong,1,Alexis v. Duncan <-> alexis v duncan
BCCA_2017-2026,BCCA_2023bcca290,2010bcca128,both_strong,1,Amezcua v. Taylor <-> amezcua v taylor
BCCA_2017-2026,BCCA_2023bcca290,2011peca3,both_strong,1,Ayangma v. French School Board <-> ayangma v french school board
BCCA_2017-2026,BCCA_2023bcca290,1992canlii1829,Q_first_word_only,0,
BCCA_2017-2026,BCCA_2023bcca290,2023bcca68,both_strong,1,Brar v. Kootenay Savings Credit Union <-> brar v kootenay savings credit union
BCCA_2017-2026,BCCA_2023bcca290,2014scc8,both_strong,1,"Bruno Appliance and Furniture, Inc. v. Hryniak <-> bruno appliance and furniture inc v hryniak"
BCCA_2017-2026,BCCA_2023bcca290,1992canlii1419,Q_not_found,0,
BCCA_2017-2026,BCCA_2023bcca290,2021scc33,both_strong,1,Canadian Broadcasting Corp. v. Manitoba <-> canadian broadcasting corp v manitoba
BCCA_2017-2026,BCCA_2023bcca290,2001bcca82,both_strong,1,Carla M. Courtenay Law Corporation v. Lalani <-> carla m courtenay law corporation v lalani date 20010216
BCCA_2017-2026,BCCA_2023bcca290,1989canlii41,both_strong,1,Chandler v. Alberta Association of Architects <-> chandler v alberta association of architects
BCCA_2017-2026,BCCA_2023bcca290,2019bcca308,both_strong,1,Coburn and Watson’s Metropolitan Home <-> coburn and watson s metropolitan home v home depot of canada inc
BCCA_2017-2026,BCCA_2023bcca290,1997canlii2995,Q_first_word_only,0,
BCCA_2017-2026,BCCA_2023bcca290,2012bcca329,both_strong,1,Creston Moly Corp. v. Sattva Capital Corp. <-> creston moly corp v sattva capital corp
BCCA_2017-2026,BCCA_2023bcca290,1990canlii586,both_loose,1,D. K. Investments Ltd. v. S. W. S. Investments Ltd. <-> southin j a in d k investments ltd v s w s investments ltd
BCCA_2017-2026,BCCA_2023bcca290,2003scc62,both_strong,1,Doucet-Boudreau v. Nova Scotia (Minister of Education) <-> doucet boudreau v nova scotia minister of education
BCCA_2017-2026,BCCA_2023bcca290,1994canlii3121,both_weak,1,Ellerbeck v. Ellerbeck <-> ellerbeck v ellerbeck
BCCA_2017-2026,BCCA_2023bcca290,2018bcca290,both_strong,1,Este v. Esteghamat-Ardakani <-> este v esteghamat ardakani
BCCA_2017-2026,BCCA_2023bcca290,2017bcsc878,both_strong,1,Este v Esteghamat-Ardakani <-> may 29 2017 este v esteghamat ardakani
BCCA_2017-2026,BCCA_2023bcca290,2003bcsc954,both_strong,1,Evans v. Silicon Valley IPO Network <-> evans v silicon valley ipo network
BCCA_2017-2026,BCCA_2023bcca290,2020bcca361,both_strong,1,GEA Refrigeration Canada Inc. v. Chang <-> gea refrigeration canada inc v chang
BCCA_2017-2026,BCCA_2023bcca290,2015bcca82,both_strong,1,Halliday v. Halliday <-> halliday v halliday
BCCA_2017-2026,BCCA_2023bcca290,2002scc33,both_strong,1,Housen v. Nikolaisen <-> housen v nikolaisen
BCCA_2017-2026,BCCA_2023bcca290,1929canlii516,both_weak,1,Kinch v. Walcott <-> kinch v walcott
BCCA_2017-2026,BCCA_2023bcca290,2018bcca115,both_strong,1,Long v. Red Branch Investments Limited <-> long v red branch investments limited
BCCA_2017-2026,BCCA_2023bcca290,2018onsc6212,both_strong,1,Loy-English v. Fournier <-> 
BCCA_2017-2026,BCCA_2023bcca290,1922canlii29,both_strong,1,MacDonald v. Pier <-> macdonald v pier
BCCA_2017-2026,BCCA_2023bcca290,2005bcca297,both_strong,1,McIntosh v. Nilsson Bros. Inc. <-> mcintosh v nilsson bros inc
BCCA_2017-2026,BCCA_2023bcca290,1980canlii1078,both_weak,1,Morstad v. Quintal <-> morstad v quintal
BCCA_2017-2026,BCCA_2023bcca290,2015bcca278,both_strong,1,Nichol v. Nichol <-> nichol v nichol
BCCA_2017-2026,BCCA_2023bcca290,1934canlii1,both_strong,1,Paper Machinery Ltd. et Al. v. J.O. Ross Engineering Corp. et Al. <-> paper machinery ltd v j o ross engineering corp
BCCA_2017-2026,BCCA_2023bcca290,2017bcca243,both_strong,1,Pond v. Pond <-> pond v pond
BCCA_2017-2026,BCCA_2023bcca290,1998canlii6426,both_strong,1,Prairie Hydraulic Equipment Ltd. v.  Everest Equipment Inc. <-> 
BCCA_2017-2026,BCCA_2023bcca290,1995canlii56,both_strong,1,R. v. Adams <-> r v adams
BCCA_2017-2026,BCCA_2023bcca290,2002scc55,both_strong,1,R. v. Burke <-> r v burke
BCCA_2017-2026,BCCA_2023bcca290,1997canlii418,Q_not_found,0,
BCCA_2017-2026,BCCA_2023bcca290,1970canlii143,both_strong,1,R. v. Jacobs <-> r v h e
BCCA_2017-2026,BCCA_2023bcca290,2020onca759,both_strong,1,R. v. Smithen-Davis <-> r v smithen davis
BCCA_2017-2026,BCCA_2023bcca290,2008bcca59,both_strong,1,R & J Siever Holdings Ltd. v. Moldenhauer <-> r and j siever holdings ltd v moldenhauer
BCCA_2017-2026,BCCA_2023bcca290,1988canlii2937,both_weak,1,Racz v. Mission (District) <-> racz v mission district
BCCA_2017-2026,BCCA_2023bcca290,1990canlii158,both_strong,1,Reekie v. Messervey <-> reekie v messervey
BCCA_2017-2026,BCCA_2023bcca290,2009scc10,both_strong,1,Rick v. Brandsema <-> rick v brandsema
BCCA_2017-2026,BCCA_2023bcca290,2017bcca55,both_strong,1,Robert Hungerford Law Corporation v. Stenner <-> robert hungerford law corporation v stenner
BCCA_2017-2026,BCCA_2023bcca290,2019canlii18830,both_strong,1,"Rosa Donna Este v. Mina Esteghamat-Ardakani also known as Mina Estegahamat-Ardakani, et al. <-> rosa donna este v mina esteghamat ardakani et al"
BCCA_2017-2026,BCCA_2023bcca290,1961canlii50,both_strong,1,Royal Trust Company v. E.M. Jones <-> royal trust co v jones
BCCA_2017-2026,BCCA_2023bcca290,1927canlii129,both_weak,1,Sanborn v. Sanborn <-> sanborn v sanborn
BCCA_2017-2026,BCCA_2023bcca290,1999bcca704,both_strong,1,Shackleton  v. Shackleton <-> shackleton v shackleton
BCCA_2017-2026,BCCA_2023bcca290,2020bcca345,both_strong,1,Taherkhani v. Este <-> taherkhani v este
BCCA_2017-2026,BCCA_2023bcca290,2022bcca62,both_strong,1,Taherkhani v. Esteghamat-Ardakani <-> taherkhani v esteghamat ardakani
BCCA_2017-2026,BCCA_2023bcca290,2020bcsc101,both_strong,1,Taherkhani v Este <-> january 28 2020 taherkhani v este
BCCA_2017-2026,BCCA_2023bcca290,2021bcsc1339,both_strong,1,Taherkhani v Este <-> july 8 2021 taherkhani v este
BCCA_2017-2026,BCCA_2023bcca290,2021bcsc1745,both_strong,1,Taherkhani v Este <-> taherkhani v este
BCCA_2017-2026,BCCA_2023bcca290,2010bcca329,both_strong,1,"The Owners, Strata Plan No. VIS3578 v. John A. Neilson Architects Inc. <-> the owners strata plan no vis3578 v john a neilson architects inc"
BCCA_2017-2026,BCCA_2023bcca290,1994canlii534,Q_not_found,0,
BCCA_2017-2026,BCCA_2023bcca290,2012bcca492,both_strong,1,Truong v. Tran <-> truong v tran
BCCA_2017-2026,BCCA_2023bcca290,1998canlii5454,both_loose,1,Tsaoussis v. Baetz <-> tsaoussis litigation guardian of v baetz
BCCA_2017-2026,BCCA_2023bcca290,2022bcsc2023,both_strong,1,Zant v Zant <-> november 18 2022 zant v zant
BCCA_2017-2026,BCCA_2023bcca290,XC-G000239,ours_only_origin_undetermined|pubforeign:heuristic_only,0,reporter
BCCA_2017-2026,BCCA_2023bcca290,XC-G000644,ours_only_origin_undetermined|pubforeign:supported,0,reporter
BCCA_2017-2026,BCCA_2023bcca290,XC-G001125,ours_only_origin_undetermined|pubforeign:supported,0,reporter
BCCA_2017-2026,BCCA_2023bcca290,XC-G004161,ours_only_origin_ca|pubca:supported,0,reporter
BCCA_2017-2026,BCCA_2023bcca290,XC-G005010,ours_only_origin_undetermined|pubnone:supported,0,reporter
BCCA_2017-2026,BCCA_2023bcca290,XC-G012538,ours_only_origin_undetermined|pubca:supported,0,reporter
BCCA_2017-2026,BCCA_2023bcca290,XC-G013339,ours_only_origin_undetermined|pubca:supported,0,reporter
BCCA_2017-2026,BCCA_2023bcca290,XC-G013356,ours_only_origin_undetermined|pubca:supported,0,reporter
BCCA_2017-2026,BCCA_2023bcca290,XC-G015154,ours_only_origin_undetermined|pubca:supported,0,reporter
BCCA_2017-2026,BCCA_2023bcca290,XC-G017834,ours_only_origin_undetermined|pubca:heuristic_only,0,reporter
BCCA_2017-2026,BCCA_2023bcca290,XC-G018024,ours_only_origin_undetermined|pubca:supported,0,reporter
BCCA_2017-2026,BCCA_2023bcca290,XC-G061336,ours_only_origin_undetermined|pubca:supported,0,reporter
BCCA_2017-2026,BCCA_2023bcca290,XC-G063802,ours_only_origin_undetermined|pubnone:supported,0,reporter
BCCA_2017-2026,BCCA_2023bcca290,XC-G065186,ours_only_origin_ca|pubca:supported,0,reporter
BCCA_2017-2026,BCCA_2023bcca290,XC-G066090,ours_only_origin_undetermined|pubca:supported,0,reporter
BCCA_2017-2026,BCCA_2023bcca290,XC-G068665,ours_only_origin_undetermined|pubforeign:supported,0,reporter
BCCA_2017-2026,BCCA_2023bcca290,XC-G068812,ours_only_origin_undetermined|pubca:supported,0,reporter
BCCA_2017-2026,BCCA_2022bcca299,2015bcsc1934,both_strong,1,0962118 B.C. Ltd. v. Salty’s Fish & Chips Ltd. <-> 0962118 b c ltd v salty s fish and chips ltd
BCCA_2017-2026,BCCA_2022bcca299,1991canlii13013,both_loose,1,Burke et al. v. Larter et al. <-> burke v larter
BCCA_2017-2026,BCCA_2022bcca299,2019bcsc1716,both_strong,1,Collington Construction Ltd. v CPOS Development Corp. <-> 
BCCA_2017-2026,BCCA_2022bcca299,1993canlii1669,both_loose,1,Fat Mel's Restaurant Ltd. v. Canadian Northern Shield Insurance Co. <-> fat mel s restaurant ltd v cdn northern shield insur co
BCCA_2017-2026,BCCA_2022bcca299,2001bcsc1208,both_strong,1,Gray v. Powerassist Technologies Inc. <-> 
BCCA_2017-2026,BCCA_2022bcca299,2009bcsc965,both_strong,1,Integrated Contractors Ltd. v. Leduc Development Ltd. <-> integrated contractors ltd v leduc developments ltd
BCCA_2017-2026,BCCA_2022bcca299,1997canlii4037,both_loose,1,Kropp v. Swaneset Bay Golf Course Ltd. <-> and kropp v swanaset bay golf course ltd
BCCA_2017-2026,BCCA_2022bcca299,2019bcsc859,both_strong,1,Legacy Homeworks Ltd. v 1057149 Alberta Ltd. <-> parkbridge cites legacy homeworks ltd v 1057149 alberta ltd
BCCA_2017-2026,BCCA_2022bcca299,2020bcsc1613,both_strong,1,New West Custom Homes (Kelowna) Inc. v Parkbridge Lifestyle Communities Inc. <-> 
BCCA_2017-2026,BCCA_2022bcca299,2016bcca12,both_strong,1,Ocean Pastures Corporation v. Old Masset Economic  Development Corporation <-> ocean pastures corporation v old masset economic development corporation
BCCA_2017-2026,BCCA_2022bcca299,1995canlii7259,both_weak,1,Paul v. General Magnaplate Corp. <-> paul v general magnaplate corp
BCCA_2017-2026,BCCA_2022bcca299,2014bcsc1756,both_strong,1,Peat v. Raven <-> peat v raven
BCCA_2017-2026,BCCA_2022bcca299,2004bcsc882,both_strong,1,S.W. v. J.D.M. et al. <-> s w v j d m et al
BCCA_2017-2026,BCCA_2022bcca299,2005bcsc538,both_strong,1,Scotford Electrical et al v. Blue Mountain Log Sales et al <-> 
BCCA_2017-2026,BCCA_2022bcca299,2013bcsc999,both_strong,1,Walton Excavating Ltd. v. Yellowridge Construction Ltd. <-> 
BCCA_2017-2026,BCCA_2022bcca299,XC-G006286,ours_only_origin_undetermined|pubforeign:supported,0,reporter
BCCA_2017-2026,BCCA_2025bcca40,2019bcca447,both_strong,1,"Fantov v. Canada Bread Company, Limited <-> fantov v canada bread company limited"
BCCA_2017-2026,BCCA_2025bcca40,2024bcca252,both_strong,1,G.D. v. South Coast British Columbia Transportation Authority <-> g d v south coast british columbia transportation authority
BCCA_2017-2026,BCCA_2025bcca40,2024bcsc1136,both_strong,1,L'Anton v Mackenzie Financial Corporation <-> june 13 2024 l anton v mackenzie financial corporation
BCCA_2017-2026,BCCA_2025bcca40,2024bcsc644,both_strong,1,Tanchak v British Columbia <-> 
BCCA_2017-2026,BCCA_2025bcca40,2003scc63,both_strong,1,"Toronto (City) v. C.U.P.E., Local 79 <-> toronto city v c u p e local 79"
BCCA_2017-2026,BCCA_2019bcca258,1986canlii1089,both_loose,1,B.C. Teachers' Fed. v. B.C. (A.G.) <-> british columbia teachers federation v british columbia attorney general
BCCA_2017-2026,BCCA_2019bcca258,2011bcca539,both_strong,1,Bartram v. Glaxosmithkline Inc. <-> bartram v glaxosmithkline inc
BCCA_2017-2026,BCCA_2019bcca258,2019bcca160,both_strong,1,British Columbia (Director of Civil Forfeiture) v. Day <-> british columbia director of civil forfeiture v day
BCCA_2017-2026,BCCA_2019bcca258,2015bcsc2033,both_strong,1,Cote v. Milltown Marina & Boatyard Ltd. <-> cote v milltown marina and boatyard ltd
BCCA_2017-2026,BCCA_2019bcca258,2000bcca326,both_strong,1,"Goldman, Sachs & Co. v. Sessions et al. <-> goldman sachs and co v sessions"
BCCA_2017-2026,BCCA_2019bcca258,2017scc34,both_strong,1,Google Inc. v. Equustek Solutions Inc. <-> google inc v equustek solutions inc
BCCA_2017-2026,BCCA_2019bcca258,2011bcca478,both_strong,1,Hagwilneghl v. Canadian Forest Products Ltd. <-> hagwilneghl v canadian forest products ltd
BCCA_2017-2026,BCCA_2019bcca258,2018bcca462,both_strong,1,Haida Nation v. British Columbia (Attorney General) <-> haida nation v british columbia attorney general
BCCA_2017-2026,BCCA_2019bcca258,1994canlii2614,Q_not_found,0,
BCCA_2017-2026,BCCA_2019bcca258,2018bcca420,both_strong,1,Kepis & Pobe Financial Group Inc. v. Timis Corporation <-> kepis and pobe financial group inc v timis corporation
BCCA_2017-2026,BCCA_2019bcca258,2019bcca99,both_strong,1,Maple Ridge (City) v. Copperthwaite <-> maple ridge city v copperthwaite
BCCA_2017-2026,BCCA_2019bcca258,2013bcca340,both_strong,1,McKnight v. Hutchison <-> assessment of costs mcknight v hutchison
BCCA_2017-2026,BCCA_2019bcca258,2011bcsc36,both_strong,1,McKnight v. Hutchison <-> mcknight v hutchison
BCCA_2017-2026,BCCA_2019bcca258,2010bcca175,both_strong,1,Movassaghi v. Aghtai <-> movassaghi v aghtai
BCCA_2017-2026,BCCA_2019bcca258,2012bcsc191,both_strong,1,Naramalta Development Corporation v. Therapy General Partner Ltd. <-> and naramalta development corporation v therapy general partner ltd
BCCA_2017-2026,BCCA_2019bcca258,2019bcsc478,both_strong,1,"Neural Capital GP, LLC v 1156062 BC Ltd. <-> march 21 2019 neural capital gp llc v 1156062 bc ltd"
BCCA_2017-2026,BCCA_2019bcca258,2003bcsc1924,both_strong,1,Osooli-Talesh v. Emami <-> osooli talesh v emami
BCCA_2017-2026,BCCA_2019bcca258,1994canlii117,both_strong,1,RJR-MacDonald Inc. v. Canada (Attorney General) <-> r j r macdonald inc v canada attorney general / rjr macdonald inc v canada attorney general
BCCA_2017-2026,BCCA_2019bcca258,2006bcca395,both_strong,1,Robak Industries Ltd. v. Gardner <-> robak industries ltd v gardner
BCCA_2017-2026,BCCA_2019bcca258,1997canlii346,both_strong,1,Soulos v. Korkontzilas <-> soulos v korkontzilas
BCCA_2017-2026,BCCA_2019bcca258,2009bcca3,both_strong,1,Teck Cominco Metals Ltd. v. British Columbia (Minister of Revenue) <-> teck cominco metals ltd v british columbia minister of revenue
BCCA_2017-2026,BCCA_2019bcca258,1985canlii450,Q_first_word_only,0,
BCCA_2017-2026,BCCA_2019bcca258,1997canlii4052,Q_first_word_only,0,
BCCA_2017-2026,BCCA_2019bcca258,XC-G009208,ours_only_origin_undetermined|pubca:supported,0,reporter
BCCA_2017-2026,BCCA_2019bcca258,XC-G014995,ours_only_origin_undetermined|pubca:heuristic_only,0,reporter
BCCA_2017-2026,BCCA_2019bcca258,XC-G018360,ours_only_origin_undetermined|pubca:supported,0,reporter
BCCA_2017-2026,BCCA_2019bcca258,XC-G019334,ours_only_origin_undetermined|pubca:heuristic_only,0,reporter
BCCA_2017-2026,BCCA_2023bcca134,2017bcsc1017,both_strong,1,Ascent One Properties Ltd. v Liao <-> ascent one properties ltd v liao
BCCA_2017-2026,BCCA_2023bcca134,1979canlii229,both_strong,1,Canadian National Railways v. Canadian Pacific Ltd. <-> re canadian national railways and canadian pacific ltd
BCCA_2017-2026,BCCA_2023bcca134,2010bcca368,both_strong,1,De Cotiis v. Viam Holdings Ltd. <-> de cotiis v viam holdings ltd
BCCA_2017-2026,BCCA_2023bcca134,2018qccs4590,both_strong,1,Elefant c. Genwood Industries Ltd. <-> elefant v genwood industries ltd
BCCA_2017-2026,BCCA_2023bcca134,2017bcca309,both_strong,1,Ghassemvand v. Premium Weatherstripping Inc. <-> ghassemvand v premium weatherstripping inc
BCCA_2017-2026,BCCA_2023bcca134,2007bcsc286,both_strong,1,Glacier Creek Development Corporation v. Pemberton Benchlands Housing Corporation <-> glacier creek development corporation v pemberton benchlands housing corporation
BCCA_2017-2026,BCCA_2023bcca134,2005scc25,both_strong,1,H.L. v. Canada (Attorney General) <-> h l v canada attorney general
BCCA_2017-2026,BCCA_2023bcca134,2008bcsc136,both_strong,1,Korker Diversified Holdings Inc. v. Savingsplus Internet Inc. <-> korker diversified holdings inc v savingsplus internet inc
BCCA_2017-2026,BCCA_2023bcca134,2019bcsc21,both_strong,1,McPhail v Ross <-> mcphail v ross
BCCA_2017-2026,BCCA_2023bcca134,2022bcsc852,both_strong,1,Multiguide GmbH v Broer <-> may 19 2022 multiguide gmbh v broer
BCCA_2017-2026,BCCA_2023bcca134,2022bcca298,both_strong,1,Multiguide Technologies Inc. v. Multiguide GmbH <-> multiguide technologies inc v multiguide gmbh
BCCA_2017-2026,BCCA_2023bcca134,2014scc53,both_strong,1,Sattva Capital Corp. v. Creston Moly Corp. <-> sattva capital corp v creston moly corp
BCCA_2017-2026,BCCA_2023bcca134,2016onca912,both_strong,1,Shewchuk v. Blackmont Capital Inc. <-> shewchuk v blackmont capital inc
BCCA_2017-2026,BCCA_2023bcca134,2017bcsc119,both_strong,1,Tudor Sales Ltd. (Re) <-> re tudor sales ltd
BCCA_2017-2026,BCCA_2023bcca134,2016onsc569,both_strong,1,U.S. Steel Canada Inc. (Re) <-> 167 68 in u s steel canada inc re
BCCA_2017-2026,BCCA_2023bcca134,2018bcca176,both_strong,1,Wade v. Duck <-> wade v duck
BCCA_2017-2026,BCCA_2023bcca134,2021onsc4178,both_strong,1,YG Limited Partnership and YSL Residences (Re) <-> 
BCCA_2017-2026,BCCA_2021bcca57,1992canlii127,both_strong,1,R. v. Clunas <-> r v clunas
BCCA_2017-2026,BCCA_2022bcca358,2013scc36,both_strong,1,Agraira v. Canada (Public Safety and Emergency Preparedness) <-> agraira v canada public safety and emergency preparedness
BCCA_2017-2026,BCCA_2022bcca358,2017bcsc1268,both_strong,1,C.S. v British Columbia (Human Rights Tribunal) <-> dated july 21 2017 c s v british columbia human rights tribunal
BCCA_2017-2026,BCCA_2022bcca358,2008bchrt436,both_strong,1,C.S.W.U. Local 1611 v. SELI Canada and others (No. 8) <-> cswu local 1611 v seli canada and others no 8
BCCA_2017-2026,BCCA_2022bcca358,2019bchrt275,both_strong,1,Campbell v. Vancouver Police Board (No. 4) <-> campbell v vancouver police board no 4
BCCA_2017-2026,BCCA_2022bcca358,2005bchrt301,both_strong,1,Gillis v. United Native Nations Society <-> gillis v united native nations society
BCCA_2017-2026,BCCA_2022bcca358,2021bcca111,both_strong,1,Maroofi v. Health Professions Review Board <-> maroofi v health professions review board
BCCA_2017-2026,BCCA_2022bcca358,2020bchrt133,both_strong,1,Miller v. Union of BC Performers <-> 
BCCA_2017-2026,BCCA_2022bcca358,2021bcsc1054,both_strong,1,Miller v The Union of British Columbia Performers <-> june 2 2021 miller v the union of british columbia performers
BCCA_2017-2026,BCCA_2022bcca358,2011scc62,both_strong,1,Newfoundland and Labrador Nurses' Union v. Newfoundland and Labrador (Treasury Board) <-> newfoundland and labrador nurses union v newfoundland and labrador treasury board
BCCA_2017-2026,BCCA_2022bcca358,2008scc41,both_strong,1,R. v. Kapp <-> r v kapp
BCCA_2017-2026,BCCA_2022bcca358,2005bchrt302,both_strong,1,Radek v. Henderson Development (Canada) and Securiguard Services (No. 3) <-> radek v henderson development canada and securiguard services no 3
BCCA_2017-2026,BCCA_2022bcca358,2000bchrt30,both_strong,1,Reid et al. v. Vancouver (City) et al. (No. 5) <-> reid et al v vancouver city et al no 5
BCCA_2017-2026,BCCA_2022bcca358,2014bchrt30,both_strong,1,Rizzardo v. University of British Columbia <-> 
BCCA_2017-2026,BCCA_2022bcca358,2019bchrt222,both_strong,1,Yaniv v. Various Waxing Salons (No. 2) <-> 
BCCA_2017-2026,BCCA_2022bcca358,2015scc25,both_strong,1,"Yukon Francophone School Board, Education Area #23 v. Yukon (Attorney General) <-> yukon francophone school board education area 23 v yukon attorney general"
BCCA_2017-2026,BCCA_2022bcca358,2021bcca226,both_strong,1,Yu v. Richmond (City) <-> yu v richmond city
BCCA_2017-2026,BCCA_2021bcca153,2002bcca139,both_strong,1,DeFehr v. DeFehr <-> defehr v defehr
BCCA_2017-2026,BCCA_2021bcca153,2019bcca303,both_strong,1,Dhaliwal v. Bonterra Resources Inc. <-> dhaliwal v bonterra resources inc
BCCA_2017-2026,BCCA_2021bcca153,2012bcca342,both_strong,1,"Environmental Packaging Technologies, Ltd. v. Rudjuk <-> environmental packaging technologies ltd v rudjuk"
BCCA_2017-2026,BCCA_2021bcca153,2004bcca149,both_strong,1,Evans v. Umbrella Capital LLC <-> evans v umbrella capital llc
BCCA_2017-2026,BCCA_2021bcca153,2015bcsc2060,both_strong,1,Ghassemvand v. Premium Weatherstripping Inc. <-> 
BCCA_2017-2026,BCCA_2021bcca153,2005scc25,both_strong,1,H.L. v. Canada (Attorney General) <-> h l v canada attorney general
BCCA_2017-2026,BCCA_2021bcca153,2002scc33,both_strong,1,Housen v. Nikolaisen <-> housen v nikolaisen
BCCA_2017-2026,BCCA_2021bcca153,2010bcsc1857,both_strong,1,Key Insurance Services Partnership v. T. Clarke Insurance Services Ltd. <-> key insurance services partnership v t clarke insurance services ltd
BCCA_2017-2026,BCCA_2021bcca153,2020bcsc1324,both_strong,1,Li v Jin <-> li v jin
BCCA_2017-2026,BCCA_2021bcca153,2015bcca318,both_strong,1,Politeknik Metal San ve Tic A.Ş. v. AAE Holdings Ltd. <-> politeknik metal san ve tic a v aae holdings ltd
