direction,source_decision,mention_detail_key,category,r1_foreign_status,r2c_foreign_status
removed,ONCA_2007onca759,ONCA|2006|89|lcr||161,mentions_not_counted_in_r2c,UNDETERMINED,
removed,ONCA_2008onca384,ONCA|2007|277|dlr|4d|644,mentions_not_counted_in_r2c,UNDETERMINED,
removed,ONCA_2008onca534,ONCA|2007||oj||3360,mentions_not_counted_in_r2c,DOMESTIC_CA,
removed,ONCA_2009onca484,ONCA|2008|239|oac||178,mentions_not_counted_in_r2c,UNDETERMINED,
removed,ONCA_2009onca531,ONCA||1331989|ontariolimited||981602,unclassified,UNDETERMINED,
removed,ONCA_2009onca644,ONCA|2008|58|cpc|6d|110,mentions_not_counted_in_r2c,UNDETERMINED,
removed,ONCA_2010onca547,ONCA|2009|309|dlr|4d|708,mentions_not_counted_in_r2c,UNDETERMINED,
removed,ONCA_2010onca641,ONCA||1331989|ontariolimited||981602,unclassified,UNDETERMINED,
removed,ONCA_2010onca642,ONCA||1331989|ontariolimited||981602,mentions_not_counted_in_r2c,UNDETERMINED,
removed,ONCA_2010onca782,ONCA||1331989|ontariolimited||981602,unclassified,UNDETERMINED,
removed,ONCA_2010onca856,ONCA|2009|251|oac||221,mentions_not_counted_in_r2c,DOMESTIC_CA,
removed,ONCA_2011onca605,ONCA||34|or|3d|743,mentions_not_counted_in_r2c,UNDETERMINED,
removed,ONCA_2011onca761,ONCA|2009|2|fcr||417;ONCA|2010||fca||283,regrouped_or_rekeyed_in_r2c,UNDETERMINED,
removed,ONCA_2012onca749,ONCA||1281632|ontariolimited||1212700,mentions_not_counted_in_r2c,UNDETERMINED,
removed,ONCA_2013onca734,ONCA||48|or|3d|652,mentions_not_counted_in_r2c,UNDETERMINED,
removed,ONCA_2014onca101,ONCA|2004|1|scr||303,regrouped_or_rekeyed_in_r2c,UNDETERMINED,
removed,ONCA_2014onca374,ONCA|2007|4|fcr||247,regrouped_or_rekeyed_in_r2c,UNDETERMINED,
removed,ONCA_2014onca391,ONCA|2003||fcj||1950,regrouped_or_rekeyed_in_r2c,UNDETERMINED,
removed,ONCA_2017onca875,ONCA|2010|3|ctc||1,regrouped_or_rekeyed_in_r2c,UNDETERMINED,
removed,ONCA_2018onca681,ONCA|2015||fcj||1008,regrouped_or_rekeyed_in_r2c,UNDETERMINED,
removed,ONCA_2020onca536,ONCA|2005|3|fcr||555;ONCA|2006||fca||86,regrouped_or_rekeyed_in_r2c,UNDETERMINED,
removed,ONCA_2021onca190,ONCA|2021||orbd||104,mentions_not_counted_in_r2c,DOMESTIC_CA,
removed,ONCA_2021onca826,ONCA|2017|1|fcr||79,regrouped_or_rekeyed_in_r2c,UNDETERMINED,
removed,ONCA_2022onca463,ONCA||60|or|3d|257,mentions_not_counted_in_r2c,UNDETERMINED,
removed,ONCA_2022onca665,ONCA|2017|1|fcr||79,regrouped_or_rekeyed_in_r2c,UNDETERMINED,
removed,ONCA_2022onca874,ONCA|2008|4|fcr||531,regrouped_or_rekeyed_in_r2c,UNDETERMINED,
removed,ONCA_2023onca360,ONCA|2019|3|fcr||327,regrouped_or_rekeyed_in_r2c,UNDETERMINED,
removed,ONCA_2023onca524,ONCA|2019|4|fcr||217,regrouped_or_rekeyed_in_r2c,UNDETERMINED,
removed,ONCA_2023onca716,ONCA|2021||fcr||581,regrouped_or_rekeyed_in_r2c,UNDETERMINED,
removed,ONCA_2024onca152,ONCA|2008|4|fcr||531,regrouped_or_rekeyed_in_r2c,UNDETERMINED,
removed,ONCA_2024onca254,ONCA|2024||onca||256,mentions_not_counted_in_r2c,DOMESTIC_CA,
removed,ONCA_2024onca436,ONCA|2016|2|cnlr||107,regrouped_or_rekeyed_in_r2c,UNDETERMINED,
removed,ONCA_2024onca448,ONCA|2011||fca||199;ONCA|2011||scca||466;ONCA|2012|2|fcr||594,regrouped_or_rekeyed_in_r2c,UNDETERMINED,
removed,ONCA_2025onca601,ONCA|2020||fcr||617,regrouped_or_rekeyed_in_r2c,UNDETERMINED,
removed,ONCA_c22056,ONCA||197|nr||300,mentions_not_counted_in_r2c,UNDETERMINED,
removed,ONCA_c24568,ONCA||28|or|3d|670,mentions_not_counted_in_r2c,UNDETERMINED,
removed,ONCA_c26739,ONCA||125|dlr|4d|583,mentions_not_counted_in_r2c,UNDETERMINED,
removed,ONCA_c27868,ONCA||52|ccc|3d|459,mentions_not_counted_in_r2c,UNDETERMINED,
removed,ONCA_c30011,ONCA||1|scr||742,mentions_not_counted_in_r2c,UNDETERMINED,
removed,ONCA_c30011,ONCA||2|scr||9,mentions_not_counted_in_r2c,UNDETERMINED,
removed,ONCA_c32381,ONCA||432080|ontariolimited||157349,mentions_not_counted_in_r2c,UNDETERMINED,
removed,ONCA_c34828,ONCA||91|ne|2d|875,mentions_not_counted_in_r2c,UNDETERMINED,
removed,ONCA_c37464,ONCA||67|or|2d|758,mentions_not_counted_in_r2c,UNDETERMINED,
removed,ONCA_c39549,ONCA||648|ne|2d|1099,mentions_not_counted_in_r2c,UNDETERMINED,
removed,ONCA_c39787,ONCA||42|or|3d|539,mentions_not_counted_in_r2c,UNDETERMINED,
removed,ONCA_c40608m30723,ONCA||57|or|2d|705,mentions_not_counted_in_r2c,UNDETERMINED,
removed,SCC_18829scr677,SCC|1881|9|scr||677,mentions_not_counted_in_r2c,UNDETERMINED,
removed,SCC_189626scr20,SCC|1896|20|scr||20,mentions_not_counted_in_r2c,UNDETERMINED,
removed,SCC_190334scr13,SCC|1903|13|scr||13,mentions_not_counted_in_r2c,UNDETERMINED,
removed,SCC_190738scr258,SCC|1906|38|scr||258,mentions_not_counted_in_r2c,UNDETERMINED,
removed,SCC_191044scr1,SCC|1910||scr||1,mentions_not_counted_in_r2c,UNDETERMINED,
removed,SCC_192061scr1,SCC|1920||scr||1,mentions_not_counted_in_r2c,UNDETERMINED,
removed,SCC_1929scr180,SCC|1929|1|wwr||557,mentions_not_counted_in_r2c,UNDETERMINED,
removed,SCC_1932scr279,SCC|1931||or||699,mentions_not_counted_in_r2c,UNDETERMINED,
removed,SCC_1932scr597,SCC|1932||excr||14,mentions_not_counted_in_r2c,UNDETERMINED,
removed,SCC_1933scr629,SCC|1932|4|dlr||750,mentions_not_counted_in_r2c,UNDETERMINED,
removed,SCC_1935scr519,SCC|1934|4|dlr||436,mentions_not_counted_in_r2c,UNDETERMINED,
removed,SCC_1937scr354,SCC|1936||ac||635,mentions_not_counted_in_r2c,DOMESTIC_CA,
removed,SCC_1938scr396,SCC|1938||or||200,unclassified,UNDETERMINED,
removed,SCC_1939scr412,SCC|1938||or||301,mentions_not_counted_in_r2c,UNDETERMINED,
removed,SCC_1941scr224,SCC|1940||excr||36,mentions_not_counted_in_r2c,UNDETERMINED,
removed,SCC_1941scr53,SCC|1940|2|wwr||401;SCC|1940|3|dlr||358,mentions_not_counted_in_r2c,UNDETERMINED,
removed,SCC_1946scr489,SCC|1945|2|dlr||438,mentions_not_counted_in_r2c,UNDETERMINED,
removed,SCC_19521scr123,SCC||1|aller||543,mentions_not_counted_in_r2c,UNDETERMINED,
removed,SCC_19531scr147,SCC|1952|2|dlr||846,mentions_not_counted_in_r2c,UNDETERMINED,
removed,SCC_19532scr204,SCC|1952|6|wwr|n:ns|652,mentions_not_counted_in_r2c,UNDETERMINED,
removed,SCC_1956scr958,SCC|1956||or||696,mentions_not_counted_in_r2c,UNDETERMINED,
removed,SCC_1957scr794,SCC|1956||excr||94,mentions_not_counted_in_r2c,UNDETERMINED,
removed,SCC_1958scr399,SCC|1957||ilr||1,mentions_not_counted_in_r2c,UNDETERMINED,
removed,SCC_1959scr797,SCC|1959||queqb||175,mentions_not_counted_in_r2c,UNDETERMINED,
removed,SCC_1961scr201,SCC|1960||queqb||313,mentions_not_counted_in_r2c,UNDETERMINED,
removed,SCC_1961scr418,SCC|1960|23|dlr|2d|21,mentions_not_counted_in_r2c,UNDETERMINED,
removed,SCC_1964scr667,SCC|1963|3|ccc||5,mentions_not_counted_in_r2c,UNDETERMINED,
removed,SCC_1966scr189,SCC|1965|1|excr||710,mentions_not_counted_in_r2c,UNDETERMINED,
removed,SCC_1966scr206,SCC|1965|1|excr||524,mentions_not_counted_in_r2c,UNDETERMINED,
removed,SCC_1966scr254,SCC|1965|2|or||475,mentions_not_counted_in_r2c,UNDETERMINED,
removed,SCC_1966scr489,SCC|1965|2|excr||653,mentions_not_counted_in_r2c,UNDETERMINED,
removed,SCC_1968scr462,SCC|1968|2|ccc||50,mentions_not_counted_in_r2c,UNDETERMINED,
removed,SCC_1971scr272,SCC|1970|2|or||3,mentions_not_counted_in_r2c,UNDETERMINED,
removed,SCC_1971scr756,SCC|1970|2|or||672,mentions_not_counted_in_r2c,UNDETERMINED,
removed,SCC_19752scr124,SCC||4|hn||643,mentions_not_counted_in_r2c,UNDETERMINED,
removed,SCC_19772scr521,SCC||9|nbr||618,mentions_not_counted_in_r2c,UNDETERMINED,
removed,SCC_19772scr822,SCC|1976|2|ar||453,mentions_not_counted_in_r2c,UNDETERMINED,
removed,SCC_19781scr988,SCC|1977||rp||313,mentions_not_counted_in_r2c,UNDETERMINED,
removed,SCC_19782scr1088,SCC||165|a|2d|82,mentions_not_counted_in_r2c,UNDETERMINED,
removed,SCC_19782scr1088,SCC||176|so|2d|767,mentions_not_counted_in_r2c,UNDETERMINED,
removed,SCC_19782scr1088,SCC||471|f|2d|1364,mentions_not_counted_in_r2c,UNDETERMINED,
removed,SCC_19782scr391,SCC|1977|2|wwr||613,mentions_not_counted_in_r2c,UNDETERMINED,
removed,SCC_19792scr1016,SCC|1978||ca||351;SCC|1978||cs||37,mentions_not_counted_in_r2c,UNDETERMINED,
removed,SCC_19801scr318,SCC|1979|1|fc||560,mentions_not_counted_in_r2c,UNDETERMINED,
removed,SCC_19802scr242,SCC|1979|2|fc||834,mentions_not_counted_in_r2c,UNDETERMINED,
removed,SCC_19811scr199,SCC|1980|1|fc||659,mentions_not_counted_in_r2c,UNDETERMINED,
removed,SCC_19812scr2,SCC|1980|112|dlr|3d|297,mentions_not_counted_in_r2c,UNDETERMINED,
removed,SCC_19812scr561,SCC|1980|29|or|2d|392,mentions_not_counted_in_r2c,UNDETERMINED,
removed,SCC_19821scr589,SCC|1981||ca||461,mentions_not_counted_in_r2c,UNDETERMINED,
removed,SCC_19821scr958,SCC|1981|33|or|2d|472,mentions_not_counted_in_r2c,UNDETERMINED,
removed,SCC_19822scr531,SCC|1981|65|ccc|2d|101,mentions_not_counted_in_r2c,UNDETERMINED,
removed,SCC_19822scr605,SCC|1981|60|ccc|2d|137,mentions_not_counted_in_r2c,UNDETERMINED,
removed,SCC_19831scr660,SCC|1982|66|ccc|2d|300,mentions_not_counted_in_r2c,UNDETERMINED,
removed,SCC_19842scr633,SCC|1983|5|dlr|4d|601,mentions_not_counted_in_r2c,UNDETERMINED,
removed,SCC_19842scr66,SCC|1983||ca||77,mentions_not_counted_in_r2c,UNDETERMINED,
removed,SCC_19851scr177,SCC||77|led|2d|317,mentions_not_counted_in_r2c,UNDETERMINED,
removed,SCC_19851scr659,SCC|1984|11|ccc|3d|152,mentions_not_counted_in_r2c,UNDETERMINED,
removed,SCC_19852scr485,SCC|1984|11|ccc|3d|257,mentions_not_counted_in_r2c,UNDETERMINED,
removed,SCC_19872scr685,SCC|1986|39|manr|2d|203,mentions_not_counted_in_r2c,UNDETERMINED,
removed,SCC_19881scr1153,SCC||26|cr|3d|121,mentions_not_counted_in_r2c,UNDETERMINED,
removed,SCC_19891scr1583,SCC|1988|90|nbr|2d|63,mentions_not_counted_in_r2c,UNDETERMINED,
removed,SCC_19892scr776,SCC|1988|33|bclr|2d|290,mentions_not_counted_in_r2c,UNDETERMINED,
removed,SCC_19901scr425,SCC|1990|1|scr||000,mentions_not_counted_in_r2c,UNDETERMINED,
removed,SCC_19902scr633,SCC|1990|2|scr||000,mentions_not_counted_in_r2c,UNDETERMINED,
removed,SCC_19903scr1077,SCC|1989|68|canbarrev||359,mentions_not_counted_in_r2c,UNDETERMINED,
removed,SCC_19903scr191,SCC|1989|68|or|2d|193,mentions_not_counted_in_r2c,UNDETERMINED,
removed,SCC_19911scr449,SCC|1990|54|ccc|3d|368,mentions_not_counted_in_r2c,UNDETERMINED,
removed,SCC_19913scr3,SCC|1990|43|bclr|2d|1,mentions_not_counted_in_r2c,UNDETERMINED,
removed,SCC_19913scr421,SCC|1991|3|scr||000,mentions_not_counted_in_r2c,UNDETERMINED,
removed,SCC_19913scr593,SCC|1990|71|or|2d|65,mentions_not_counted_in_r2c,UNDETERMINED,
removed,SCC_19921scr1014,SCC|1991|69|ccc|3d|80,mentions_not_counted_in_r2c,UNDETERMINED,
removed,SCC_19923scr161,SCC|1991|68|ccc|3d|207,mentions_not_counted_in_r2c,UNDETERMINED,
removed,SCC_19923scr711,SCC|1992|3|scr||000,mentions_not_counted_in_r2c,UNDETERMINED,
removed,SCC_19931scr12,SCC|1993|1|scr||000,mentions_not_counted_in_r2c,UNDETERMINED,
removed,SCC_19931scr456,SCC|1992|47|qac||1,mentions_not_counted_in_r2c,UNDETERMINED,
removed,SCC_19931scr469,SCC|1992|13|cr|4d|79,mentions_not_counted_in_r2c,UNDETERMINED,
removed,SCC_19932scr438,SCC|1992|7|or|3d|481,mentions_not_counted_in_r2c,UNDETERMINED,
removed,SCC_19932scr443,SCC|1992|93|dlr|4d|334,mentions_not_counted_in_r2c,UNDETERMINED,
removed,SCC_19932scr880,SCC|1993|2|scr||000,mentions_not_counted_in_r2c,UNDETERMINED,
removed,SCC_19934scr279,SCC|1992|5|wwr||1,mentions_not_counted_in_r2c,UNDETERMINED,
removed,SCC_19941scr153,SCC|1993|81|ccc|3d|224,mentions_not_counted_in_r2c,UNDETERMINED,
removed,SCC_19943scr1097,SCC|1994||rjq||308,mentions_not_counted_in_r2c,UNDETERMINED,
removed,SCC_19943scr1100,SCC|1994|1|fc||742,mentions_not_counted_in_r2c,UNDETERMINED,
removed,SCC_19943scr952,SCC|1993|109|saskr||96,mentions_not_counted_in_r2c,UNDETERMINED,
removed,SCC_19952scr416,SCC|1994|150|nbr|2d|7,mentions_not_counted_in_r2c,UNDETERMINED,
removed,SCC_19954scr253,SCC|1995|37|cr|4d|1,mentions_not_counted_in_r2c,UNDETERMINED,
removed,SCC_19954scr411,SCC|1994|89|ccc|3d|109;SCC|1994|90|ccc|3d|257,mentions_not_counted_in_r2c,UNDETERMINED,
removed,SCC_19954scr46,SCC|1994|90|ccc|3d|415,mentions_not_counted_in_r2c,UNDETERMINED,
removed,SCC_19954scr53,SCC|1995|96|ccc|3d|431,mentions_not_counted_in_r2c,UNDETERMINED,
removed,SCC_19954scr597,SCC|1994|64|qac||53,mentions_not_counted_in_r2c,UNDETERMINED,
removed,SCC_19961scr1075,SCC|1995|32|altalr|3d|1,mentions_not_counted_in_r2c,UNDETERMINED,
removed,SCC_19963scr268,SCC|1995||rjq||335,mentions_not_counted_in_r2c,UNDETERMINED,
removed,SCC_19963scr783,SCC|1995|143|nsr|2d|1,mentions_not_counted_in_r2c,UNDETERMINED,
removed,SCC_19971scr305,SCC|1996|148|nsr|2d|289,mentions_not_counted_in_r2c,UNDETERMINED,
removed,SCC_19971scr535,SCC|1996|28|or|3d|737,mentions_not_counted_in_r2c,UNDETERMINED,
removed,SCC_19971scr7,SCC|1996|87|oac||274,mentions_not_counted_in_r2c,UNDETERMINED,
removed,SCC_19972scr657,SCC|1996|2|cnlr||222,mentions_not_counted_in_r2c,UNDETERMINED,
removed,SCC_19973scr341,SCC|1996|29|or|3d|321,mentions_not_counted_in_r2c,UNDETERMINED,
removed,SCC_19973scr698,SCC|1996|193|ar||149,mentions_not_counted_in_r2c,UNDETERMINED,
removed,SCC_19973scr700,SCC|1996|92|oac||345,mentions_not_counted_in_r2c,UNDETERMINED,
removed,SCC_19981scr1118,SCC|1998|1|scr||000,mentions_not_counted_in_r2c,UNDETERMINED,
removed,SCC_19981scr244,SCC|1997||nsj||20,mentions_not_counted_in_r2c,UNDETERMINED,
removed,SCC_19981scr306,SCC|1997||rjq||286,mentions_not_counted_in_r2c,UNDETERMINED,
removed,SCC_19981scr769,SCC|1997|97|bcac||303,mentions_not_counted_in_r2c,UNDETERMINED,
removed,SCC_19981scr841,SCC|1997|2|fc||176,mentions_not_counted_in_r2c,UNDETERMINED,
removed,SCC_19982scr683,SCC|1998|37|or|3d|513,mentions_not_counted_in_r2c,UNDETERMINED,
removed,SCC_19983scr45,SCC|1997|147|nfldpeir||193,mentions_not_counted_in_r2c,UNDETERMINED,
removed,SCC_2000scc1,SCC|2000|1|scr||3,mentions_not_counted_in_r2c,UNDETERMINED,
removed,SCC_2000scc10,SCC|2000|1|scr||207,mentions_not_counted_in_r2c,UNDETERMINED,
removed,SCC_2000scc11,SCC|2000|1|scr||237,mentions_not_counted_in_r2c,UNDETERMINED,
removed,SCC_2000scc12,SCC|2000|1|scr||298,mentions_not_counted_in_r2c,UNDETERMINED,
removed,SCC_2000scc13,SCC|2000|1|scr||342,mentions_not_counted_in_r2c,UNDETERMINED,
removed,SCC_2000scc14,SCC|2000|1|scr||360,mentions_not_counted_in_r2c,UNDETERMINED,
removed,SCC_2000scc15,SCC|2000|1|scr||381,mentions_not_counted_in_r2c,UNDETERMINED,
removed,SCC_2000scc16,SCC|2000|1|scr||420,mentions_not_counted_in_r2c,UNDETERMINED,
removed,SCC_2000scc17,SCC|2000|1|scr||439,mentions_not_counted_in_r2c,UNDETERMINED,
removed,SCC_2000scc18,SCC|2000|1|scr||455,mentions_not_counted_in_r2c,UNDETERMINED,
removed,SCC_2000scc19,SCC|2000|1|scr||481,mentions_not_counted_in_r2c,UNDETERMINED,
removed,SCC_2000scc2,SCC|2000|1|scr||44,mentions_not_counted_in_r2c,UNDETERMINED,
removed,SCC_2000scc20,SCC|2000|1|scr||488,mentions_not_counted_in_r2c,UNDETERMINED,
removed,SCC_2000scc21,SCC|2000|1|scr||494,mentions_not_counted_in_r2c,UNDETERMINED,
removed,SCC_2000scc22,SCC|2000|1|scr||520,mentions_not_counted_in_r2c,UNDETERMINED,
removed,SCC_2000scc23,SCC|2000|1|scr||538,mentions_not_counted_in_r2c,UNDETERMINED,
removed,SCC_2000scc24,SCC|2000|1|scr||551,mentions_not_counted_in_r2c,UNDETERMINED,
removed,SCC_2000scc25,SCC|2000|1|scr||627,mentions_not_counted_in_r2c,UNDETERMINED,
removed,SCC_2000scc26,SCC|2000|1|scr||638,mentions_not_counted_in_r2c,UNDETERMINED,
removed,SCC_2000scc27,SCC|2000|1|scr||665,mentions_not_counted_in_r2c,UNDETERMINED,
removed,SCC_2000scc28,SCC|2000|1|scr||703,mentions_not_counted_in_r2c,UNDETERMINED,
removed,SCC_2000scc29,SCC|2000|1|scr||751,mentions_not_counted_in_r2c,UNDETERMINED,
removed,SCC_2000scc31,SCC|2000|1|scr||783,mentions_not_counted_in_r2c,UNDETERMINED,
removed,SCC_2000scc32,SCC|2000|1|scr||836,mentions_not_counted_in_r2c,UNDETERMINED,
removed,SCC_2000scc34,SCC|2000|1|scr||842,mentions_not_counted_in_r2c,UNDETERMINED,
removed,SCC_2000scc35,SCC|2000|1|scr||880,mentions_not_counted_in_r2c,UNDETERMINED,
removed,SCC_2000scc36,SCC|2000|1|scr||915,mentions_not_counted_in_r2c,UNDETERMINED,
removed,SCC_2000scc37,SCC|2000|1|scr||950,mentions_not_counted_in_r2c,UNDETERMINED,
removed,SCC_2000scc38,SCC|2000|2|scr||3,mentions_not_counted_in_r2c,UNDETERMINED,
removed,SCC_2000scc39,SCC|2000|2|scr||90,mentions_not_counted_in_r2c,UNDETERMINED,
removed,SCC_2000scc40,SCC|2000|2|scr||144,mentions_not_counted_in_r2c,UNDETERMINED,
removed,SCC_2000scc43,SCC|2000|2|scr||275,mentions_not_counted_in_r2c,UNDETERMINED,
removed,SCC_2000scc44,SCC|2000|2|scr||307,mentions_not_counted_in_r2c,UNDETERMINED,
removed,SCC_2000scc45,SCC|2000|2|scr||409,mentions_not_counted_in_r2c,UNDETERMINED,
removed,SCC_2000scc46,SCC|2000|2|scr||443,mentions_not_counted_in_r2c,UNDETERMINED,
removed,SCC_2000scc47,SCC|2000|2|scr||487,mentions_not_counted_in_r2c,UNDETERMINED,
removed,SCC_2000scc48,SCC|2000|2|scr||519,mentions_not_counted_in_r2c,UNDETERMINED,
removed,SCC_2000scc49,SCC|2000|2|scr||594,mentions_not_counted_in_r2c,UNDETERMINED,
removed,SCC_2000scc5,SCC|2000|1|scr||61,mentions_not_counted_in_r2c,DOMESTIC_CA,
removed,SCC_2000scc50,SCC|2000|2|scr||595,mentions_not_counted_in_r2c,UNDETERMINED,
removed,SCC_2000scc51,SCC|2000|2|scr||600,mentions_not_counted_in_r2c,UNDETERMINED,
removed,SCC_2000scc52,SCC|2000|2|scr||633,mentions_not_counted_in_r2c,UNDETERMINED,
removed,SCC_2000scc53,SCC|2000|2|scr||674,mentions_not_counted_in_r2c,UNDETERMINED,
removed,SCC_2000scc54,SCC|2000|2|scr||720,mentions_not_counted_in_r2c,UNDETERMINED,
removed,SCC_2000scc55,SCC|2000|2|scr||731,mentions_not_counted_in_r2c,UNDETERMINED,
removed,SCC_2000scc56,SCC|2000|2|scr||745,mentions_not_counted_in_r2c,UNDETERMINED,
removed,SCC_2000scc57,SCC|2000|2|scr||764,mentions_not_counted_in_r2c,UNDETERMINED,
removed,SCC_2000scc58,SCC|2000|2|scr||780,mentions_not_counted_in_r2c,UNDETERMINED,
removed,SCC_2000scc6,SCC|2000|1|scr||132,mentions_not_counted_in_r2c,UNDETERMINED,
removed,SCC_2000scc60,SCC|2000|2|scr||860,mentions_not_counted_in_r2c,UNDETERMINED,
removed,SCC_2000scc61,SCC|2000|2|scr||911,unclassified,UNDETERMINED,
removed,SCC_2000scc62,SCC|2000|2|scr||913,mentions_not_counted_in_r2c,UNDETERMINED,
removed,SCC_2000scc64,SCC|2000|2|scr||919,mentions_not_counted_in_r2c,UNDETERMINED,
removed,SCC_2000scc65,SCC|2000|2|scr||992,mentions_not_counted_in_r2c,UNDETERMINED,
removed,SCC_2000scc66,SCC|2000|2|scr||1024,mentions_not_counted_in_r2c,UNDETERMINED,
removed,SCC_2000scc67,SCC|1999|85|cpr|3d|129;SCC|2000|2|scr||1067,mentions_not_counted_in_r2c,UNDETERMINED,
removed,SCC_2000scc68,SCC|2000|2|scr||1116,mentions_not_counted_in_r2c,UNDETERMINED,
removed,SCC_2000scc69,SCC|2000|2|scr||1120,mentions_not_counted_in_r2c,UNDETERMINED,
removed,SCC_2000scc7,SCC|2000|1|scr||149,mentions_not_counted_in_r2c,UNDETERMINED,
removed,SCC_2000scc8,SCC|2000|1|scr||163,mentions_not_counted_in_r2c,UNDETERMINED,
removed,SCC_2000scc9,SCC|2000|1|scr||183,mentions_not_counted_in_r2c,UNDETERMINED,
removed,SCC_2001scc1,SCC|2001|1|scr||3,mentions_not_counted_in_r2c,UNDETERMINED,
removed,SCC_2001scc10,SCC|2001|1|scr||367,mentions_not_counted_in_r2c,UNDETERMINED,
removed,SCC_2001scc11,SCC|2001|1|scr||391,mentions_not_counted_in_r2c,UNDETERMINED,
removed,SCC_2001scc12,SCC|2001|1|scr||407,mentions_not_counted_in_r2c,UNDETERMINED,
removed,SCC_2001scc13,SCC|2001|1|scr||432,mentions_not_counted_in_r2c,UNDETERMINED,
removed,SCC_2001scc14,SCC|2001|1|scr||445,mentions_not_counted_in_r2c,UNDETERMINED,
removed,SCC_2001scc15,SCC|2001|1|scr||470,mentions_not_counted_in_r2c,UNDETERMINED,
removed,SCC_2001scc17,SCC|2001|1|scr||530,mentions_not_counted_in_r2c,UNDETERMINED,
removed,SCC_2001scc18,SCC|2001|1|scr||532,mentions_not_counted_in_r2c,UNDETERMINED,
removed,SCC_2001scc19,SCC|2001|1|scr||587,mentions_not_counted_in_r2c,UNDETERMINED,
removed,SCC_2001scc2,SCC|2001|1|scr||45,mentions_not_counted_in_r2c,UNDETERMINED,
removed,SCC_2001scc20,SCC|2001|1|scr||613,mentions_not_counted_in_r2c,UNDETERMINED,
removed,SCC_2001scc21,SCC|2001|1|scr||616,mentions_not_counted_in_r2c,UNDETERMINED,
removed,SCC_2001scc23,SCC|2001|1|scr||647,mentions_not_counted_in_r2c,UNDETERMINED,
removed,SCC_2001scc24,SCC|2001|1|scr||687,mentions_not_counted_in_r2c,UNDETERMINED,
removed,SCC_2001scc25,SCC|2001|1|scr||741,mentions_not_counted_in_r2c,UNDETERMINED,
removed,SCC_2001scc28,SCC|2001|1|scr||757,mentions_not_counted_in_r2c,UNDETERMINED,
removed,SCC_2001scc3,SCC|2001|1|scr||178,mentions_not_counted_in_r2c,UNDETERMINED,
removed,SCC_2001scc30,SCC|2001|1|scr||761,mentions_not_counted_in_r2c,UNDETERMINED,
removed,SCC_2001scc31,SCC|2001|1|scr||772,mentions_not_counted_in_r2c,UNDETERMINED,
removed,SCC_2001scc32,SCC|2001|1|scr||863,mentions_not_counted_in_r2c,UNDETERMINED,
removed,SCC_2001scc33,SCC|2001|1|scr||911,mentions_not_counted_in_r2c,UNDETERMINED,
removed,SCC_2001scc35,SCC|2001|2|scr||3,mentions_not_counted_in_r2c,UNDETERMINED,
removed,SCC_2001scc36,SCC|2001|2|scr||100,mentions_not_counted_in_r2c,UNDETERMINED,
removed,SCC_2001scc37,SCC|2001|2|scr||132,mentions_not_counted_in_r2c,UNDETERMINED,
removed,SCC_2001scc38,SCC|2001|2|scr||161,mentions_not_counted_in_r2c,UNDETERMINED,
removed,SCC_2001scc39,SCC|2001|2|scr||207,mentions_not_counted_in_r2c,UNDETERMINED,
removed,SCC_2001scc4,SCC|2001|1|scr||221,mentions_not_counted_in_r2c,UNDETERMINED,
removed,SCC_2001scc40,SCC|2001|2|scr||241,mentions_not_counted_in_r2c,UNDETERMINED,
removed,SCC_2001scc41,SCC|2001|2|scr||281,mentions_not_counted_in_r2c,UNDETERMINED,
removed,SCC_2001scc42,SCC|2001|2|scr||344,mentions_not_counted_in_r2c,UNDETERMINED,
removed,SCC_2001scc43,SCC|2001|2|scr||413,mentions_not_counted_in_r2c,UNDETERMINED,
removed,SCC_2001scc44,SCC|2001|2|scr||460,mentions_not_counted_in_r2c,UNDETERMINED,
removed,SCC_2001scc45,SCC|2001|2|scr||500,mentions_not_counted_in_r2c,UNDETERMINED,
removed,SCC_2001scc46,SCC|2001|2|scr||534,mentions_not_counted_in_r2c,UNDETERMINED,
removed,SCC_2001scc47,SCC|2001|2|scr||565,mentions_not_counted_in_r2c,UNDETERMINED,
removed,SCC_2001scc48,SCC|2001|2|scr||670,mentions_not_counted_in_r2c,UNDETERMINED,
removed,SCC_2001scc49,SCC|2001|2|scr||699,mentions_not_counted_in_r2c,UNDETERMINED,
removed,SCC_2001scc5,SCC|2001|1|scr||279,mentions_not_counted_in_r2c,UNDETERMINED,
removed,SCC_2001scc51,SCC|2001|2|scr||743,mentions_not_counted_in_r2c,UNDETERMINED,
removed,SCC_2001scc52,SCC|2001|2|scr||781,mentions_not_counted_in_r2c,UNDETERMINED,
removed,SCC_2001scc53,SCC|2001|2|scr||804,mentions_not_counted_in_r2c,UNDETERMINED,
removed,SCC_2001scc54,SCC|2001|2|scr||828,mentions_not_counted_in_r2c,UNDETERMINED,
removed,SCC_2001scc56,SCC|2001|2|scr||867,mentions_not_counted_in_r2c,UNDETERMINED,
removed,SCC_2001scc58,SCC|2001|2|scr||943,mentions_not_counted_in_r2c,UNDETERMINED,
removed,SCC_2001scc59,SCC|2001|2|scr||983,mentions_not_counted_in_r2c,UNDETERMINED,
removed,SCC_2001scc6,SCC|2001|1|scr||281,mentions_not_counted_in_r2c,UNDETERMINED,
removed,SCC_2001scc60,SCC|2001|2|scr||1014,mentions_not_counted_in_r2c,UNDETERMINED,
removed,SCC_2001scc61,SCC|2001|2|scr||1046,mentions_not_counted_in_r2c,UNDETERMINED,
removed,SCC_2001scc62,SCC|2001|2|scr||1082,mentions_not_counted_in_r2c,UNDETERMINED,
removed,SCC_2001scc66,SCC|2001|3|scr||9,mentions_not_counted_in_r2c,UNDETERMINED,
removed,SCC_2001scc67,SCC|2001|3|scr||113,mentions_not_counted_in_r2c,UNDETERMINED,
removed,SCC_2001scc68,SCC|2001|3|scr||158,mentions_not_counted_in_r2c,UNDETERMINED,
removed,SCC_2001scc69,SCC|2001|3|scr||184,mentions_not_counted_in_r2c,UNDETERMINED,
removed,SCC_2001scc7,SCC|2001|1|scr||283,mentions_not_counted_in_r2c,UNDETERMINED,
removed,SCC_2001scc70,SCC|2001|3|scr||209,mentions_not_counted_in_r2c,UNDETERMINED,
removed,SCC_2001scc71,SCC|2001|3|scr||364,mentions_not_counted_in_r2c,UNDETERMINED,
removed,SCC_2001scc72,SCC|2001|3|scr||398,mentions_not_counted_in_r2c,UNDETERMINED,
removed,SCC_2001scc73,SCC|2001|3|scr||425,mentions_not_counted_in_r2c,UNDETERMINED,
removed,SCC_2001scc74,SCC|2001|3|scr||426,mentions_not_counted_in_r2c,UNDETERMINED,
removed,SCC_2001scc75,SCC|2001|3|scr||430,mentions_not_counted_in_r2c,UNDETERMINED,
removed,SCC_2001scc76,SCC|2001|3|scr||442,mentions_not_counted_in_r2c,UNDETERMINED,
removed,SCC_2001scc77,SCC|2001|3|scr||478,mentions_not_counted_in_r2c,UNDETERMINED,
removed,SCC_2001scc78,SCC|2001|3|scr||488,mentions_not_counted_in_r2c,UNDETERMINED,
removed,SCC_2001scc79,SCC|2001|3|scr||537,mentions_not_counted_in_r2c,UNDETERMINED,
removed,SCC_2001scc80,SCC|2000|48|or|3d|329;SCC|2001|3|scr||562,mentions_not_counted_in_r2c,UNDETERMINED,
removed,SCC_2001scc81,SCC|2001|3|scr||575,mentions_not_counted_in_r2c,UNDETERMINED,
removed,SCC_2001scc82,SCC|2001|3|scr||623,mentions_not_counted_in_r2c,UNDETERMINED,
removed,SCC_2001scc83,SCC|2001|3|scr||679,mentions_not_counted_in_r2c,UNDETERMINED,
removed,SCC_2001scc85,SCC|2001|3|scr||746,mentions_not_counted_in_r2c,UNDETERMINED,
removed,SCC_2001scc86,SCC|2001|3|scr||823,mentions_not_counted_in_r2c,UNDETERMINED,
removed,SCC_2001scc87,SCC|2001|3|scr||882,mentions_not_counted_in_r2c,UNDETERMINED,
removed,SCC_2001scc88,SCC|2001|3|scr||902,mentions_not_counted_in_r2c,UNDETERMINED,
removed,SCC_2001scc90,SCC|2001|3|scr||907,mentions_not_counted_in_r2c,UNDETERMINED,
removed,SCC_2001scc92,SCC|2001|3|scr||978,mentions_not_counted_in_r2c,UNDETERMINED,
removed,SCC_2001scc94,SCC|2001|3|scr||1016,mentions_not_counted_in_r2c,UNDETERMINED,
removed,SCC_2002scc1,SCC|2002|1|scr||3,mentions_not_counted_in_r2c,UNDETERMINED,
removed,SCC_2002scc10,SCC|2002|1|scr||227,mentions_not_counted_in_r2c,UNDETERMINED,
removed,SCC_2002scc11,SCC|2002|1|scr||249,mentions_not_counted_in_r2c,UNDETERMINED,
removed,SCC_2002scc12,SCC|2002|1|scr||297,mentions_not_counted_in_r2c,UNDETERMINED,
removed,SCC_2002scc13,SCC|2002|1|scr||405,mentions_not_counted_in_r2c,UNDETERMINED,
removed,SCC_2002scc14,SCC|2002|1|scr||472,mentions_not_counted_in_r2c,UNDETERMINED,
removed,SCC_2002scc15,SCC|2002|1|scr||491,mentions_not_counted_in_r2c,UNDETERMINED,
removed,SCC_2002scc16,SCC|2002|1|scr||535,mentions_not_counted_in_r2c,UNDETERMINED,
removed,SCC_2002scc17,SCC|2002|1|scr||569,mentions_not_counted_in_r2c,UNDETERMINED,
removed,SCC_2002scc18,SCC|2002|1|scr||595,mentions_not_counted_in_r2c,UNDETERMINED,
removed,SCC_2002scc19,SCC|2002|1|scr||678,mentions_not_counted_in_r2c,UNDETERMINED,
removed,SCC_2002scc2,SCC|2002|1|scr||72,mentions_not_counted_in_r2c,UNDETERMINED,
removed,SCC_2002scc21,SCC|2002|1|scr||719,mentions_not_counted_in_r2c,UNDETERMINED,
removed,SCC_2002scc22,SCC|2002|1|scr||742,mentions_not_counted_in_r2c,UNDETERMINED,
removed,SCC_2002scc23,SCC|2002|1|scr||769,mentions_not_counted_in_r2c,UNDETERMINED,
removed,SCC_2002scc24,SCC|2002|1|scr||856,mentions_not_counted_in_r2c,UNDETERMINED,
removed,SCC_2002scc25,SCC|2002|1|scr||860,mentions_not_counted_in_r2c,UNDETERMINED,
removed,SCC_2002scc26,SCC|2002|1|scr||869,mentions_not_counted_in_r2c,UNDETERMINED,
removed,SCC_2002scc27,SCC|2002|1|scr||903,mentions_not_counted_in_r2c,UNDETERMINED,
removed,SCC_2002scc28,SCC|2002|1|scr||921,mentions_not_counted_in_r2c,UNDETERMINED,
removed,SCC_2002scc29,SCC|2002|2|scr||3,mentions_not_counted_in_r2c,UNDETERMINED,
removed,SCC_2002scc3,SCC|2002|1|scr||84,mentions_not_counted_in_r2c,UNDETERMINED,
removed,SCC_2002scc30,SCC|2002|2|scr||129,mentions_not_counted_in_r2c,UNDETERMINED,
removed,SCC_2002scc31,SCC|2002|2|scr||146,mentions_not_counted_in_r2c,UNDETERMINED,
removed,SCC_2002scc32,SCC|2002|2|scr||185,mentions_not_counted_in_r2c,UNDETERMINED,
removed,SCC_2002scc33,SCC|2002|2|scr||235,mentions_not_counted_in_r2c,UNDETERMINED,
removed,SCC_2002scc34,SCC|2002|2|scr||336,mentions_not_counted_in_r2c,UNDETERMINED,
removed,SCC_2002scc39,SCC|2002|2|scr||445,mentions_not_counted_in_r2c,UNDETERMINED,
removed,SCC_2002scc4,SCC|2002|1|scr||133,mentions_not_counted_in_r2c,UNDETERMINED,
removed,SCC_2002scc40,SCC|2002|2|scr||493,mentions_not_counted_in_r2c,UNDETERMINED,
removed,SCC_2002scc41,SCC|2002|2|scr||522,mentions_not_counted_in_r2c,UNDETERMINED,
removed,SCC_2002scc42,SCC|2002|2|scr||559,mentions_not_counted_in_r2c,UNDETERMINED,
removed,SCC_2002scc43,SCC|2002|2|scr||601,mentions_not_counted_in_r2c,UNDETERMINED,
removed,SCC_2002scc46,SCC|2002|2|scr||645,mentions_not_counted_in_r2c,UNDETERMINED,
removed,SCC_2002scc47,SCC|2002|2|scr||684,mentions_not_counted_in_r2c,UNDETERMINED,
removed,SCC_2002scc49,SCC|2002|2|scr||720,mentions_not_counted_in_r2c,UNDETERMINED,
removed,SCC_2002scc51,SCC|2001|54|or|3d|346;SCC|2002|2|scr||761,mentions_not_counted_in_r2c,UNDETERMINED,
removed,SCC_2002scc53,SCC|2002|2|scr||773,mentions_not_counted_in_r2c,UNDETERMINED,
removed,SCC_2002scc54,SCC|2002|2|scr||816,mentions_not_counted_in_r2c,UNDETERMINED,
removed,SCC_2002scc55,SCC|2002|2|scr||857,mentions_not_counted_in_r2c,UNDETERMINED,
removed,SCC_2002scc56,SCC|2002|2|scr||908,mentions_not_counted_in_r2c,UNDETERMINED,
removed,SCC_2002scc57,SCC|2002|3|scr||3,mentions_not_counted_in_r2c,UNDETERMINED,
removed,SCC_2002scc58,SCC|2002|3|scr||33,mentions_not_counted_in_r2c,UNDETERMINED,
removed,SCC_2002scc59,SCC|2002|3|scr||109,mentions_not_counted_in_r2c,UNDETERMINED,
removed,SCC_2002scc60,SCC|2002|3|scr||168,mentions_not_counted_in_r2c,UNDETERMINED,
removed,SCC_2002scc61,SCC|2002|3|scr||209,mentions_not_counted_in_r2c,UNDETERMINED,
removed,SCC_2002scc62,SCC|2002|3|scr||269,mentions_not_counted_in_r2c,UNDETERMINED,
removed,SCC_2002scc63,SCC|2002|3|scr||307,mentions_not_counted_in_r2c,UNDETERMINED,
removed,SCC_2002scc64,SCC|2002|3|scr||309,mentions_not_counted_in_r2c,UNDETERMINED,
removed,SCC_2002scc65,SCC|2002|3|scr||372,mentions_not_counted_in_r2c,UNDETERMINED,
removed,SCC_2002scc66,SCC|2002|3|scr||403,mentions_not_counted_in_r2c,UNDETERMINED,
removed,SCC_2002scc67,SCC|2001|156|ccc|3d|17;SCC|2002|3|scr||433,mentions_not_counted_in_r2c,UNDETERMINED,
removed,SCC_2002scc68,SCC|2002|3|scr||519,mentions_not_counted_in_r2c,UNDETERMINED,
removed,SCC_2002scc7,SCC|2002|1|scr||146,mentions_not_counted_in_r2c,UNDETERMINED,
removed,SCC_2002scc70,SCC|2002|3|scr||631,mentions_not_counted_in_r2c,UNDETERMINED,
removed,SCC_2002scc71,SCC|2002|3|scr||661,mentions_not_counted_in_r2c,UNDETERMINED,
removed,SCC_2002scc72,SCC|2002|3|scr||708,mentions_not_counted_in_r2c,UNDETERMINED,
removed,SCC_2002scc73,SCC|2002|3|scr||757,mentions_not_counted_in_r2c,UNDETERMINED,
removed,SCC_2002scc74,SCC|2002|3|scr||814,mentions_not_counted_in_r2c,UNDETERMINED,
removed,SCC_2002scc75,SCC|2002|4|scr||3,mentions_not_counted_in_r2c,UNDETERMINED,
removed,SCC_2002scc76,SCC|2002|4|scr||45,mentions_not_counted_in_r2c,UNDETERMINED,
removed,SCC_2002scc77,SCC|2002|4|scr||153,mentions_not_counted_in_r2c,UNDETERMINED,
removed,SCC_2002scc78,SCC|2002|4|scr||205,mentions_not_counted_in_r2c,UNDETERMINED,
removed,SCC_2002scc79,SCC|2002|4|scr||245,mentions_not_counted_in_r2c,UNDETERMINED,
removed,SCC_2002scc8,SCC|2002|1|scr||156,mentions_not_counted_in_r2c,UNDETERMINED,
removed,SCC_2002scc80,SCC|2001|57|or|3d|296;SCC|2002|4|scr||311,mentions_not_counted_in_r2c,UNDETERMINED,
removed,SCC_2002scc81,SCC|2002|4|scr||312,mentions_not_counted_in_r2c,UNDETERMINED,
removed,SCC_2002scc83,SCC|2002|4|scr||325,mentions_not_counted_in_r2c,UNDETERMINED,
removed,SCC_2002scc84,SCC|2002|4|scr||429,mentions_not_counted_in_r2c,UNDETERMINED,
removed,SCC_2002scc85,SCC|2002|4|scr||663,mentions_not_counted_in_r2c,UNDETERMINED,
removed,SCC_2002scc86,SCC|2002|4|scr||710,mentions_not_counted_in_r2c,UNDETERMINED,
removed,SCC_2002scc9,SCC|2002|1|scr||205,mentions_not_counted_in_r2c,UNDETERMINED,
removed,SCC_2003scc10,SCC|2003|1|scr||123,mentions_not_counted_in_r2c,UNDETERMINED,
removed,SCC_2003scc13,SCC|2003|1|scr||128,mentions_not_counted_in_r2c,UNDETERMINED,
removed,SCC_2003scc14,SCC|2003|1|scr||141,mentions_not_counted_in_r2c,UNDETERMINED,
removed,SCC_2003scc16,SCC|2003|1|scr||158,mentions_not_counted_in_r2c,UNDETERMINED,
removed,SCC_2003scc17,SCC|2003|1|scr||178,mentions_not_counted_in_r2c,UNDETERMINED,
removed,SCC_2003scc18,SCC|2003|1|scr||223,mentions_not_counted_in_r2c,UNDETERMINED,
removed,SCC_2003scc19,SCC|2003|1|scr||226,mentions_not_counted_in_r2c,UNDETERMINED,
removed,SCC_2003scc20,SCC|2003|1|scr||247,mentions_not_counted_in_r2c,UNDETERMINED,
removed,SCC_2003scc22,SCC|2003|1|scr||277,mentions_not_counted_in_r2c,UNDETERMINED,
removed,SCC_2003scc23,SCC|2003|1|scr||280,mentions_not_counted_in_r2c,UNDETERMINED,
removed,SCC_2003scc24,SCC|2003|1|scr||303,mentions_not_counted_in_r2c,UNDETERMINED,
removed,SCC_2003scc25,SCC|2003|1|scr||433,mentions_not_counted_in_r2c,UNDETERMINED,
removed,SCC_2003scc27,SCC|2003|1|scr||450,mentions_not_counted_in_r2c,UNDETERMINED,
removed,SCC_2003scc28,SCC|2003|1|scr||476,mentions_not_counted_in_r2c,UNDETERMINED,
removed,SCC_2003scc29,SCC|2003|1|scr||539,mentions_not_counted_in_r2c,UNDETERMINED,
removed,SCC_2003scc3,SCC|2003|1|scr||6,mentions_not_counted_in_r2c,UNDETERMINED,
removed,SCC_2003scc30,SCC|2003|1|scr||631,mentions_not_counted_in_r2c,UNDETERMINED,
removed,SCC_2003scc31,SCC|2003|1|scr||666,mentions_not_counted_in_r2c,UNDETERMINED,
removed,SCC_2003scc32,SCC|2003|1|scr||722,mentions_not_counted_in_r2c,UNDETERMINED,
removed,SCC_2003scc33,SCC|2003|1|scr||779,mentions_not_counted_in_r2c,UNDETERMINED,
removed,SCC_2003scc34,SCC|2003|1|scr||835,mentions_not_counted_in_r2c,UNDETERMINED,
removed,SCC_2003scc35,SCC|2003|1|scr||857,mentions_not_counted_in_r2c,UNDETERMINED,
removed,SCC_2003scc36,SCC|2003|1|scr||884,mentions_not_counted_in_r2c,UNDETERMINED,
removed,SCC_2003scc37,SCC|2003|1|scr||912,mentions_not_counted_in_r2c,UNDETERMINED,
removed,SCC_2003scc38,SCC|2003|2|scr||3,mentions_not_counted_in_r2c,UNDETERMINED,
removed,SCC_2003scc39,SCC|2002|58|or|3d|417;SCC|2003|2|scr||40,mentions_not_counted_in_r2c,UNDETERMINED,
removed,SCC_2003scc40,SCC|2003|2|scr||63,mentions_not_counted_in_r2c,UNDETERMINED,
removed,SCC_2003scc41,SCC|2003|2|scr||134,mentions_not_counted_in_r2c,UNDETERMINED,
removed,SCC_2003scc42,SCC|2003|2|scr||157,mentions_not_counted_in_r2c,UNDETERMINED,
removed,SCC_2003scc43,SCC|2003|2|scr||207,mentions_not_counted_in_r2c,UNDETERMINED,
removed,SCC_2003scc44,SCC|2003|2|scr||236,mentions_not_counted_in_r2c,UNDETERMINED,
removed,SCC_2003scc45,SCC|2003|2|scr||259,mentions_not_counted_in_r2c,UNDETERMINED,
removed,SCC_2003scc46,SCC|2003|2|scr||357,mentions_not_counted_in_r2c,UNDETERMINED,
removed,SCC_2003scc47,SCC|2003|2|scr||388,mentions_not_counted_in_r2c,UNDETERMINED,
removed,SCC_2003scc48,SCC|2003|2|scr||392,mentions_not_counted_in_r2c,UNDETERMINED,
removed,SCC_2003scc49,SCC|2003|2|scr||396,mentions_not_counted_in_r2c,UNDETERMINED,
removed,SCC_2003scc50,SCC|2003|2|scr||400,mentions_not_counted_in_r2c,UNDETERMINED,
removed,SCC_2003scc51,SCC|2003|2|scr||403,mentions_not_counted_in_r2c,UNDETERMINED,
removed,SCC_2003scc52,SCC|2003|2|scr||459,mentions_not_counted_in_r2c,UNDETERMINED,
removed,SCC_2003scc53,SCC|2003|2|scr||477,mentions_not_counted_in_r2c,UNDETERMINED,
removed,SCC_2003scc54,SCC|2003|2|scr||504,mentions_not_counted_in_r2c,UNDETERMINED,
removed,SCC_2003scc55,SCC|2003|2|scr||585,mentions_not_counted_in_r2c,UNDETERMINED,
removed,SCC_2003scc57,SCC|2003|2|scr||623,mentions_not_counted_in_r2c,UNDETERMINED,
removed,SCC_2003scc58,SCC|2003|2|scr||624,mentions_not_counted_in_r2c,UNDETERMINED,
removed,SCC_2003scc6,SCC|2003|1|scr||41,mentions_not_counted_in_r2c,UNDETERMINED,
removed,SCC_2003scc60,SCC|2003|2|scr||678,mentions_not_counted_in_r2c,UNDETERMINED,
removed,SCC_2003scc62,SCC|2003|3|scr||3,mentions_not_counted_in_r2c,UNDETERMINED,
removed,SCC_2003scc63,SCC|2003|3|scr||77,mentions_not_counted_in_r2c,UNDETERMINED,
removed,SCC_2003scc64,SCC|2003|3|scr||149,mentions_not_counted_in_r2c,UNDETERMINED,
removed,SCC_2003scc66,SCC|2003|3|scr||160,mentions_not_counted_in_r2c,UNDETERMINED,
removed,SCC_2003scc67,SCC|2003|3|scr||193,mentions_not_counted_in_r2c,UNDETERMINED,
removed,SCC_2003scc68,SCC|2003|3|scr||228,mentions_not_counted_in_r2c,UNDETERMINED,
removed,SCC_2003scc69,SCC|2003|3|scr||263,mentions_not_counted_in_r2c,UNDETERMINED,
removed,SCC_2003scc70,SCC|2003|3|scr||307,mentions_not_counted_in_r2c,UNDETERMINED,
removed,SCC_2003scc71,SCC|2003|3|scr||371,mentions_not_counted_in_r2c,UNDETERMINED,
removed,SCC_2003scc72,SCC|2003|3|scr||416,mentions_not_counted_in_r2c,UNDETERMINED,
removed,SCC_2003scc73,SCC|2003|3|scr||530,mentions_not_counted_in_r2c,UNDETERMINED,
removed,SCC_2003scc74,SCC|2003|3|scr||571,mentions_not_counted_in_r2c,UNDETERMINED,
removed,SCC_2003scc75,SCC|2003|3|scr||735,mentions_not_counted_in_r2c,UNDETERMINED,
removed,SCC_2003scc8,SCC|2003|1|scr||66,mentions_not_counted_in_r2c,UNDETERMINED,
removed,SCC_2003scc9,SCC|2003|1|scr||94,mentions_not_counted_in_r2c,UNDETERMINED,
removed,SCC_2004scc1,SCC|2004|1|scr||3,mentions_not_counted_in_r2c,UNDETERMINED,
removed,SCC_2004scc10,SCC|2004|1|scr||315,mentions_not_counted_in_r2c,UNDETERMINED,
removed,SCC_2004scc11,SCC|2004|1|scr||328,mentions_not_counted_in_r2c,UNDETERMINED,
removed,SCC_2004scc13,SCC|2004|1|scr||339,mentions_not_counted_in_r2c,UNDETERMINED,
removed,SCC_2004scc14,SCC|2004|1|scr||385,mentions_not_counted_in_r2c,UNDETERMINED,
removed,SCC_2004scc16,SCC|2004|1|scr||433,mentions_not_counted_in_r2c,DOMESTIC_CA,
removed,SCC_2004scc17,SCC|2004|1|scr||436,mentions_not_counted_in_r2c,UNDETERMINED,
removed,SCC_2004scc18,SCC|2004|1|scr||456,mentions_not_counted_in_r2c,UNDETERMINED,
removed,SCC_2004scc19,SCC|2004|1|scr||485,mentions_not_counted_in_r2c,UNDETERMINED,
removed,SCC_2004scc2,SCC|2004|1|scr||43,mentions_not_counted_in_r2c,UNDETERMINED,
removed,SCC_2004scc20,SCC|2004|1|scr||498,mentions_not_counted_in_r2c,UNDETERMINED,
removed,SCC_2004scc21,SCC|2004|1|scr||528,mentions_not_counted_in_r2c,UNDETERMINED,
removed,SCC_2004scc22,SCC|2004|1|scr||550,mentions_not_counted_in_r2c,UNDETERMINED,
removed,SCC_2004scc23,SCC|2004|1|scr||609,mentions_not_counted_in_r2c,UNDETERMINED,
removed,SCC_2004scc25,SCC|2004|1|scr||629,mentions_not_counted_in_r2c,UNDETERMINED,
removed,SCC_2004scc26,SCC|2004|1|scr||672,mentions_not_counted_in_r2c,UNDETERMINED,
removed,SCC_2004scc27,SCC|2004|1|scr||702,mentions_not_counted_in_r2c,UNDETERMINED,
removed,SCC_2004scc28,SCC|2004|1|scr||727,mentions_not_counted_in_r2c,UNDETERMINED,
removed,SCC_2004scc29,SCC|2004|1|scr||758,mentions_not_counted_in_r2c,UNDETERMINED,
removed,SCC_2004scc3,SCC|2004|1|scr||60,mentions_not_counted_in_r2c,UNDETERMINED,
removed,SCC_2004scc30,SCC|2004|1|scr||789,mentions_not_counted_in_r2c,UNDETERMINED,
removed,SCC_2004scc31,SCC|2004|1|scr||809,mentions_not_counted_in_r2c,UNDETERMINED,
removed,SCC_2004scc33,SCC|2004|1|scr||827,mentions_not_counted_in_r2c,UNDETERMINED,
removed,SCC_2004scc34,SCC|2003|2|fc||165;SCC|2004|1|scr||902,mentions_not_counted_in_r2c,UNDETERMINED,
removed,SCC_2004scc36,SCC|2004|2|scr||17,mentions_not_counted_in_r2c,UNDETERMINED,
removed,SCC_2004scc38,SCC|2004|2|scr||74,mentions_not_counted_in_r2c,UNDETERMINED,
removed,SCC_2004scc39,SCC|2004|2|scr||185,mentions_not_counted_in_r2c,UNDETERMINED,
removed,SCC_2004scc4,SCC|2004|1|scr||76,mentions_not_counted_in_r2c,UNDETERMINED,
removed,SCC_2004scc40,SCC|2004|2|scr||223,mentions_not_counted_in_r2c,UNDETERMINED,
removed,SCC_2004scc42,SCC|2004|2|scr||248,mentions_not_counted_in_r2c,UNDETERMINED,
removed,SCC_2004scc43,SCC|2004|2|scr||332,mentions_not_counted_in_r2c,UNDETERMINED,
removed,SCC_2004scc45,SCC|2004|2|scr||427,mentions_not_counted_in_r2c,UNDETERMINED,
removed,SCC_2004scc46,SCC|2004|2|scr||489,mentions_not_counted_in_r2c,UNDETERMINED,
removed,SCC_2004scc47,SCC|2004|2|scr||551,mentions_not_counted_in_r2c,UNDETERMINED,
removed,SCC_2004scc48,SCC|2004|2|scr||650,mentions_not_counted_in_r2c,UNDETERMINED,
removed,SCC_2004scc5,SCC|2004|1|scr||193,mentions_not_counted_in_r2c,UNDETERMINED,
removed,SCC_2004scc50,SCC|2004|3|scr||35,mentions_not_counted_in_r2c,UNDETERMINED,
removed,SCC_2004scc51,SCC|2004|3|scr||53,mentions_not_counted_in_r2c,UNDETERMINED,
removed,SCC_2004scc52,SCC|2004|3|scr||59,mentions_not_counted_in_r2c,UNDETERMINED,
removed,SCC_2004scc53,SCC|2004|3|scr||95,mentions_not_counted_in_r2c,UNDETERMINED,
removed,SCC_2004scc54,SCC|2004|3|scr||152,mentions_not_counted_in_r2c,UNDETERMINED,
removed,SCC_2004scc55,SCC|2004|3|scr||195,mentions_not_counted_in_r2c,UNDETERMINED,
removed,SCC_2004scc56,SCC|2003|187|bcac||214;SCC|2004|3|scr||228,mentions_not_counted_in_r2c,UNDETERMINED,
removed,SCC_2004scc58,SCC|2004|3|scr||248,mentions_not_counted_in_r2c,UNDETERMINED,
removed,SCC_2004scc59,SCC|2004|3|scr||257,mentions_not_counted_in_r2c,UNDETERMINED,
removed,SCC_2004scc6,SCC|2004|1|scr||217,mentions_not_counted_in_r2c,UNDETERMINED,
removed,SCC_2004scc60,SCC|2004|3|scr||285,mentions_not_counted_in_r2c,UNDETERMINED,
removed,SCC_2004scc61,SCC|2004|3|scr||304,mentions_not_counted_in_r2c,UNDETERMINED,
removed,SCC_2004scc65,SCC|2004|3|scr||357,mentions_not_counted_in_r2c,UNDETERMINED,
removed,SCC_2004scc66,SCC|2004|3|scr||381,mentions_not_counted_in_r2c,UNDETERMINED,
removed,SCC_2004scc67,SCC|2004|3|scr||432,mentions_not_counted_in_r2c,UNDETERMINED,
removed,SCC_2004scc68,SCC|2004|3|scr||461,mentions_not_counted_in_r2c,UNDETERMINED,
removed,SCC_2004scc69,SCC|2004|3|scr||503,mentions_not_counted_in_r2c,UNDETERMINED,
removed,SCC_2004scc7,SCC|2004|1|scr||249,mentions_not_counted_in_r2c,UNDETERMINED,
removed,SCC_2004scc72,SCC|2004|3|scr||509,mentions_not_counted_in_r2c,UNDETERMINED,
removed,SCC_2004scc73,SCC|2004|3|scr||511,mentions_not_counted_in_r2c,UNDETERMINED,
removed,SCC_2004scc74,SCC|2004|3|scr||550,mentions_not_counted_in_r2c,UNDETERMINED,
removed,SCC_2004scc75,SCC|2004|3|scr||575,mentions_not_counted_in_r2c,UNDETERMINED,
removed,SCC_2004scc76,SCC|2004|3|scr||601,mentions_not_counted_in_r2c,UNDETERMINED,
removed,SCC_2004scc77,SCC|2004|3|scr||635,mentions_not_counted_in_r2c,UNDETERMINED,
removed,SCC_2004scc78,SCC|2004|3|scr||657,mentions_not_counted_in_r2c,UNDETERMINED,
removed,SCC_2004scc79,SCC|2004|3|scr||698,mentions_not_counted_in_r2c,UNDETERMINED,
removed,SCC_2004scc80,SCC|2004|3|scr||732,mentions_not_counted_in_r2c,UNDETERMINED,
removed,SCC_2004scc81,SCC|2004|3|scr||737,mentions_not_counted_in_r2c,UNDETERMINED,
removed,SCC_2004scc9,SCC|2004|1|scr||303,mentions_not_counted_in_r2c,UNDETERMINED,
removed,SCC_2005scc11,SCC|2005|1|scr||146,mentions_not_counted_in_r2c,UNDETERMINED,
removed,SCC_2005scc13,SCC|2005|1|scr||188,mentions_not_counted_in_r2c,UNDETERMINED,
removed,SCC_2005scc14,SCC|2005|1|scr||201,mentions_not_counted_in_r2c,UNDETERMINED,
removed,SCC_2005scc15,SCC|2005|1|scr||238,mentions_not_counted_in_r2c,UNDETERMINED,
removed,SCC_2005scc16,SCC|2005|1|scr||257,mentions_not_counted_in_r2c,UNDETERMINED,
removed,SCC_2005scc19,SCC|2005|1|scr||290,mentions_not_counted_in_r2c,UNDETERMINED,
removed,SCC_2005scc2,SCC|2005|1|scr||6,mentions_not_counted_in_r2c,UNDETERMINED,
removed,SCC_2005scc20,SCC|2005|1|scr||292,mentions_not_counted_in_r2c,UNDETERMINED,
removed,SCC_2005scc21,SCC|2005|1|scr||325,mentions_not_counted_in_r2c,UNDETERMINED,
removed,SCC_2005scc22,SCC|2005|1|scr||339,mentions_not_counted_in_r2c,UNDETERMINED,
removed,SCC_2005scc23,SCC|2005|1|scr||358,mentions_not_counted_in_r2c,UNDETERMINED,
removed,SCC_2005scc24,SCC|2005|1|scr||384,mentions_not_counted_in_r2c,UNDETERMINED,
removed,SCC_2005scc25,SCC|2005|1|scr||401,mentions_not_counted_in_r2c,UNDETERMINED,
removed,SCC_2005scc26,SCC|2004|36|cpr|4d|58,regrouped_or_rekeyed_in_r2c,UNDETERMINED,
removed,SCC_2005scc26,SCC|2004|38|cpr|4d|27,regrouped_or_rekeyed_in_r2c,UNDETERMINED,
removed,SCC_2005scc26,SCC|2005|1|scr||533,mentions_not_counted_in_r2c,UNDETERMINED,
removed,SCC_2005scc27,SCC|2005|1|scr||627,mentions_not_counted_in_r2c,UNDETERMINED,
removed,SCC_2005scc28,SCC|2005|1|scr||649,mentions_not_counted_in_r2c,UNDETERMINED,
removed,SCC_2005scc30,SCC|2004|1|fcr||556,regrouped_or_rekeyed_in_r2c,UNDETERMINED,
removed,SCC_2005scc30,SCC|2005|1|scr||667,mentions_not_counted_in_r2c,UNDETERMINED,
removed,SCC_2005scc31,SCC|2005|1|scr||724,mentions_not_counted_in_r2c,UNDETERMINED,
removed,SCC_2005scc32,SCC|2005|1|scr||742,mentions_not_counted_in_r2c,UNDETERMINED,
removed,SCC_2005scc35,SCC|2005|1|scr||791,mentions_not_counted_in_r2c,UNDETERMINED,
removed,SCC_2005scc37,SCC|2005|2|scr||3,mentions_not_counted_in_r2c,UNDETERMINED,
removed,SCC_2005scc38,SCC|2005|2|scr||53,mentions_not_counted_in_r2c,UNDETERMINED,
removed,SCC_2005scc4,SCC|2005|1|scr||24,mentions_not_counted_in_r2c,UNDETERMINED,
removed,SCC_2005scc40,SCC|2005|2|scr||100,mentions_not_counted_in_r2c,UNDETERMINED,
removed,SCC_2005scc41,SCC|2005|2|scr||188,mentions_not_counted_in_r2c,UNDETERMINED,
removed,SCC_2005scc42,SCC|2005|2|scr||205,mentions_not_counted_in_r2c,UNDETERMINED,
removed,SCC_2005scc43,SCC|2005|2|scr||220,mentions_not_counted_in_r2c,UNDETERMINED,
removed,SCC_2005scc44,SCC|2005|2|scr||286,mentions_not_counted_in_r2c,UNDETERMINED,
removed,SCC_2005scc45,SCC|2005|2|scr||371,mentions_not_counted_in_r2c,UNDETERMINED,
removed,SCC_2005scc46,SCC|2005|2|scr||401,mentions_not_counted_in_r2c,UNDETERMINED,
removed,SCC_2005scc47,SCC|2005|2|scr||432,mentions_not_counted_in_r2c,UNDETERMINED,
removed,SCC_2005scc49,SCC|2005|2|scr||473,mentions_not_counted_in_r2c,UNDETERMINED,
removed,SCC_2005scc5,SCC|2005|1|scr||27,mentions_not_counted_in_r2c,UNDETERMINED,
removed,SCC_2005scc50,SCC|2005|2|scr||519,mentions_not_counted_in_r2c,UNDETERMINED,
removed,SCC_2005scc51,SCC|2005|2|scr||539,mentions_not_counted_in_r2c,UNDETERMINED,
removed,SCC_2005scc52,SCC|2005|2|scr||564,mentions_not_counted_in_r2c,UNDETERMINED,
removed,SCC_2005scc54,SCC|2005|2|scr||601,mentions_not_counted_in_r2c,UNDETERMINED,
removed,SCC_2005scc55,SCC|2005|2|scr||643,mentions_not_counted_in_r2c,UNDETERMINED,
removed,SCC_2005scc56,SCC|2005|2|scr||669,mentions_not_counted_in_r2c,UNDETERMINED,
removed,SCC_2005scc57,SCC|2005|2|scr||706,mentions_not_counted_in_r2c,UNDETERMINED,
removed,SCC_2005scc58,SCC|2005|3|scr||3,mentions_not_counted_in_r2c,UNDETERMINED,
removed,SCC_2005scc6,SCC|2005|1|scr||47,mentions_not_counted_in_r2c,UNDETERMINED,
removed,SCC_2005scc60,SCC|2005|3|scr||45,mentions_not_counted_in_r2c,UNDETERMINED,
removed,SCC_2005scc61,SCC|2005|3|scr||99,mentions_not_counted_in_r2c,UNDETERMINED,
removed,SCC_2005scc62,SCC|2005|3|scr||141,mentions_not_counted_in_r2c,UNDETERMINED,
removed,SCC_2005scc63,SCC|2005|3|scr||217,mentions_not_counted_in_r2c,UNDETERMINED,
removed,SCC_2005scc64,SCC|2005|3|scr||279,mentions_not_counted_in_r2c,UNDETERMINED,
removed,SCC_2005scc65,SCC|2005|3|scr||302,mentions_not_counted_in_r2c,UNDETERMINED,
removed,SCC_2005scc66,SCC|2005|3|scr||343,mentions_not_counted_in_r2c,UNDETERMINED,
removed,SCC_2005scc69,SCC|2005|3|scr||388,mentions_not_counted_in_r2c,UNDETERMINED,
removed,SCC_2005scc7,SCC|2005|1|scr||101,mentions_not_counted_in_r2c,UNDETERMINED,
removed,SCC_2005scc70,SCC|2005|30|adminlr|4d|218,regrouped_or_rekeyed_in_r2c,UNDETERMINED,
removed,SCC_2005scc70,SCC|2005|3|scr||425,mentions_not_counted_in_r2c,UNDETERMINED,
removed,SCC_2005scc71,SCC|2005|3|scr||458,mentions_not_counted_in_r2c,UNDETERMINED,
removed,SCC_2005scc72,SCC|2005|3|scr||499,mentions_not_counted_in_r2c,UNDETERMINED,
removed,SCC_2005scc73,SCC|2005|3|scr||530,mentions_not_counted_in_r2c,UNDETERMINED,
removed,SCC_2005scc74,SCC|2005|3|scr||563,mentions_not_counted_in_r2c,UNDETERMINED,
removed,SCC_2005scc75,SCC|2005|3|scr||607,mentions_not_counted_in_r2c,UNDETERMINED,
removed,SCC_2005scc76,SCC|2005|3|scr||609,mentions_not_counted_in_r2c,UNDETERMINED,
removed,SCC_2005scc77,SCC|2005|3|scr||645,mentions_not_counted_in_r2c,UNDETERMINED,
removed,SCC_2005scc78,SCC|2005|3|scr||668,mentions_not_counted_in_r2c,UNDETERMINED,
removed,SCC_2005scc79,SCC|2005|3|scr||725,mentions_not_counted_in_r2c,UNDETERMINED,
removed,SCC_2005scc80,SCC|2005|3|scr||728,mentions_not_counted_in_r2c,UNDETERMINED,
removed,SCC_2005scc82,SCC|2005|3|scr||809,mentions_not_counted_in_r2c,UNDETERMINED,
removed,SCC_2005scc83,SCC|2005|3|scr||870,mentions_not_counted_in_r2c,UNDETERMINED,
removed,SCC_2005scc84,SCC|2005|3|scr||895,mentions_not_counted_in_r2c,UNDETERMINED,
removed,SCC_2005scc85,SCC|2005|3|scr||906,mentions_not_counted_in_r2c,UNDETERMINED,
removed,SCC_2006scc10,SCC|2006|1|scr||392,mentions_not_counted_in_r2c,UNDETERMINED,
removed,SCC_2006scc11,SCC|2006|1|scr||415,mentions_not_counted_in_r2c,UNDETERMINED,
removed,SCC_2006scc12,SCC|2006|1|scr||420,mentions_not_counted_in_r2c,UNDETERMINED,
removed,SCC_2006scc13,SCC|2003|239|ftr||1,regrouped_or_rekeyed_in_r2c,UNDETERMINED,
removed,SCC_2006scc13,SCC|2006|1|scr||441,mentions_not_counted_in_r2c,UNDETERMINED,
removed,SCC_2006scc14,SCC|2006|1|scr||513,mentions_not_counted_in_r2c,UNDETERMINED,
removed,SCC_2006scc15,SCC|2006|1|scr||554,mentions_not_counted_in_r2c,UNDETERMINED,
removed,SCC_2006scc16,SCC|2006|1|scr||609,mentions_not_counted_in_r2c,UNDETERMINED,
removed,SCC_2006scc17,SCC|2006|1|scr||621,mentions_not_counted_in_r2c,UNDETERMINED,
removed,SCC_2006scc18,SCC|2006|1|scr||643,mentions_not_counted_in_r2c,UNDETERMINED,
removed,SCC_2006scc19,SCC|2006|1|scr||666,mentions_not_counted_in_r2c,UNDETERMINED,
removed,SCC_2006scc2,SCC|2006|1|scr||27,mentions_not_counted_in_r2c,UNDETERMINED,
removed,SCC_2006scc20,SCC|2006|1|scr||715,mentions_not_counted_in_r2c,UNDETERMINED,
removed,SCC_2006scc21,SCC|2006|1|scr||744,mentions_not_counted_in_r2c,UNDETERMINED,
removed,SCC_2006scc22,SCC|2004|31|cpr|4d|345,regrouped_or_rekeyed_in_r2c,UNDETERMINED,
removed,SCC_2006scc22,SCC|2006|1|scr||772,mentions_not_counted_in_r2c,UNDETERMINED,
removed,SCC_2006scc23,SCC|2006|1|scr||824,mentions_not_counted_in_r2c,UNDETERMINED,
removed,SCC_2006scc25,SCC|2006|1|scr||920,mentions_not_counted_in_r2c,UNDETERMINED,
removed,SCC_2006scc27,SCC|2006|1|scr||941,mentions_not_counted_in_r2c,UNDETERMINED,
removed,SCC_2006scc28,SCC|2006|1|scr||973,mentions_not_counted_in_r2c,UNDETERMINED,
removed,SCC_2006scc30,SCC|2006|2|scr||3,mentions_not_counted_in_r2c,UNDETERMINED,
removed,SCC_2006scc31,SCC|2006|2|scr||32,mentions_not_counted_in_r2c,UNDETERMINED,
removed,SCC_2006scc32,SCC|2006|2|scr||49,mentions_not_counted_in_r2c,UNDETERMINED,
removed,SCC_2006scc33,SCC|2006|2|scr||77,mentions_not_counted_in_r2c,UNDETERMINED,
removed,SCC_2006scc34,SCC|2006|2|scr||120,mentions_not_counted_in_r2c,UNDETERMINED,
removed,SCC_2006scc35,SCC|2006|2|scr||123,mentions_not_counted_in_r2c,UNDETERMINED,
removed,SCC_2006scc36,SCC|2005|48|cpr|4d|240,regrouped_or_rekeyed_in_r2c,UNDETERMINED,
removed,SCC_2006scc36,SCC|2006|2|scr||189,mentions_not_counted_in_r2c,UNDETERMINED,
removed,SCC_2006scc37,SCC|2006|2|scr||231,mentions_not_counted_in_r2c,UNDETERMINED,
removed,SCC_2006scc39,SCC|2006|2|scr||319,mentions_not_counted_in_r2c,UNDETERMINED,
removed,SCC_2006scc4,SCC|2006|1|scr||140,mentions_not_counted_in_r2c,UNDETERMINED,
removed,SCC_2006scc40,SCC|2006|2|scr||347,mentions_not_counted_in_r2c,UNDETERMINED,
removed,SCC_2006scc41,SCC|2006|2|scr||349,mentions_not_counted_in_r2c,UNDETERMINED,
removed,SCC_2006scc43,SCC|2006|2|scr||363,mentions_not_counted_in_r2c,UNDETERMINED,
removed,SCC_2006scc44,SCC|2006|2|scr||399,mentions_not_counted_in_r2c,UNDETERMINED,
removed,SCC_2006scc45,SCC|2006|2|scr||428,mentions_not_counted_in_r2c,UNDETERMINED,
removed,SCC_2006scc47,SCC|2006|2|scr||501,mentions_not_counted_in_r2c,UNDETERMINED,
removed,SCC_2006scc48,SCC|2006|2|scr||513,mentions_not_counted_in_r2c,UNDETERMINED,
removed,SCC_2006scc49,SCC|2006|2|scr||560,mentions_not_counted_in_r2c,UNDETERMINED,
removed,SCC_2006scc5,SCC|2006|1|scr||227,mentions_not_counted_in_r2c,UNDETERMINED,
removed,SCC_2006scc52,SCC|2006|2|scr||612,mentions_not_counted_in_r2c,UNDETERMINED,
removed,SCC_2006scc53,SCC|2006|2|scr||669,mentions_not_counted_in_r2c,UNDETERMINED,
removed,SCC_2006scc54,SCC|2006|2|scr||686,mentions_not_counted_in_r2c,UNDETERMINED,
removed,SCC_2006scc55,SCC|2006|2|scr||728,mentions_not_counted_in_r2c,UNDETERMINED,
removed,SCC_2006scc56,SCC|2006|2|scr||762,mentions_not_counted_in_r2c,UNDETERMINED,
removed,SCC_2006scc57,SCC|2006|2|scr||787,mentions_not_counted_in_r2c,UNDETERMINED,
removed,SCC_2006scc58,SCC|2005|281|ftr||201,regrouped_or_rekeyed_in_r2c,UNDETERMINED,
removed,SCC_2006scc58,SCC|2006|2|scr||846,mentions_not_counted_in_r2c,UNDETERMINED,
removed,SCC_2006scc59,SCC|2006|2|scr||915,mentions_not_counted_in_r2c,UNDETERMINED,
removed,SCC_2006scc6,SCC|2006|1|scr||256,mentions_not_counted_in_r2c,UNDETERMINED,
removed,SCC_2006scc7,SCC|2006|1|scr||326,mentions_not_counted_in_r2c,UNDETERMINED,
removed,SCC_2006scc9,SCC|2005|198|ccc|3d|308;SCC|2006|1|scr||381,mentions_not_counted_in_r2c,UNDETERMINED,
removed,SCC_2007scc1,SCC|2007|1|scr||3,mentions_not_counted_in_r2c,UNDETERMINED,
removed,SCC_2007scc10,SCC|2007|1|scr||429,mentions_not_counted_in_r2c,UNDETERMINED,
removed,SCC_2007scc11,SCC|2007|1|scr||500,mentions_not_counted_in_r2c,DOMESTIC_CA,
removed,SCC_2007scc12,SCC|2007|1|scr||527,mentions_not_counted_in_r2c,UNDETERMINED,
removed,SCC_2007scc14,SCC|2007|1|scr||591,mentions_not_counted_in_r2c,UNDETERMINED,
removed,SCC_2007scc15,SCC|2007|1|scr||650,mentions_not_counted_in_r2c,UNDETERMINED,
removed,SCC_2007scc17,SCC|2007|1|scr||795,mentions_not_counted_in_r2c,UNDETERMINED,
removed,SCC_2007scc18,SCC|2007|1|scr||838,mentions_not_counted_in_r2c,UNDETERMINED,
removed,SCC_2007scc2,SCC|2007|1|scr||38,mentions_not_counted_in_r2c,UNDETERMINED,
removed,SCC_2007scc20,SCC|2007|1|scr||867,mentions_not_counted_in_r2c,UNDETERMINED,
removed,SCC_2007scc21,SCC|2007|1|scr||873,mentions_not_counted_in_r2c,UNDETERMINED,
removed,SCC_2007scc22,SCC|2007|2|scr||3,mentions_not_counted_in_r2c,UNDETERMINED,
removed,SCC_2007scc23,SCC|2007|2|scr||86,mentions_not_counted_in_r2c,UNDETERMINED,
removed,SCC_2007scc24,SCC|2007|2|scr||177,mentions_not_counted_in_r2c,UNDETERMINED,
removed,SCC_2007scc25,SCC|2007|2|scr||267,mentions_not_counted_in_r2c,UNDETERMINED,
removed,SCC_2007scc26,SCC|2007|2|scr||292,mentions_not_counted_in_r2c,UNDETERMINED,
removed,SCC_2007scc27,SCC|2007|2|scr||391,mentions_not_counted_in_r2c,UNDETERMINED,
removed,SCC_2007scc28,SCC|2007|2|scr||517,mentions_not_counted_in_r2c,UNDETERMINED,
removed,SCC_2007scc3,SCC|2007|1|scr||116,mentions_not_counted_in_r2c,UNDETERMINED,
removed,SCC_2007scc30,SCC|2007|2|scr||610,mentions_not_counted_in_r2c,UNDETERMINED,
removed,SCC_2007scc31,SCC|2007|2|scr||673,mentions_not_counted_in_r2c,UNDETERMINED,
removed,SCC_2007scc32,SCC|2007|2|scr||725,mentions_not_counted_in_r2c,UNDETERMINED,
removed,SCC_2007scc33,SCC|2007|2|scr||793,mentions_not_counted_in_r2c,UNDETERMINED,
removed,SCC_2007scc34,SCC|2007|2|scr||801,mentions_not_counted_in_r2c,UNDETERMINED,
removed,SCC_2007scc35,SCC|2007|2|scr||921,mentions_not_counted_in_r2c,UNDETERMINED,
removed,SCC_2007scc36,SCC|2007|3|scr||3,mentions_not_counted_in_r2c,DOMESTIC_CA,
removed,SCC_2007scc37,SCC|2004|4|fcr||410,regrouped_or_rekeyed_in_r2c,UNDETERMINED,
removed,SCC_2007scc37,SCC|2007|3|scr||20,mentions_not_counted_in_r2c,UNDETERMINED,
removed,SCC_2007scc38,SCC|2007|3|scr||83,mentions_not_counted_in_r2c,UNDETERMINED,
removed,SCC_2007scc39,SCC|2007|3|scr||108,mentions_not_counted_in_r2c,UNDETERMINED,
removed,SCC_2007scc41,SCC|2007|3|scr||129,mentions_not_counted_in_r2c,UNDETERMINED,
removed,SCC_2007scc42,SCC|2007|3|scr||217,mentions_not_counted_in_r2c,UNDETERMINED,
removed,SCC_2007scc43,SCC|2007|3|scr||253,mentions_not_counted_in_r2c,UNDETERMINED,
removed,SCC_2007scc44,SCC|2007|3|scr||331,mentions_not_counted_in_r2c,UNDETERMINED,
removed,SCC_2007scc46,SCC|2007|3|scr||373,mentions_not_counted_in_r2c,UNDETERMINED,
removed,SCC_2007scc47,SCC|2007|3|scr||393,mentions_not_counted_in_r2c,UNDETERMINED,
removed,SCC_2007scc48,SCC|2007|3|scr||405,mentions_not_counted_in_r2c,UNDETERMINED,
removed,SCC_2007scc49,SCC|2007|3|scr||453,mentions_not_counted_in_r2c,UNDETERMINED,
removed,SCC_2007scc5,SCC|2007|1|scr||190,mentions_not_counted_in_r2c,UNDETERMINED,
removed,SCC_2007scc50,SCC|2007|3|scr||461,mentions_not_counted_in_r2c,UNDETERMINED,
removed,SCC_2007scc52,SCC|2007|3|scr||514,mentions_not_counted_in_r2c,UNDETERMINED,
removed,SCC_2007scc53,SCC|2007|3|scr||523,mentions_not_counted_in_r2c,UNDETERMINED,
removed,SCC_2007scc54,SCC|2007|3|scr||607,mentions_not_counted_in_r2c,UNDETERMINED,
removed,SCC_2007scc55,SCC|2007|3|scr||679,mentions_not_counted_in_r2c,UNDETERMINED,
removed,SCC_2007scc6,SCC|2007|1|scr||239,mentions_not_counted_in_r2c,UNDETERMINED,
removed,SCC_2007scc7,SCC|2007|1|scr||333,mentions_not_counted_in_r2c,UNDETERMINED,
removed,SCC_2007scc9,SCC|2004|1|fcr||528;SCC|2004||fca||421;SCC|2005|2|fcr||299;SCC|2005|3|fcr||389,regrouped_or_rekeyed_in_r2c,UNDETERMINED,
removed,SCC_2007scc9,SCC|2004|4|fcr||327;SCC|2005|270|ftr||1;SCC|2005|3|fcr||142;SCC|2005||fca||54,regrouped_or_rekeyed_in_r2c,UNDETERMINED,
removed,SCC_2007scc9,SCC|2007|1|fcr||321,regrouped_or_rekeyed_in_r2c,UNDETERMINED,
removed,SCC_2007scc9,SCC|2007|1|scr||350,mentions_not_counted_in_r2c,UNDETERMINED,
removed,SCC_2008scc10,SCC|2008|1|scr||272,mentions_not_counted_in_r2c,UNDETERMINED,
removed,SCC_2008scc12,SCC|2008|1|scr||305,mentions_not_counted_in_r2c,UNDETERMINED,
removed,SCC_2008scc14,SCC|2008|1|scr||372,mentions_not_counted_in_r2c,UNDETERMINED,
removed,SCC_2008scc15,SCC|2005|1|fcr||671,regrouped_or_rekeyed_in_r2c,UNDETERMINED,
removed,SCC_2008scc15,SCC|2008|1|scr||383,mentions_not_counted_in_r2c,UNDETERMINED,
removed,SCC_2008scc16,SCC|2008|1|scr||397,mentions_not_counted_in_r2c,UNDETERMINED,
removed,SCC_2008scc18,SCC|2008|1|scr||456,mentions_not_counted_in_r2c,UNDETERMINED,
removed,SCC_2008scc19,SCC|2008|1|scr||569,mentions_not_counted_in_r2c,UNDETERMINED,
removed,SCC_2008scc2,SCC|2008|1|scr||5,mentions_not_counted_in_r2c,UNDETERMINED,
removed,SCC_2008scc20,SCC|2008|1|scr||661,mentions_not_counted_in_r2c,UNDETERMINED,
removed,SCC_2008scc21,SCC|2008|1|scr||723,mentions_not_counted_in_r2c,UNDETERMINED,
removed,SCC_2008scc22,SCC|2008|1|scr||737,mentions_not_counted_in_r2c,UNDETERMINED,
removed,SCC_2008scc23,SCC|2008|1|scr||761,mentions_not_counted_in_r2c,UNDETERMINED,
removed,SCC_2008scc24,SCC|2008|1|scr||788,mentions_not_counted_in_r2c,UNDETERMINED,
removed,SCC_2008scc25,SCC|2008|2|scr||3,mentions_not_counted_in_r2c,UNDETERMINED,
removed,SCC_2008scc26,SCC|2008|2|scr||79,mentions_not_counted_in_r2c,UNDETERMINED,
removed,SCC_2008scc27,SCC|2008|2|scr||114,mentions_not_counted_in_r2c,UNDETERMINED,
removed,SCC_2008scc28,SCC|2006|2|fcr||505,regrouped_or_rekeyed_in_r2c,UNDETERMINED,
removed,SCC_2008scc28,SCC|2008|2|scr||125,mentions_not_counted_in_r2c,UNDETERMINED,
removed,SCC_2008scc29,SCC|2008|2|scr||143,mentions_not_counted_in_r2c,UNDETERMINED,
removed,SCC_2008scc30,SCC|2008|2|scr||152,mentions_not_counted_in_r2c,UNDETERMINED,
removed,SCC_2008scc31,SCC|2008|2|scr||163,mentions_not_counted_in_r2c,UNDETERMINED,
removed,SCC_2008scc32,SCC|2008|2|scr||195,mentions_not_counted_in_r2c,UNDETERMINED,
removed,SCC_2008scc33,SCC|2008|2|scr||235,mentions_not_counted_in_r2c,UNDETERMINED,
removed,SCC_2008scc34,SCC|2008|2|scr||245,mentions_not_counted_in_r2c,UNDETERMINED,
removed,SCC_2008scc35,SCC|2008|2|scr||263,mentions_not_counted_in_r2c,UNDETERMINED,
removed,SCC_2008scc36,SCC|2008|2|scr||283,mentions_not_counted_in_r2c,UNDETERMINED,
removed,SCC_2008scc37,SCC|2008|2|scr||298,mentions_not_counted_in_r2c,UNDETERMINED,
removed,SCC_2008scc38,SCC|2008|2|scr||326,mentions_not_counted_in_r2c,UNDETERMINED,
removed,SCC_2008scc39,SCC|2008|2|scr||362,mentions_not_counted_in_r2c,UNDETERMINED,
removed,SCC_2008scc4,SCC|2008|1|scr||27,mentions_not_counted_in_r2c,UNDETERMINED,
removed,SCC_2008scc40,SCC|2008|2|scr||420,mentions_not_counted_in_r2c,UNDETERMINED,
removed,SCC_2008scc41,SCC|2008|2|scr||483,mentions_not_counted_in_r2c,UNDETERMINED,
removed,SCC_2008scc42,SCC|2008|2|scr||551,mentions_not_counted_in_r2c,UNDETERMINED,
removed,SCC_2008scc44,SCC|2008|2|scr||574,mentions_not_counted_in_r2c,UNDETERMINED,
removed,SCC_2008scc45,SCC|2008|2|scr||604,mentions_not_counted_in_r2c,UNDETERMINED,
removed,SCC_2008scc46,SCC|2008|2|scr||643,mentions_not_counted_in_r2c,UNDETERMINED,
removed,SCC_2008scc47,SCC|2008|2|scr||675,mentions_not_counted_in_r2c,UNDETERMINED,
removed,SCC_2008scc48,SCC|2008|2|scr||698,mentions_not_counted_in_r2c,UNDETERMINED,
removed,SCC_2008scc49,SCC|2008|2|scr||739,mentions_not_counted_in_r2c,UNDETERMINED,
removed,SCC_2008scc5,SCC|2008|1|scr||49,mentions_not_counted_in_r2c,UNDETERMINED,
removed,SCC_2008scc50,SCC|2008|2|scr||781,mentions_not_counted_in_r2c,UNDETERMINED,
removed,SCC_2008scc51,SCC|2008|3|scr||3,mentions_not_counted_in_r2c,UNDETERMINED,
removed,SCC_2008scc53,SCC|2008|3|scr||41,mentions_not_counted_in_r2c,DOMESTIC_CA,
removed,SCC_2008scc54,SCC|2008|3|scr||79,mentions_not_counted_in_r2c,UNDETERMINED,
removed,SCC_2008scc56,SCC|2008|3|scr||111,mentions_not_counted_in_r2c,UNDETERMINED,
removed,SCC_2008scc57,SCC|2008|3|scr||134,mentions_not_counted_in_r2c,UNDETERMINED,
removed,SCC_2008scc58,SCC|2008|3|scr||166,mentions_not_counted_in_r2c,UNDETERMINED,
removed,SCC_2008scc59,SCC|2008|3|scr||195,mentions_not_counted_in_r2c,UNDETERMINED,
removed,SCC_2008scc6,SCC|2008|1|scr||96;SCC|2008|1|scr||98,mentions_not_counted_in_r2c,UNDETERMINED,
removed,SCC_2008scc60,SCC|2008|3|scr||215,mentions_not_counted_in_r2c,UNDETERMINED,
removed,SCC_2008scc61,SCC|2008|3|scr||265,mentions_not_counted_in_r2c,UNDETERMINED,
removed,SCC_2008scc62,SCC|2008|3|scr||309,mentions_not_counted_in_r2c,UNDETERMINED,
removed,SCC_2008scc63,SCC|2008|3|scr||316,mentions_not_counted_in_r2c,UNDETERMINED,
removed,SCC_2008scc64,SCC|2008|3|scr||392,mentions_not_counted_in_r2c,UNDETERMINED,
removed,SCC_2008scc67,SCC|2008|3|scr||509,mentions_not_counted_in_r2c,UNDETERMINED,
removed,SCC_2008scc68,SCC|2008|3|scr||511,mentions_not_counted_in_r2c,UNDETERMINED,
removed,SCC_2008scc69,SCC|2008|3|scr||560,mentions_not_counted_in_r2c,UNDETERMINED,
removed,SCC_2008scc7,SCC|2008|1|scr||131,mentions_not_counted_in_r2c,UNDETERMINED,
removed,SCC_2008scc8,SCC|2008|1|scr||157,mentions_not_counted_in_r2c,UNDETERMINED,
removed,SCC_2008scc9,SCC|2008|1|scr||190,mentions_not_counted_in_r2c,UNDETERMINED,
removed,SCC_2009scc1,SCC|2009|1|scr||3,mentions_not_counted_in_r2c,UNDETERMINED,
removed,SCC_2009scc10,SCC|2009|1|scr||295,mentions_not_counted_in_r2c,UNDETERMINED,
removed,SCC_2009scc11,SCC|2009|1|scr||321,mentions_not_counted_in_r2c,UNDETERMINED,
removed,SCC_2009scc12,SCC|2009|1|scr||339,mentions_not_counted_in_r2c,UNDETERMINED,
removed,SCC_2009scc13,SCC|2009|1|scr||423,mentions_not_counted_in_r2c,UNDETERMINED,
removed,SCC_2009scc14,SCC|2009|1|scr||426,mentions_not_counted_in_r2c,UNDETERMINED,
removed,SCC_2009scc15,SCC|2009|1|scr||504,mentions_not_counted_in_r2c,UNDETERMINED,
removed,SCC_2009scc16,SCC|2009|1|scr||549,mentions_not_counted_in_r2c,UNDETERMINED,
removed,SCC_2009scc17,SCC|2009|1|scr||579,mentions_not_counted_in_r2c,UNDETERMINED,
removed,SCC_2009scc19,SCC|2009|1|scr||624,mentions_not_counted_in_r2c,UNDETERMINED,
removed,SCC_2009scc21,SCC|2009|1|scr||674,mentions_not_counted_in_r2c,UNDETERMINED,
removed,SCC_2009scc22,SCC|2009|1|scr||716,mentions_not_counted_in_r2c,UNDETERMINED,
removed,SCC_2009scc23,SCC|2009|1|scr||762,mentions_not_counted_in_r2c,UNDETERMINED,
removed,SCC_2009scc24,SCC|2009|1|scr||818,mentions_not_counted_in_r2c,UNDETERMINED,
removed,SCC_2009scc25,SCC|2009|1|scr||826,mentions_not_counted_in_r2c,UNDETERMINED,
removed,SCC_2009scc26,SCC|2009|2|scr||3,mentions_not_counted_in_r2c,DOMESTIC_CA,
removed,SCC_2009scc28,SCC|2009|2|scr||42,mentions_not_counted_in_r2c,DOMESTIC_CA,
removed,SCC_2009scc29,SCC|2009|2|scr||94,mentions_not_counted_in_r2c,UNDETERMINED,
removed,SCC_2009scc3,SCC|2009|1|scr||66,mentions_not_counted_in_r2c,UNDETERMINED,
removed,SCC_2009scc30,SCC|2009|2|scr||181,mentions_not_counted_in_r2c,UNDETERMINED,
removed,SCC_2009scc31,SCC|2009|2|scr||295,mentions_not_counted_in_r2c,UNDETERMINED,
removed,SCC_2009scc32,SCC|2009|2|scr||353,mentions_not_counted_in_r2c,UNDETERMINED,
removed,SCC_2009scc33,SCC|2009|2|scr||460,mentions_not_counted_in_r2c,DOMESTIC_CA,
removed,SCC_2009scc34,SCC|2009|2|scr||494,mentions_not_counted_in_r2c,UNDETERMINED,
removed,SCC_2009scc35,SCC|2009|2|scr||527,mentions_not_counted_in_r2c,UNDETERMINED,
removed,SCC_2009scc36,SCC|2009|2|scr||540,mentions_not_counted_in_r2c,UNDETERMINED,
removed,SCC_2009scc37,SCC|2009|2|scr||567,mentions_not_counted_in_r2c,UNDETERMINED,
removed,SCC_2009scc38,SCC|2009|2|scr||651,mentions_not_counted_in_r2c,UNDETERMINED,
removed,SCC_2009scc39,SCC|2009|2|scr||678,mentions_not_counted_in_r2c,UNDETERMINED,
removed,SCC_2009scc4,SCC|2009|1|scr||104,mentions_not_counted_in_r2c,UNDETERMINED,
removed,SCC_2009scc40,SCC|2009|2|scr||764,mentions_not_counted_in_r2c,UNDETERMINED,
removed,SCC_2009scc41,SCC|2009|3|scr||3,mentions_not_counted_in_r2c,UNDETERMINED,
removed,SCC_2009scc42,SCC|2009|3|scr||26,mentions_not_counted_in_r2c,UNDETERMINED,
removed,SCC_2009scc43,SCC|2009|3|scr||65,mentions_not_counted_in_r2c,UNDETERMINED,
removed,SCC_2009scc44,SCC|2009|3|scr||131,mentions_not_counted_in_r2c,UNDETERMINED,
removed,SCC_2009scc45,SCC|2009|3|scr||146,mentions_not_counted_in_r2c,UNDETERMINED,
removed,SCC_2009scc46,SCC|2009|3|scr||170,mentions_not_counted_in_r2c,UNDETERMINED,
removed,SCC_2009scc47,SCC|2009|3|scr||208,mentions_not_counted_in_r2c,UNDETERMINED,
removed,SCC_2009scc48,SCC|2009|3|scr||247,mentions_not_counted_in_r2c,UNDETERMINED,
removed,SCC_2009scc49,SCC|2009|3|scr||286,mentions_not_counted_in_r2c,UNDETERMINED,
removed,SCC_2009scc5,SCC|2009|1|scr||146,mentions_not_counted_in_r2c,UNDETERMINED,
removed,SCC_2009scc50,SCC|2009|3|scr||309,mentions_not_counted_in_r2c,UNDETERMINED,
removed,SCC_2009scc51,SCC|2009|3|scr||339,mentions_not_counted_in_r2c,UNDETERMINED,
removed,SCC_2009scc52,SCC|2009|3|scr||389,mentions_not_counted_in_r2c,UNDETERMINED,
removed,SCC_2009scc53,SCC|2009|3|scr||407,mentions_not_counted_in_r2c,UNDETERMINED,
removed,SCC_2009scc54,SCC|2009|3|scr||465,mentions_not_counted_in_r2c,UNDETERMINED,
removed,SCC_2009scc55,SCC|2009|3|scr||540,mentions_not_counted_in_r2c,UNDETERMINED,
removed,SCC_2009scc56,SCC|2009|3|scr||551,mentions_not_counted_in_r2c,UNDETERMINED,
removed,SCC_2009scc58,SCC|2009|3|scr||570,mentions_not_counted_in_r2c,UNDETERMINED,
removed,SCC_2009scc59,SCC|2009|3|scr||605,mentions_not_counted_in_r2c,UNDETERMINED,
removed,SCC_2009scc6,SCC|2009|1|scr||157,mentions_not_counted_in_r2c,UNDETERMINED,
removed,SCC_2009scc60,SCC|2009|3|scr||638,mentions_not_counted_in_r2c,UNDETERMINED,
removed,SCC_2009scc61,SCC|2009|3|scr||640,mentions_not_counted_in_r2c,UNDETERMINED,
removed,SCC_2009scc62,SCC|2009|3|scr||712,mentions_not_counted_in_r2c,UNDETERMINED,
removed,SCC_2009scc7,SCC|2009|1|scr||181,mentions_not_counted_in_r2c,UNDETERMINED,
removed,SCC_2009scc8,SCC|2009|1|scr||194,mentions_not_counted_in_r2c,UNDETERMINED,
removed,SCC_2009scc9,SCC|2005|2|cnlr||358,regrouped_or_rekeyed_in_r2c,UNDETERMINED,
removed,SCC_2009scc9,SCC|2009|1|scr||222,mentions_not_counted_in_r2c,UNDETERMINED,
removed,SCC_2010scc1,SCC|2010|1|scr||3,mentions_not_counted_in_r2c,UNDETERMINED,
removed,SCC_2010scc10,SCC|2010|1|scr||331,mentions_not_counted_in_r2c,UNDETERMINED,
removed,SCC_2010scc11,SCC|2010|1|scr||360,mentions_not_counted_in_r2c,UNDETERMINED,
removed,SCC_2010scc12,SCC|2010|1|scr||397,mentions_not_counted_in_r2c,UNDETERMINED,
removed,SCC_2010scc13,SCC|2010|1|scr||411,mentions_not_counted_in_r2c,UNDETERMINED,
removed,SCC_2010scc14,SCC|2010|1|scr||427,mentions_not_counted_in_r2c,UNDETERMINED,
removed,SCC_2010scc15,SCC|2010|1|scr||455,mentions_not_counted_in_r2c,UNDETERMINED,
removed,SCC_2010scc16,SCC|2010|1|scr||477,mentions_not_counted_in_r2c,UNDETERMINED,
removed,SCC_2010scc17,SCC|2010|1|scr||557,mentions_not_counted_in_r2c,UNDETERMINED,
removed,SCC_2010scc18,SCC|2010|1|scr||637,mentions_not_counted_in_r2c,UNDETERMINED,
removed,SCC_2010scc19,SCC|2010|1|scr||649,mentions_not_counted_in_r2c,UNDETERMINED,
removed,SCC_2010scc2,SCC|2010|1|scr||6,mentions_not_counted_in_r2c,UNDETERMINED,
removed,SCC_2010scc20,SCC|2010|1|scr||688,mentions_not_counted_in_r2c,UNDETERMINED,
removed,SCC_2010scc21,SCC|2010|1|scr||721,mentions_not_counted_in_r2c,UNDETERMINED,
removed,SCC_2010scc22,SCC|2010|1|scr||765,mentions_not_counted_in_r2c,UNDETERMINED,
removed,SCC_2010scc23,SCC|2010|1|scr||815,mentions_not_counted_in_r2c,UNDETERMINED,
removed,SCC_2010scc24,SCC|2010|1|scr||851,mentions_not_counted_in_r2c,UNDETERMINED,
removed,SCC_2010scc25,SCC|2010|2|scr||3,mentions_not_counted_in_r2c,UNDETERMINED,
removed,SCC_2010scc26,SCC|2010|2|scr||17,mentions_not_counted_in_r2c,UNDETERMINED,
removed,SCC_2010scc27,SCC|2010|2|scr||28,mentions_not_counted_in_r2c,UNDETERMINED,
removed,SCC_2010scc28,SCC|2010|2|scr||61,mentions_not_counted_in_r2c,UNDETERMINED,
removed,SCC_2010scc29,SCC|2010|2|scr||123,mentions_not_counted_in_r2c,UNDETERMINED,
removed,SCC_2010scc3,SCC|2006|2|fcr||505,regrouped_or_rekeyed_in_r2c,UNDETERMINED,
removed,SCC_2010scc3,SCC|2010|1|scr||44,mentions_not_counted_in_r2c,UNDETERMINED,
removed,SCC_2010scc31,SCC|2010|2|scr||142,mentions_not_counted_in_r2c,DOMESTIC_CA,
removed,SCC_2010scc32,SCC|2010|2|scr||198,mentions_not_counted_in_r2c,DOMESTIC_CA,
removed,SCC_2010scc33,SCC|2010|2|scr||245,mentions_not_counted_in_r2c,DOMESTIC_CA,
removed,SCC_2010scc34,SCC|2010|2|scr||273,mentions_not_counted_in_r2c,UNDETERMINED,
removed,SCC_2010scc35,SCC|2010|2|scr||310,mentions_not_counted_in_r2c,UNDETERMINED,
removed,SCC_2010scc36,SCC|2010|2|scr||402,mentions_not_counted_in_r2c,UNDETERMINED,
removed,SCC_2010scc37,SCC|2010|2|scr||429,mentions_not_counted_in_r2c,UNDETERMINED,
removed,SCC_2010scc38,SCC|2010|2|scr||453,mentions_not_counted_in_r2c,UNDETERMINED,
removed,SCC_2010scc39,SCC|2010|2|scr||536,mentions_not_counted_in_r2c,UNDETERMINED,
removed,SCC_2010scc4,SCC|2010|1|scr||69,mentions_not_counted_in_r2c,UNDETERMINED,
removed,SCC_2010scc40,SCC|2010|2|scr||571,mentions_not_counted_in_r2c,UNDETERMINED,
removed,SCC_2010scc41,SCC|2010|2|scr||592,mentions_not_counted_in_r2c,UNDETERMINED,
removed,SCC_2010scc43,SCC|2007|1|cnlr||1;SCC|2008||fca||20,regrouped_or_rekeyed_in_r2c,UNDETERMINED,
removed,SCC_2010scc43,SCC|2010|2|scr||650,mentions_not_counted_in_r2c,UNDETERMINED,
removed,SCC_2010scc44,SCC|2010|2|scr||694,mentions_not_counted_in_r2c,UNDETERMINED,
removed,SCC_2010scc45,SCC|2010|2|scr||696,mentions_not_counted_in_r2c,UNDETERMINED,
removed,SCC_2010scc47,SCC|2010|3|scr||3,mentions_not_counted_in_r2c,UNDETERMINED,
removed,SCC_2010scc48,SCC|2010|3|scr||38,mentions_not_counted_in_r2c,UNDETERMINED,
removed,SCC_2010scc49,SCC|2010|3|scr||60,mentions_not_counted_in_r2c,UNDETERMINED,
removed,SCC_2010scc5,SCC|2010|1|scr||132,mentions_not_counted_in_r2c,UNDETERMINED,
removed,SCC_2010scc50,SCC|2010|3|scr||62,mentions_not_counted_in_r2c,UNDETERMINED,
removed,SCC_2010scc51,SCC|2010|3|scr||64,mentions_not_counted_in_r2c,UNDETERMINED,
removed,SCC_2010scc53,SCC|2010|3|scr||103,mentions_not_counted_in_r2c,UNDETERMINED,
removed,SCC_2010scc54,SCC|2010|3|scr||206,mentions_not_counted_in_r2c,UNDETERMINED,
removed,SCC_2010scc55,SCC|2010|3|scr||211,mentions_not_counted_in_r2c,UNDETERMINED,
removed,SCC_2010scc56,SCC|2010|3|scr||281,mentions_not_counted_in_r2c,UNDETERMINED,
removed,SCC_2010scc58,SCC|2010|3|scr||350,mentions_not_counted_in_r2c,DOMESTIC_CA,
removed,SCC_2010scc59,SCC|2010|3|scr||374,mentions_not_counted_in_r2c,UNDETERMINED,
removed,SCC_2010scc6,SCC|2010|1|scr||206,mentions_not_counted_in_r2c,UNDETERMINED,
removed,SCC_2010scc60,SCC|2010|3|scr||379,mentions_not_counted_in_r2c,UNDETERMINED,
removed,SCC_2010scc61,SCC|2010|3|scr||457,mentions_not_counted_in_r2c,UNDETERMINED,
removed,SCC_2010scc62,SCC|2010|3|scr||585,mentions_not_counted_in_r2c,UNDETERMINED,
removed,SCC_2010scc63,SCC|2010|3|scr||626,mentions_not_counted_in_r2c,UNDETERMINED,
removed,SCC_2010scc64,SCC|2010|3|scr||639,mentions_not_counted_in_r2c,UNDETERMINED,
removed,SCC_2010scc65,SCC|2010|3|scr||648,mentions_not_counted_in_r2c,UNDETERMINED,
removed,SCC_2010scc66,SCC|2010|3|scr||657,mentions_not_counted_in_r2c,UNDETERMINED,
removed,SCC_2010scc67,SCC|2010|3|scr||672,mentions_not_counted_in_r2c,UNDETERMINED,
removed,SCC_2010scc7,SCC|2010|1|scr||248,mentions_not_counted_in_r2c,UNDETERMINED,
removed,SCC_2010scc8,SCC|2010|1|scr||253,mentions_not_counted_in_r2c,DOMESTIC_CA,
removed,SCC_2011scc1,SCC|2011|1|scr||3,mentions_not_counted_in_r2c,UNDETERMINED,
removed,SCC_2011scc10,SCC|2011|1|scr||269,mentions_not_counted_in_r2c,DOMESTIC_CA,
removed,SCC_2011scc11,SCC|2011|1|scr||368,mentions_not_counted_in_r2c,UNDETERMINED,
removed,SCC_2011scc12,SCC|2011|1|scr||396,mentions_not_counted_in_r2c,UNDETERMINED,
removed,SCC_2011scc13,SCC|2011|1|scr||433,mentions_not_counted_in_r2c,UNDETERMINED,
removed,SCC_2011scc15,SCC|2011|1|scr||531,mentions_not_counted_in_r2c,UNDETERMINED,
removed,SCC_2011scc17,SCC|2011|1|scr||628,mentions_not_counted_in_r2c,UNDETERMINED,
removed,SCC_2011scc18,SCC|2011|1|scr||657,mentions_not_counted_in_r2c,UNDETERMINED,
removed,SCC_2011scc2,SCC|2011|1|scr||19,mentions_not_counted_in_r2c,UNDETERMINED,
removed,SCC_2011scc20,SCC|2011|2|scr||3,mentions_not_counted_in_r2c,UNDETERMINED,
removed,SCC_2011scc21,SCC|2011|2|scr||167,mentions_not_counted_in_r2c,UNDETERMINED,
removed,SCC_2011scc23,SCC|2011|2|scr||175,mentions_not_counted_in_r2c,UNDETERMINED,
removed,SCC_2011scc24,SCC|2011|2|scr||261,mentions_not_counted_in_r2c,UNDETERMINED,
removed,SCC_2011scc25,SCC|2011|2|scr||306,mentions_not_counted_in_r2c,UNDETERMINED,
removed,SCC_2011scc27,SCC|2011|2|scr||387,mentions_not_counted_in_r2c,UNDETERMINED,
removed,SCC_2011scc28,SCC|2011|2|scr||440,mentions_not_counted_in_r2c,UNDETERMINED,
removed,SCC_2011scc29,SCC|2011|2|scr||485,mentions_not_counted_in_r2c,UNDETERMINED,
removed,SCC_2011scc3,SCC|2011|1|scr||65,mentions_not_counted_in_r2c,UNDETERMINED,
removed,SCC_2011scc30,SCC|2011|2|scr||504,mentions_not_counted_in_r2c,UNDETERMINED,
removed,SCC_2011scc31,SCC|2011|2|scr||542,mentions_not_counted_in_r2c,UNDETERMINED,
removed,SCC_2011scc33,SCC|2011|2|scr||560,mentions_not_counted_in_r2c,UNDETERMINED,
removed,SCC_2011scc34,SCC|2011|2|scr||566,mentions_not_counted_in_r2c,UNDETERMINED,
removed,SCC_2011scc35,SCC|2011|2|scr||605,mentions_not_counted_in_r2c,UNDETERMINED,
removed,SCC_2011scc37,SCC|2011|2|scr||670,mentions_not_counted_in_r2c,UNDETERMINED,
removed,SCC_2011scc38,SCC|2011|2|scr||710,mentions_not_counted_in_r2c,UNDETERMINED,
removed,SCC_2011scc39,SCC|2011|2|scr||764,mentions_not_counted_in_r2c,UNDETERMINED,
removed,SCC_2011scc40,SCC|2011|3|scr||3,mentions_not_counted_in_r2c,DOMESTIC_CA,
removed,SCC_2011scc42,SCC|2011|3|scr||45,mentions_not_counted_in_r2c,DOMESTIC_CA,
removed,SCC_2011scc43,SCC|2011|3|scr||119,mentions_not_counted_in_r2c,UNDETERMINED,
removed,SCC_2011scc44,SCC|2011|3|scr||134,mentions_not_counted_in_r2c,UNDETERMINED,
removed,SCC_2011scc45,SCC|2011|3|scr||197,mentions_not_counted_in_r2c,UNDETERMINED,
removed,SCC_2011scc46,SCC|2011|3|scr||215,mentions_not_counted_in_r2c,DOMESTIC_CA,
removed,SCC_2011scc47,SCC|2011|3|scr||269,mentions_not_counted_in_r2c,UNDETERMINED,
removed,SCC_2011scc48,SCC|2011|3|scr||326,mentions_not_counted_in_r2c,UNDETERMINED,
removed,SCC_2011scc49,SCC|2011|3|scr||364,mentions_not_counted_in_r2c,UNDETERMINED,
removed,SCC_2011scc5,SCC|2011|1|scr||78,mentions_not_counted_in_r2c,UNDETERMINED,
removed,SCC_2011scc50,SCC|2011|3|scr||366,mentions_not_counted_in_r2c,UNDETERMINED,
removed,SCC_2011scc51,SCC|2011|3|scr||368,mentions_not_counted_in_r2c,UNDETERMINED,
removed,SCC_2011scc52,SCC|2011|3|scr||422,mentions_not_counted_in_r2c,UNDETERMINED,
removed,SCC_2011scc53,SCC|2011|3|scr||471,mentions_not_counted_in_r2c,UNDETERMINED,
removed,SCC_2011scc54,SCC|2011|3|scr||505,mentions_not_counted_in_r2c,DOMESTIC_CA,
removed,SCC_2011scc56,SCC|2011|3|scr||535,mentions_not_counted_in_r2c,UNDETERMINED,
removed,SCC_2011scc57,SCC|2011|2|fcr||221;SCC|2011|3|scr||572,mentions_not_counted_in_r2c,UNDETERMINED,
removed,SCC_2011scc58,SCC|2011|3|scr||575,mentions_not_counted_in_r2c,UNDETERMINED,
removed,SCC_2011scc59,SCC|2011|3|scr||616,mentions_not_counted_in_r2c,UNDETERMINED,
removed,SCC_2011scc6,SCC|2007||fca||342;SCC|2008|1|fcr||547,regrouped_or_rekeyed_in_r2c,UNDETERMINED,
removed,SCC_2011scc6,SCC|2011|1|scr||110,mentions_not_counted_in_r2c,UNDETERMINED,
removed,SCC_2011scc60,SCC|2011|3|scr||635,mentions_not_counted_in_r2c,UNDETERMINED,
removed,SCC_2011scc61,SCC|2011|3|scr||654,mentions_not_counted_in_r2c,UNDETERMINED,
removed,SCC_2011scc62,SCC|2011|3|scr||708,mentions_not_counted_in_r2c,UNDETERMINED,
removed,SCC_2011scc63,SCC|2011|3|scr||721,mentions_not_counted_in_r2c,UNDETERMINED,
removed,SCC_2011scc64,SCC|2011|3|scr||775,mentions_not_counted_in_r2c,UNDETERMINED,
removed,SCC_2011scc65,SCC|2011|3|scr||819,mentions_not_counted_in_r2c,UNDETERMINED,
removed,SCC_2011scc66,SCC|2011|3|scr||837,mentions_not_counted_in_r2c,UNDETERMINED,
removed,SCC_2011scc7,SCC|2011|1|scr||160,mentions_not_counted_in_r2c,UNDETERMINED,
removed,SCC_2011scc8,SCC|2011|1|scr||203,mentions_not_counted_in_r2c,UNDETERMINED,
removed,SCC_2011scc9,SCC|2011|1|scr||214,mentions_not_counted_in_r2c,UNDETERMINED,
removed,SCC_2012scc10,SCC|2012|1|scr||364,mentions_not_counted_in_r2c,UNDETERMINED,
removed,SCC_2012scc12,SCC|2012|1|scr||395,mentions_not_counted_in_r2c,UNDETERMINED,
removed,SCC_2012scc13,SCC|2012|1|scr||433,mentions_not_counted_in_r2c,UNDETERMINED,
removed,SCC_2012scc14,SCC|2012|1|scr||520,mentions_not_counted_in_r2c,UNDETERMINED,
removed,SCC_2012scc16,SCC|2012|1|scr||531,mentions_not_counted_in_r2c,UNDETERMINED,
removed,SCC_2012scc17,SCC|2012|1|scr||572,mentions_not_counted_in_r2c,DOMESTIC_CA,
removed,SCC_2012scc18,SCC|2012|1|scr||636,mentions_not_counted_in_r2c,UNDETERMINED,
removed,SCC_2012scc19,SCC|2012|1|scr||666,mentions_not_counted_in_r2c,UNDETERMINED,
removed,SCC_2012scc2,SCC|2012|1|scr||5,mentions_not_counted_in_r2c,UNDETERMINED,
removed,SCC_2012scc21,SCC|2012|1|scr||716,mentions_not_counted_in_r2c,UNDETERMINED,
removed,SCC_2012scc22,SCC|2012|1|scr||746,mentions_not_counted_in_r2c,DOMESTIC_CA,
removed,SCC_2012scc23,SCC|2012|2|scr||3,mentions_not_counted_in_r2c,UNDETERMINED,
removed,SCC_2012scc24,SCC|2012|2|scr||30,mentions_not_counted_in_r2c,UNDETERMINED,
removed,SCC_2012scc26,SCC|2012|2|scr||60,mentions_not_counted_in_r2c,UNDETERMINED,
removed,SCC_2012scc29,SCC|2012|2|scr||108,mentions_not_counted_in_r2c,UNDETERMINED,
removed,SCC_2012scc3,SCC|2012|1|scr||23,mentions_not_counted_in_r2c,UNDETERMINED,
removed,SCC_2012scc30,SCC|2012|2|scr||136,mentions_not_counted_in_r2c,UNDETERMINED,
removed,SCC_2012scc31,SCC|2012|2|scr||162,mentions_not_counted_in_r2c,DOMESTIC_CA,
removed,SCC_2012scc32,SCC|2012|2|scr||181,mentions_not_counted_in_r2c,DOMESTIC_CA,
removed,SCC_2012scc33,SCC|2012|2|scr||211,mentions_not_counted_in_r2c,UNDETERMINED,
removed,SCC_2012scc34,SCC|2012|2|scr||231,mentions_not_counted_in_r2c,UNDETERMINED,
removed,SCC_2012scc35,SCC|2012|2|scr||283,mentions_not_counted_in_r2c,UNDETERMINED,
removed,SCC_2012scc36,SCC|2012|2|scr||326,mentions_not_counted_in_r2c,UNDETERMINED,
removed,SCC_2012scc37,SCC|2012|2|scr||345,mentions_not_counted_in_r2c,UNDETERMINED,
removed,SCC_2012scc38,SCC|2012|2|scr||376,mentions_not_counted_in_r2c,UNDETERMINED,
removed,SCC_2012scc39,SCC|2012|2|scr||396,mentions_not_counted_in_r2c,UNDETERMINED,
removed,SCC_2012scc4,SCC|2012|1|scr||142,mentions_not_counted_in_r2c,UNDETERMINED,
removed,SCC_2012scc40,SCC|2012|2|scr||411,mentions_not_counted_in_r2c,DOMESTIC_CA,
removed,SCC_2012scc41,SCC|2012|2|scr||438,mentions_not_counted_in_r2c,DOMESTIC_CA,
removed,SCC_2012scc42,SCC|2012|2|scr||470,mentions_not_counted_in_r2c,UNDETERMINED,
removed,SCC_2012scc43,SCC|2012|2|scr||489,mentions_not_counted_in_r2c,UNDETERMINED,
removed,SCC_2012scc44,SCC|2012|2|scr||509,mentions_not_counted_in_r2c,UNDETERMINED,
removed,SCC_2012scc45,SCC|2012|2|scr||524,mentions_not_counted_in_r2c,UNDETERMINED,
removed,SCC_2012scc46,SCC|2012|2|scr||567,mentions_not_counted_in_r2c,UNDETERMINED,
removed,SCC_2012scc47,SCC|2012|2|scr||584,mentions_not_counted_in_r2c,UNDETERMINED,
removed,SCC_2012scc48,SCC|2012|2|scr||626,mentions_not_counted_in_r2c,UNDETERMINED,
removed,SCC_2012scc49,SCC|2012|2|scr||639,mentions_not_counted_in_r2c,DOMESTIC_CA,
removed,SCC_2012scc5,SCC|2012|1|scr||149,mentions_not_counted_in_r2c,UNDETERMINED,
removed,SCC_2012scc52,SCC|2012|3|scr||3,mentions_not_counted_in_r2c,UNDETERMINED,
removed,SCC_2012scc53,SCC|2012|3|scr||34,mentions_not_counted_in_r2c,UNDETERMINED,
removed,SCC_2012scc55,SCC|2012|3|scr||76,mentions_not_counted_in_r2c,UNDETERMINED,
removed,SCC_2012scc56,SCC|2012|3|scr||157,mentions_not_counted_in_r2c,UNDETERMINED,
removed,SCC_2012scc57,SCC|2012|3|scr||187,mentions_not_counted_in_r2c,UNDETERMINED,
removed,SCC_2012scc58,SCC|2012|3|scr||272,mentions_not_counted_in_r2c,UNDETERMINED,
removed,SCC_2012scc59,SCC|2012|3|scr||311,mentions_not_counted_in_r2c,UNDETERMINED,
removed,SCC_2012scc60,SCC|2012|3|scr||625,mentions_not_counted_in_r2c,UNDETERMINED,
removed,SCC_2012scc61,SCC|2012|3|scr||360,mentions_not_counted_in_r2c,UNDETERMINED,
removed,SCC_2012scc65,SCC|2012|3|scr||405,mentions_not_counted_in_r2c,UNDETERMINED,
removed,SCC_2012scc66,SCC|2012|3|scr||408,mentions_not_counted_in_r2c,UNDETERMINED,
removed,SCC_2012scc67,SCC|2012|3|scr||443,mentions_not_counted_in_r2c,UNDETERMINED,
removed,SCC_2012scc68,SCC|2012|3|scr||489,mentions_not_counted_in_r2c,UNDETERMINED,
removed,SCC_2012scc69,SCC|2012|3|scr||555,mentions_not_counted_in_r2c,UNDETERMINED,
removed,SCC_2012scc7,SCC|2012|1|scr||235,mentions_not_counted_in_r2c,UNDETERMINED,
removed,SCC_2012scc70,SCC|2012|3|scr||609,mentions_not_counted_in_r2c,UNDETERMINED,
removed,SCC_2012scc71,SCC|2012|3|scr||660,mentions_not_counted_in_r2c,UNDETERMINED,
removed,SCC_2012scc72,SCC|2012|3|scr||726,mentions_not_counted_in_r2c,UNDETERMINED,
removed,SCC_2012scc73,SCC|2012|3|scr||777,mentions_not_counted_in_r2c,UNDETERMINED,
removed,SCC_2012scc74,SCC|2012|3|scr||810,mentions_not_counted_in_r2c,UNDETERMINED,
removed,SCC_2012scc75,SCC|2012|3|scr||828,mentions_not_counted_in_r2c,UNDETERMINED,
removed,SCC_2012scc8,SCC|2012|1|scr||265,mentions_not_counted_in_r2c,UNDETERMINED,
removed,SCC_2012scc9,SCC|2012|1|scr||359,mentions_not_counted_in_r2c,UNDETERMINED,
removed,SCC_2013scc11,SCC|2013|1|scr||467,mentions_not_counted_in_r2c,UNDETERMINED,
removed,SCC_2013scc12,SCC|2013|1|scr||565,mentions_not_counted_in_r2c,DOMESTIC_CA,
removed,SCC_2013scc14,SCC|2013|1|scr||623,mentions_not_counted_in_r2c,UNDETERMINED,
removed,SCC_2013scc15,SCC|2013|1|scr||739,mentions_not_counted_in_r2c,DOMESTIC_CA,
removed,SCC_2013scc16,SCC|2013|2|scr||3,mentions_not_counted_in_r2c,UNDETERMINED,
removed,SCC_2013scc18,SCC|2013|2|scr||98,mentions_not_counted_in_r2c,DOMESTIC_CA,
removed,SCC_2013scc19,SCC|2013|2|scr||125,mentions_not_counted_in_r2c,DOMESTIC_CA,
removed,SCC_2013scc2,SCC|2013|1|scr||7,mentions_not_counted_in_r2c,UNDETERMINED,
removed,SCC_2013scc22,SCC|2013|2|scr||180,mentions_not_counted_in_r2c,DOMESTIC_CA,
removed,SCC_2013scc25,SCC|2013|2|scr||204,mentions_not_counted_in_r2c,UNDETERMINED,
removed,SCC_2013scc26,SCC|2013|2|scr||227,mentions_not_counted_in_r2c,DOMESTIC_CA,
removed,SCC_2013scc27,SCC|2013|2|scr||248,mentions_not_counted_in_r2c,UNDETERMINED,
removed,SCC_2013scc28,SCC|2013|2|scr||269,mentions_not_counted_in_r2c,DOMESTIC_CA,
removed,SCC_2013scc29,SCC|2013|2|scr||336,mentions_not_counted_in_r2c,UNDETERMINED,
removed,SCC_2013scc3,SCC|2013|1|scr||14,mentions_not_counted_in_r2c,UNDETERMINED,
removed,SCC_2013scc30,SCC|2013|2|scr||357,mentions_not_counted_in_r2c,DOMESTIC_CA,
removed,SCC_2013scc32,SCC|2013|2|scr||403,mentions_not_counted_in_r2c,DOMESTIC_CA,
removed,SCC_2013scc33,SCC|2013|2|scr||438,mentions_not_counted_in_r2c,UNDETERMINED,
removed,SCC_2013scc34,SCC|2013|2|scr||458,mentions_not_counted_in_r2c,UNDETERMINED,
removed,SCC_2013scc35,SCC|2013|2|scr||520,mentions_not_counted_in_r2c,DOMESTIC_CA,
removed,SCC_2013scc36,SCC|2007|3|fcr||438,regrouped_or_rekeyed_in_r2c,UNDETERMINED,
removed,SCC_2013scc36,SCC|2007|4|fcr||658,regrouped_or_rekeyed_in_r2c,UNDETERMINED,
removed,SCC_2013scc36,SCC|2013|2|scr||559,mentions_not_counted_in_r2c,UNDETERMINED,
removed,SCC_2013scc37,SCC|2013|2|scr||623,mentions_not_counted_in_r2c,UNDETERMINED,
removed,SCC_2013scc38,SCC|2013|2|scr||639,mentions_not_counted_in_r2c,DOMESTIC_CA,
removed,SCC_2013scc39,SCC|2013|2|scr||649,mentions_not_counted_in_r2c,UNDETERMINED,
removed,SCC_2013scc40,SCC|2013|2|scr||678,mentions_not_counted_in_r2c,UNDETERMINED,
removed,SCC_2013scc41,SCC|2013|2|scr||720,mentions_not_counted_in_r2c,DOMESTIC_CA,
removed,SCC_2013scc42,SCC|2013|2|scr||774,mentions_not_counted_in_r2c,UNDETERMINED,
removed,SCC_2013scc43,SCC|2013|3|scr||3,mentions_not_counted_in_r2c,UNDETERMINED,
removed,SCC_2013scc44,SCC|2013|3|scr||53,mentions_not_counted_in_r2c,UNDETERMINED,
removed,SCC_2013scc46,SCC|2013|3|scr||125,mentions_not_counted_in_r2c,UNDETERMINED,
removed,SCC_2013scc47,SCC|2010|1|fcr||267,regrouped_or_rekeyed_in_r2c,UNDETERMINED,
removed,SCC_2013scc47,SCC|2013|3|scr||157,mentions_not_counted_in_r2c,UNDETERMINED,
removed,SCC_2013scc49,SCC|2013|3|scr||220,mentions_not_counted_in_r2c,UNDETERMINED,
removed,SCC_2013scc5,SCC|2013|1|scr||61,mentions_not_counted_in_r2c,UNDETERMINED,
removed,SCC_2013scc50,SCC|2013|3|scr||250,mentions_not_counted_in_r2c,UNDETERMINED,
removed,SCC_2013scc51,SCC|2013|3|scr||301,mentions_not_counted_in_r2c,UNDETERMINED,
removed,SCC_2013scc52,SCC|2013|3|scr||323,mentions_not_counted_in_r2c,UNDETERMINED,
removed,SCC_2013scc55,SCC|2013|3|scr||420,mentions_not_counted_in_r2c,DOMESTIC_CA,
removed,SCC_2013scc56,SCC|2013|3|scr||452,mentions_not_counted_in_r2c,DOMESTIC_CA,
removed,SCC_2013scc57,SCC|2013|3|scr||477,mentions_not_counted_in_r2c,DOMESTIC_CA,
removed,SCC_2013scc58,SCC|2013|3|scr||545,mentions_not_counted_in_r2c,UNDETERMINED,
removed,SCC_2013scc59,SCC|2013|3|scr||600,mentions_not_counted_in_r2c,UNDETERMINED,
removed,SCC_2013scc6,SCC|2013|1|scr||271,mentions_not_counted_in_r2c,UNDETERMINED,
removed,SCC_2013scc60,SCC|2013|3|scr||657,mentions_not_counted_in_r2c,UNDETERMINED,
removed,SCC_2013scc61,SCC|2013|3|scr||694,mentions_not_counted_in_r2c,DOMESTIC_CA,
removed,SCC_2013scc62,SCC|2013|3|scr||733,mentions_not_counted_in_r2c,UNDETERMINED,
removed,SCC_2013scc63,SCC|2013|3|scr||756,mentions_not_counted_in_r2c,UNDETERMINED,
removed,SCC_2013scc64,SCC|2013|3|scr||810,mentions_not_counted_in_r2c,UNDETERMINED,
removed,SCC_2013scc65,SCC|2013|3|scr||838,mentions_not_counted_in_r2c,UNDETERMINED,
removed,SCC_2013scc66,SCC|2013|3|scr||866,mentions_not_counted_in_r2c,UNDETERMINED,
removed,SCC_2013scc67,SCC|2013|3|scr||895,mentions_not_counted_in_r2c,UNDETERMINED,
removed,SCC_2013scc68,SCC|2013|3|scr||931,mentions_not_counted_in_r2c,DOMESTIC_CA,
removed,SCC_2013scc69,SCC|2013|3|scr||949,mentions_not_counted_in_r2c,UNDETERMINED,
removed,SCC_2013scc70,SCC|2013|3|scr||985,mentions_not_counted_in_r2c,UNDETERMINED,
removed,SCC_2013scc71,SCC|2013|3|scr||1053,mentions_not_counted_in_r2c,DOMESTIC_CA,
removed,SCC_2013scc72,SCC|2013|3|scr||1101,mentions_not_counted_in_r2c,UNDETERMINED,
removed,SCC_2013scc73,SCC|2013|3|scr||1168,mentions_not_counted_in_r2c,UNDETERMINED,
removed,SCC_2013scc9,SCC|2013|1|scr||405,mentions_not_counted_in_r2c,UNDETERMINED,
removed,SCC_2014scc1,SCC|2014|1|scr||3,mentions_not_counted_in_r2c,UNDETERMINED,
removed,SCC_2014scc12,SCC|2014|1|scr||177,mentions_not_counted_in_r2c,UNDETERMINED,
removed,SCC_2014scc13,SCC|2014|1|scr||227,mentions_not_counted_in_r2c,UNDETERMINED,
removed,SCC_2014scc14,SCC|2014|1|scr||270,mentions_not_counted_in_r2c,UNDETERMINED,
removed,SCC_2014scc15,SCC|2014|1|scr||272,mentions_not_counted_in_r2c,DOMESTIC_CA,
removed,SCC_2014scc16,SCC|2014|1|scr||309,mentions_not_counted_in_r2c,UNDETERMINED,
removed,SCC_2014scc19,SCC|2014|1|scr||346,mentions_not_counted_in_r2c,UNDETERMINED,
removed,SCC_2014scc2,SCC|2014|1|scr||34,mentions_not_counted_in_r2c,UNDETERMINED,
removed,SCC_2014scc20,SCC|2014|1|scr||392,mentions_not_counted_in_r2c,UNDETERMINED,
removed,SCC_2014scc21,SCC|2014|1|scr||433,mentions_not_counted_in_r2c,UNDETERMINED,
removed,SCC_2014scc24,SCC|2014|1|scr||502,mentions_not_counted_in_r2c,UNDETERMINED,
removed,SCC_2014scc26,SCC|2014|1|scr||575,mentions_not_counted_in_r2c,DOMESTIC_CA,
removed,SCC_2014scc27,SCC|2014|1|scr||605,mentions_not_counted_in_r2c,UNDETERMINED,
removed,SCC_2014scc28,SCC|2014|1|scr||612,mentions_not_counted_in_r2c,UNDETERMINED,
removed,SCC_2014scc29,SCC|2014|1|scr||621,mentions_not_counted_in_r2c,UNDETERMINED,
removed,SCC_2014scc3,SCC|2014|1|scr||37,mentions_not_counted_in_r2c,UNDETERMINED,
removed,SCC_2014scc30,SCC|2014|1|scr||672,mentions_not_counted_in_r2c,UNDETERMINED,
removed,SCC_2014scc31,SCC|2014|1|scr||674,mentions_not_counted_in_r2c,UNDETERMINED,
removed,SCC_2014scc32,SCC|2014|1|scr||704,mentions_not_counted_in_r2c,UNDETERMINED,
removed,SCC_2014scc33,SCC|2014|1|scr||765,mentions_not_counted_in_r2c,UNDETERMINED,
removed,SCC_2014scc35,SCC|2014|1|scr||800,mentions_not_counted_in_r2c,UNDETERMINED,
removed,SCC_2014scc36,SCC|2014|2|scr||3,mentions_not_counted_in_r2c,UNDETERMINED,
removed,SCC_2014scc37,SCC|2011||fca||199;SCC|2012|2|fcr||508;SCC|2012|2|fcr||594,regrouped_or_rekeyed_in_r2c,UNDETERMINED,
removed,SCC_2014scc37,SCC|2014|2|scr||33,mentions_not_counted_in_r2c,UNDETERMINED,
removed,SCC_2014scc39,SCC|2014|2|scr||108,mentions_not_counted_in_r2c,UNDETERMINED,
removed,SCC_2014scc40,SCC|2014|2|scr||135,mentions_not_counted_in_r2c,UNDETERMINED,
removed,SCC_2014scc41,SCC|2014|2|scr||167,mentions_not_counted_in_r2c,UNDETERMINED,
removed,SCC_2014scc42,SCC|2014|2|scr||197,mentions_not_counted_in_r2c,UNDETERMINED,
removed,SCC_2014scc43,SCC|2014|2|scr||212;SCC|2014||scr||212,mentions_not_counted_in_r2c,UNDETERMINED,
removed,SCC_2014scc44,SCC|2014|2|scr||256,mentions_not_counted_in_r2c,DOMESTIC_CA,
removed,SCC_2014scc45,SCC|2014|2|scr||323,mentions_not_counted_in_r2c,UNDETERMINED,
removed,SCC_2014scc46,SCC|2014|2|scr||390,mentions_not_counted_in_r2c,UNDETERMINED,
removed,SCC_2014scc47,SCC|2014|2|scr||423,mentions_not_counted_in_r2c,DOMESTIC_CA,
removed,SCC_2014scc49,SCC|2014|2|scr||477,mentions_not_counted_in_r2c,UNDETERMINED,
removed,SCC_2014scc5,SCC|2014|1|scr||80,mentions_not_counted_in_r2c,UNDETERMINED,
removed,SCC_2014scc50,SCC|2014|2|scr||495,mentions_not_counted_in_r2c,DOMESTIC_CA,
removed,SCC_2014scc51,SCC|2014|2|scr||514,mentions_not_counted_in_r2c,UNDETERMINED,
removed,SCC_2014scc52,SCC|2014|2|scr||544,mentions_not_counted_in_r2c,UNDETERMINED,
removed,SCC_2014scc53,SCC|2014|2|scr||633,mentions_not_counted_in_r2c,DOMESTIC_CA,
removed,SCC_2014scc54,SCC|2014|2|scr||689,mentions_not_counted_in_r2c,UNDETERMINED,
removed,SCC_2014scc55,SCC|2014|2|scr||725,mentions_not_counted_in_r2c,DOMESTIC_CA,
removed,SCC_2014scc56,SCC|2014|2|scr||787,mentions_not_counted_in_r2c,DOMESTIC_CA,
removed,SCC_2014scc57,SCC|2014|2|scr||805,mentions_not_counted_in_r2c,DOMESTIC_CA,
removed,SCC_2014scc58,SCC|2014|3|scr||3,mentions_not_counted_in_r2c,UNDETERMINED,
removed,SCC_2014scc59,SCC|2014|3|scr||31,mentions_not_counted_in_r2c,UNDETERMINED,
removed,SCC_2014scc6,SCC|2014|1|scr||83,mentions_not_counted_in_r2c,UNDETERMINED,
removed,SCC_2014scc60,SCC|2014|3|scr||82,mentions_not_counted_in_r2c,DOMESTIC_CA,
removed,SCC_2014scc61,SCC|2014|3|scr||138,mentions_not_counted_in_r2c,UNDETERMINED,
removed,SCC_2014scc62,SCC|2014|3|scr||176,mentions_not_counted_in_r2c,UNDETERMINED,
removed,SCC_2014scc64,SCC|2014|3|scr||283,mentions_not_counted_in_r2c,UNDETERMINED,
removed,SCC_2014scc66,SCC|2014|3|scr||287,mentions_not_counted_in_r2c,UNDETERMINED,
removed,SCC_2014scc67,SCC|2013|2|fcr||83;SCC|2014|3|scr||340,mentions_not_counted_in_r2c,UNDETERMINED,
removed,SCC_2014scc68,SCC|2014|3|scr||431,mentions_not_counted_in_r2c,UNDETERMINED,
removed,SCC_2014scc69,SCC|2014|3|scr||490,mentions_not_counted_in_r2c,UNDETERMINED,
removed,SCC_2014scc7,SCC|2014|1|rcs||87;SCC|2014|1|scr||87;SCC|2014||csc||7,mentions_not_counted_in_r2c,DOMESTIC_CA,
removed,SCC_2014scc71,SCC|2014|3|scr||494,mentions_not_counted_in_r2c,UNDETERMINED,
removed,SCC_2014scc72,SCC|2014|3|scr||549,mentions_not_counted_in_r2c,UNDETERMINED,
removed,SCC_2014scc77,SCC|2014|3|scr||621,mentions_not_counted_in_r2c,UNDETERMINED,
removed,SCC_2014scc8,SCC|2014|1|scr||126,mentions_not_counted_in_r2c,UNDETERMINED,
removed,SCC_2014scc9,SCC|2014|1|scr||138,mentions_not_counted_in_r2c,UNDETERMINED,
removed,SCC_2015scc1,SCC|2015|1|scr||3,mentions_not_counted_in_r2c,UNDETERMINED,
removed,SCC_2015scc10,SCC|2015|1|scr||500,mentions_not_counted_in_r2c,DOMESTIC_CA,
removed,SCC_2015scc11,SCC|2015|1|scr||581,mentions_not_counted_in_r2c,DOMESTIC_CA,
removed,SCC_2015scc12,SCC|2015|1|scr||613,mentions_not_counted_in_r2c,UNDETERMINED,
removed,SCC_2015scc14,SCC|2015|1|scr||693,mentions_not_counted_in_r2c,UNDETERMINED,
removed,SCC_2015scc15,SCC|2015|1|scr||773,mentions_not_counted_in_r2c,UNDETERMINED,
removed,SCC_2015scc16,SCC|2015|2|scr||3,mentions_not_counted_in_r2c,UNDETERMINED,
removed,SCC_2015scc17,SCC|2015|2|scr||79,mentions_not_counted_in_r2c,UNDETERMINED,
removed,SCC_2015scc18,SCC|2015|2|scr||106,mentions_not_counted_in_r2c,UNDETERMINED,
removed,SCC_2015scc2,SCC|2015|1|scr||125,mentions_not_counted_in_r2c,UNDETERMINED,
removed,SCC_2015scc21,SCC|2015|2|scr||139,mentions_not_counted_in_r2c,UNDETERMINED,
removed,SCC_2015scc23,SCC|2015|2|scr||182,mentions_not_counted_in_r2c,DOMESTIC_CA,
removed,SCC_2015scc24,SCC|2015|2|scr||214,mentions_not_counted_in_r2c,UNDETERMINED,
removed,SCC_2015scc25,SCC|2015|2|scr||282,mentions_not_counted_in_r2c,DOMESTIC_CA,
removed,SCC_2015scc27,SCC|2015|2|scr||328,mentions_not_counted_in_r2c,DOMESTIC_CA,
removed,SCC_2015scc28,SCC|2015|2|scr||398,mentions_not_counted_in_r2c,UNDETERMINED,
removed,SCC_2015scc29,SCC|2015|2|scr||522,mentions_not_counted_in_r2c,UNDETERMINED,
removed,SCC_2015scc3,SCC|2015|1|scr||161,mentions_not_counted_in_r2c,UNDETERMINED,
removed,SCC_2015scc30,SCC|2015|2|scr||548,mentions_not_counted_in_r2c,UNDETERMINED,
removed,SCC_2015scc31,SCC|2015|2|scr||563,mentions_not_counted_in_r2c,UNDETERMINED,
removed,SCC_2015scc32,SCC|2015|2|scr||570,mentions_not_counted_in_r2c,UNDETERMINED,
removed,SCC_2015scc33,SCC|2015|2|scr||574,mentions_not_counted_in_r2c,UNDETERMINED,
removed,SCC_2015scc34,SCC|2015|2|scr||602,mentions_not_counted_in_r2c,UNDETERMINED,
removed,SCC_2015scc35,SCC|2015|2|scr||621,mentions_not_counted_in_r2c,UNDETERMINED,
removed,SCC_2015scc37,SCC|2015|2|scr||713,mentions_not_counted_in_r2c,UNDETERMINED,
removed,SCC_2015scc38,SCC|2015|2|scr||760,mentions_not_counted_in_r2c,DOMESTIC_CA,
removed,SCC_2015scc4,SCC|2015|1|scr||245,mentions_not_counted_in_r2c,UNDETERMINED,
removed,SCC_2015scc40,SCC|2015|2|scr||827,mentions_not_counted_in_r2c,UNDETERMINED,
removed,SCC_2015scc41,SCC|2015|3|scr||3,mentions_not_counted_in_r2c,UNDETERMINED,
removed,SCC_2015scc42,SCC|2015|3|scr||69,mentions_not_counted_in_r2c,DOMESTIC_CA,
removed,SCC_2015scc44,SCC|2015|2|scr||147;SCC|2015|3|scr||147,mentions_not_counted_in_r2c,UNDETERMINED,
removed,SCC_2015scc45,SCC|2015|3|scr||219,mentions_not_counted_in_r2c,UNDETERMINED,
removed,SCC_2015scc46,SCC|2015|2|scr||250;SCC|2015|3|scr||250,mentions_not_counted_in_r2c,UNDETERMINED,
removed,SCC_2015scc47,SCC|2015|3|scr||300,mentions_not_counted_in_r2c,DOMESTIC_CA,
removed,SCC_2015scc5,SCC|2015|1|scr||331,mentions_not_counted_in_r2c,UNDETERMINED,
removed,SCC_2015scc51,SCC|2015|3|scr||327,mentions_not_counted_in_r2c,UNDETERMINED,
removed,SCC_2015scc52,SCC|2015|3|scr||397,mentions_not_counted_in_r2c,UNDETERMINED,
removed,SCC_2015scc53,SCC|2015|3|scr||419,mentions_not_counted_in_r2c,UNDETERMINED,
removed,SCC_2015scc55,SCC|2015|3|scr||485,mentions_not_counted_in_r2c,UNDETERMINED,
removed,SCC_2015scc56,SCC|2015|3|scr||511,mentions_not_counted_in_r2c,UNDETERMINED,
removed,SCC_2015scc57,SCC|2015|3|scr||615,mentions_not_counted_in_r2c,UNDETERMINED,
removed,SCC_2015scc58,SCC|2015|3|scr||704,mentions_not_counted_in_r2c,UNDETERMINED,
removed,SCC_2015scc59,SCC|2015|3|scr||754,mentions_not_counted_in_r2c,UNDETERMINED,
removed,SCC_2015scc6,SCC|2015|1|scr||399,mentions_not_counted_in_r2c,UNDETERMINED,
removed,SCC_2015scc60,SCC|2015|3|scr||801,mentions_not_counted_in_r2c,DOMESTIC_CA,
removed,SCC_2015scc61,SCC|2004|43|immlr|3d|111,regrouped_or_rekeyed_in_r2c,UNDETERMINED,
removed,SCC_2015scc61,SCC|2011|2|fcr||448,regrouped_or_rekeyed_in_r2c,UNDETERMINED,
removed,SCC_2015scc61,SCC|2011|96|immlr|3d|267,regrouped_or_rekeyed_in_r2c,UNDETERMINED,
removed,SCC_2015scc61,SCC|2012|14|immlr|4d|66,regrouped_or_rekeyed_in_r2c,UNDETERMINED,
removed,SCC_2015scc61,SCC|2015|1|fcr||335;SCC|2015|3|scr||909,mentions_not_counted_in_r2c,UNDETERMINED,
removed,SCC_2015scc62,SCC|2015|3|scr||973,mentions_not_counted_in_r2c,DOMESTIC_CA,
removed,SCC_2015scc63,SCC|2015|3|scr||1087,mentions_not_counted_in_r2c,UNDETERMINED,
removed,SCC_2015scc64,SCC|2015|3|scr||1089,mentions_not_counted_in_r2c,DOMESTIC_CA,
removed,SCC_2015scc7,SCC|2015|1|scr||401,mentions_not_counted_in_r2c,UNDETERMINED,
removed,SCC_2015scc9,SCC|2015|1|scr||475,mentions_not_counted_in_r2c,DOMESTIC_CA,
removed,SCC_2016scc12,SCC|2016|1|scr||99,mentions_not_counted_in_r2c,UNDETERMINED,
removed,SCC_2016scc13,SCC|2016|1|scr||130,mentions_not_counted_in_r2c,UNDETERMINED,
removed,SCC_2016scc14,SCC|2016|1|scr||180,mentions_not_counted_in_r2c,UNDETERMINED,
removed,SCC_2016scc15,SCC|2016|1|scr||207,mentions_not_counted_in_r2c,DOMESTIC_CA,
removed,SCC_2016scc18,SCC|2016|1|scr||273,mentions_not_counted_in_r2c,UNDETERMINED,
removed,SCC_2016scc19,SCC|2016|1|scr||306,mentions_not_counted_in_r2c,UNDETERMINED,
removed,SCC_2016scc20,SCC|2016|1|scr||336,mentions_not_counted_in_r2c,UNDETERMINED,
removed,SCC_2016scc21,SCC|2016|1|scr||381,mentions_not_counted_in_r2c,UNDETERMINED,
removed,SCC_2016scc22,SCC|2016|1|scr||402,mentions_not_counted_in_r2c,UNDETERMINED,
removed,SCC_2016scc23,SCC|2016|1|scr||467,mentions_not_counted_in_r2c,UNDETERMINED,
removed,SCC_2016scc24,SCC|2016|1|scr||518,mentions_not_counted_in_r2c,UNDETERMINED,
removed,SCC_2016scc25,SCC|2016|1|scr||587,mentions_not_counted_in_r2c,UNDETERMINED,
removed,SCC_2016scc26,SCC|2016|1|scr||625,mentions_not_counted_in_r2c,UNDETERMINED,
removed,SCC_2016scc27,SCC|2016|1|scr||631,mentions_not_counted_in_r2c,DOMESTIC_CA,
removed,SCC_2016scc28,SCC|2016|1|scr||741,mentions_not_counted_in_r2c,DOMESTIC_CA,
removed,SCC_2016scc29,SCC|2016|1|scr||770,mentions_not_counted_in_r2c,UNDETERMINED,
removed,SCC_2016scc30,SCC|2016|1|scr||851,mentions_not_counted_in_r2c,UNDETERMINED,
removed,SCC_2016scc31,SCC|2016|1|scr||906,mentions_not_counted_in_r2c,UNDETERMINED,
removed,SCC_2016scc32,SCC|2016|1|scr||983,mentions_not_counted_in_r2c,UNDETERMINED,
removed,SCC_2016scc33,SCC|2016|1|scr||1000,mentions_not_counted_in_r2c,DOMESTIC_CA,
removed,SCC_2016scc34,SCC|2016|1|scr||1032,mentions_not_counted_in_r2c,UNDETERMINED,
removed,SCC_2016scc35,SCC|2016|1|scr||1091,mentions_not_counted_in_r2c,UNDETERMINED,
removed,SCC_2016scc37,SCC|2016|2|scr||23,mentions_not_counted_in_r2c,DOMESTIC_CA,
removed,SCC_2016scc38,SCC|2016|2|scr||80,mentions_not_counted_in_r2c,UNDETERMINED,
removed,SCC_2016scc39,SCC|2016|2|scr||116,mentions_not_counted_in_r2c,UNDETERMINED,
removed,SCC_2016scc4,SCC|2016|1|scr||13,mentions_not_counted_in_r2c,UNDETERMINED,
removed,SCC_2016scc40,SCC|2016|2|scr||158,mentions_not_counted_in_r2c,UNDETERMINED,
removed,SCC_2016scc42,SCC|2016|2|scr||162,mentions_not_counted_in_r2c,UNDETERMINED,
removed,SCC_2016scc43,SCC|2016|2|scr||204,mentions_not_counted_in_r2c,DOMESTIC_CA,
removed,SCC_2016scc47,SCC|2016|2|scr||293,mentions_not_counted_in_r2c,UNDETERMINED,
removed,SCC_2016scc48,SCC|2016|2|scr||352,mentions_not_counted_in_r2c,UNDETERMINED,
removed,SCC_2016scc49,SCC|2016|2|scr||407,mentions_not_counted_in_r2c,UNDETERMINED,
removed,SCC_2016scc52,SCC|2016|2|scr||521,mentions_not_counted_in_r2c,UNDETERMINED,
removed,SCC_2016scc53,SCC|2016|2|scr||555,mentions_not_counted_in_r2c,UNDETERMINED,
removed,SCC_2016scc54,SCC|2010|3|ctc||80,regrouped_or_rekeyed_in_r2c,UNDETERMINED,
removed,SCC_2016scc54,SCC|2014|1|ctc||223,regrouped_or_rekeyed_in_r2c,UNDETERMINED,
removed,SCC_2016scc54,SCC|2016|2|scr||617,mentions_not_counted_in_r2c,UNDETERMINED,
removed,SCC_2016scc55,SCC|2016|2|scr||670,mentions_not_counted_in_r2c,UNDETERMINED,
removed,SCC_2016scc56,SCC|2016|2|scr||720,mentions_not_counted_in_r2c,UNDETERMINED,
removed,SCC_2016scc7,SCC|2016|1|scr||27,mentions_not_counted_in_r2c,UNDETERMINED,
removed,SCC_2016scc8,SCC|2016|1|scr||29,mentions_not_counted_in_r2c,UNDETERMINED,
removed,SCC_2017scc1,SCC|2017|1|scr||3,mentions_not_counted_in_r2c,UNDETERMINED,
removed,SCC_2017scc11,SCC|2017|1|scr||168,mentions_not_counted_in_r2c,UNDETERMINED,
removed,SCC_2017scc15,SCC|2017|1|scr||202,mentions_not_counted_in_r2c,UNDETERMINED,
removed,SCC_2017scc17,SCC|2017|1|rcs||250;SCC|2017|1|scr||250,mentions_not_counted_in_r2c,DOMESTIC_CA,
removed,SCC_2017scc18,SCC|2017|1|scr||283,mentions_not_counted_in_r2c,UNDETERMINED,
removed,SCC_2017scc20,SCC|2017|1|scr||360,mentions_not_counted_in_r2c,UNDETERMINED,
removed,SCC_2017scc22,SCC|2017|1|scr||402,mentions_not_counted_in_r2c,UNDETERMINED,
removed,SCC_2017scc23,SCC|2017|1|scr||470,mentions_not_counted_in_r2c,UNDETERMINED,
removed,SCC_2017scc26,SCC|2017|1|scr||478,mentions_not_counted_in_r2c,UNDETERMINED,
removed,SCC_2017scc27,SCC|2017|1|scr||509,mentions_not_counted_in_r2c,UNDETERMINED,
removed,SCC_2017scc28,SCC|2017|1|scr||543,mentions_not_counted_in_r2c,UNDETERMINED,
removed,SCC_2017scc29,SCC|2017|1|scr||575,mentions_not_counted_in_r2c,UNDETERMINED,
removed,SCC_2017scc3,SCC|2017|1|scr||86,mentions_not_counted_in_r2c,UNDETERMINED,
removed,SCC_2017scc30,SCC|2017|1|scr||591,mentions_not_counted_in_r2c,UNDETERMINED,
removed,SCC_2017scc31,SCC|2017|1|scr||659,mentions_not_counted_in_r2c,DOMESTIC_CA,
removed,SCC_2017scc32,SCC|2017|1|scr||688,mentions_not_counted_in_r2c,DOMESTIC_CA,
removed,SCC_2017scc33,SCC|2017|1|scr||751,mentions_not_counted_in_r2c,UNDETERMINED,
removed,SCC_2017scc34,SCC|2017|1|scr||824,mentions_not_counted_in_r2c,UNDETERMINED,
removed,SCC_2017scc35,SCC|2017|1|scr||865,mentions_not_counted_in_r2c,DOMESTIC_CA,
removed,SCC_2017scc36,SCC|2017|1|scr||943,mentions_not_counted_in_r2c,UNDETERMINED,
removed,SCC_2017scc37,SCC|2017|1|scr||967,mentions_not_counted_in_r2c,UNDETERMINED,
removed,SCC_2017scc38,SCC|2017|1|scr||1021,mentions_not_counted_in_r2c,UNDETERMINED,
removed,SCC_2017scc39,SCC|2017|1|scr||1037,mentions_not_counted_in_r2c,UNDETERMINED,
removed,SCC_2017scc40,SCC|2017|1|scr||1069,mentions_not_counted_in_r2c,UNDETERMINED,
removed,SCC_2017scc41,SCC|2017|1|scr||1099,mentions_not_counted_in_r2c,UNDETERMINED,
removed,SCC_2017scc42,SCC|2017|2|scr||3,mentions_not_counted_in_r2c,UNDETERMINED,
removed,SCC_2017scc43,SCC|2017|2|scr||59,mentions_not_counted_in_r2c,UNDETERMINED,
removed,SCC_2017scc44,SCC|2017|2|scr||127,mentions_not_counted_in_r2c,UNDETERMINED,
removed,SCC_2017scc45,SCC|2017|2|scr||157,mentions_not_counted_in_r2c,UNDETERMINED,
removed,SCC_2017scc46,SCC|2017|2|scr||184,mentions_not_counted_in_r2c,UNDETERMINED,
removed,SCC_2017scc47,SCC|2017|2|scr||205,mentions_not_counted_in_r2c,UNDETERMINED,
removed,SCC_2017scc48,SCC|2017|2|scr||250,mentions_not_counted_in_r2c,UNDETERMINED,
removed,SCC_2017scc50,SCC|2017|2|scr||289,mentions_not_counted_in_r2c,UNDETERMINED,
removed,SCC_2017scc51,SCC|2017|2|scr||317,mentions_not_counted_in_r2c,UNDETERMINED,
removed,SCC_2017scc54,SCC|2017|2|scr||386,mentions_not_counted_in_r2c,UNDETERMINED,
removed,SCC_2017scc55,SCC|2017|2|scr||456,mentions_not_counted_in_r2c,UNDETERMINED,
removed,SCC_2017scc56,SCC|2017|2|scr||488,mentions_not_counted_in_r2c,UNDETERMINED,
removed,SCC_2017scc57,SCC|2017|2|scr||539,mentions_not_counted_in_r2c,UNDETERMINED,
removed,SCC_2017scc58,SCC|2017|2|scr||576,mentions_not_counted_in_r2c,UNDETERMINED,
removed,SCC_2017scc59,SCC|2017|2|scr||608,mentions_not_counted_in_r2c,UNDETERMINED,
removed,SCC_2017scc6,SCC|2017|1|scr||93,mentions_not_counted_in_r2c,UNDETERMINED,
removed,SCC_2017scc60,SCC|2017|2|scr||696,mentions_not_counted_in_r2c,UNDETERMINED,
removed,SCC_2017scc61,SCC|2017|2|scr||754,mentions_not_counted_in_r2c,UNDETERMINED,
removed,SCC_2017scc62,SCC|2017|2|scr||795,mentions_not_counted_in_r2c,UNDETERMINED,
removed,SCC_2017scc63,SCC|2017|2|scr||855,mentions_not_counted_in_r2c,DOMESTIC_CA,
removed,SCC_2017scc64,SCC|2017|2|scr||936,mentions_not_counted_in_r2c,DOMESTIC_CA,
removed,SCC_2017scc7,SCC|2017|1|scr||121,mentions_not_counted_in_r2c,UNDETERMINED,
removed,SCC_2017scc8,SCC|2017|1|scr||138,mentions_not_counted_in_r2c,UNDETERMINED,
removed,SCC_2018scc12,SCC|2018|1|scr||269,mentions_not_counted_in_r2c,UNDETERMINED,
removed,SCC_2018scc14,SCC|2018|1|scr||309,mentions_not_counted_in_r2c,UNDETERMINED,
removed,SCC_2018scc15,SCC|2018|1|scr||342,mentions_not_counted_in_r2c,UNDETERMINED,
removed,SCC_2018scc16,SCC|2018|1|scr||398,mentions_not_counted_in_r2c,DOMESTIC_CA,
removed,SCC_2018scc17,SCC|2018|1|scr||464,mentions_not_counted_in_r2c,UNDETERMINED,
removed,SCC_2018scc18,SCC|2018|1|scr||522,mentions_not_counted_in_r2c,UNDETERMINED,
removed,SCC_2018scc19,SCC|2018|1|scr||587,mentions_not_counted_in_r2c,DOMESTIC_CA,
removed,SCC_2018scc2,SCC|2018|1|scr||6,mentions_not_counted_in_r2c,UNDETERMINED,
removed,SCC_2018scc21,SCC|2018|1|scr||633,mentions_not_counted_in_r2c,UNDETERMINED,
removed,SCC_2018scc22,SCC|2008||fca||229;SCC|2009|3|fcr||136,regrouped_or_rekeyed_in_r2c,UNDETERMINED,
removed,SCC_2018scc22,SCC|2018|1|scr||635,mentions_not_counted_in_r2c,UNDETERMINED,
removed,SCC_2018scc25,SCC|2018|1|scr||696,mentions_not_counted_in_r2c,DOMESTIC_CA,
removed,SCC_2018scc26,SCC|2018|1|scr||750,mentions_not_counted_in_r2c,UNDETERMINED,
removed,SCC_2018scc27,SCC|2018|1|scr||772,mentions_not_counted_in_r2c,UNDETERMINED,
removed,SCC_2018scc28,SCC|2018|2|scr||3,mentions_not_counted_in_r2c,UNDETERMINED,
removed,SCC_2018scc29,SCC|2018|1|scr||104,mentions_not_counted_in_r2c,UNDETERMINED,
removed,SCC_2018scc3,SCC|2018|1|scr||35,mentions_not_counted_in_r2c,UNDETERMINED,
removed,SCC_2018scc30,SCC|2018|2|scr||165,mentions_not_counted_in_r2c,UNDETERMINED,
removed,SCC_2018scc31,SCC|2004|1|fcr||679,regrouped_or_rekeyed_in_r2c,UNDETERMINED,
removed,SCC_2018scc31,SCC|2018|2|scr||230,mentions_not_counted_in_r2c,UNDETERMINED,
removed,SCC_2018scc32,SCC|2018|2|scr||293,mentions_not_counted_in_r2c,UNDETERMINED,
removed,SCC_2018scc33,SCC|2018|2|scr||453,mentions_not_counted_in_r2c,UNDETERMINED,
removed,SCC_2018scc34,SCC|2018|2|scr||496,mentions_not_counted_in_r2c,DOMESTIC_CA,
removed,SCC_2018scc35,SCC|2018|2|scr||577,mentions_not_counted_in_r2c,UNDETERMINED,
removed,SCC_2018scc36,SCC|2018|2|scr||595,mentions_not_counted_in_r2c,UNDETERMINED,
removed,SCC_2018scc37,SCC|2018|2|scr||617,mentions_not_counted_in_r2c,UNDETERMINED,
removed,SCC_2018scc38,SCC|2004|3|fcr||241;SCC|2005|4|fcr||81;SCC|2005||fca||193,regrouped_or_rekeyed_in_r2c,UNDETERMINED,
removed,SCC_2018scc38,SCC|2015|2|fcr||540,regrouped_or_rekeyed_in_r2c,UNDETERMINED,
removed,SCC_2018scc38,SCC|2018|2|scr||643,mentions_not_counted_in_r2c,UNDETERMINED,
removed,SCC_2018scc39,SCC|2004|1|fcr||556,regrouped_or_rekeyed_in_r2c,UNDETERMINED,
removed,SCC_2018scc39,SCC|2018|2|scr||687,mentions_not_counted_in_r2c,UNDETERMINED,
removed,SCC_2018scc4,SCC|2018|1|scr||83,mentions_not_counted_in_r2c,UNDETERMINED,
removed,SCC_2018scc40,SCC|2015|4|fcr||3,regrouped_or_rekeyed_in_r2c,UNDETERMINED,
removed,SCC_2018scc40,SCC|2018|2|scr||765,mentions_not_counted_in_r2c,UNDETERMINED,
removed,SCC_2018scc41,SCC|2018|3|scr||3,mentions_not_counted_in_r2c,UNDETERMINED,
removed,SCC_2018scc43,SCC|2018|3|scr||8,mentions_not_counted_in_r2c,UNDETERMINED,
removed,SCC_2018scc44,SCC|2018|3|scr||35,mentions_not_counted_in_r2c,UNDETERMINED,
removed,SCC_2018scc45,SCC|2018|3|scr||87,mentions_not_counted_in_r2c,UNDETERMINED,
removed,SCC_2018scc46,SCC|2018|3|scr||101,mentions_not_counted_in_r2c,UNDETERMINED,
removed,SCC_2018scc48,SCC|2018|3|scr||189,mentions_not_counted_in_r2c,UNDETERMINED,
removed,SCC_2018scc5,SCC|2018|1|scr||196,mentions_not_counted_in_r2c,UNDETERMINED,
removed,SCC_2018scc50,SCC|2018|3|scr||261,mentions_not_counted_in_r2c,UNDETERMINED,
removed,SCC_2018scc51,SCC|2018|3|scr||301,mentions_not_counted_in_r2c,UNDETERMINED,
removed,SCC_2018scc52,SCC|2018|3|scr||303,mentions_not_counted_in_r2c,UNDETERMINED,
removed,SCC_2018scc53,SCC|2018|3|scr||374,mentions_not_counted_in_r2c,UNDETERMINED,
removed,SCC_2018scc54,SCC|2018|3|scr||456,mentions_not_counted_in_r2c,UNDETERMINED,
removed,SCC_2018scc55,SCC|2018|3|scr||481,mentions_not_counted_in_r2c,UNDETERMINED,
removed,SCC_2018scc56,SCC|2018|3|scr||531,mentions_not_counted_in_r2c,UNDETERMINED,
removed,SCC_2018scc57,SCC|2018|3|scr||597,mentions_not_counted_in_r2c,DOMESTIC_CA,
removed,SCC_2018scc58,SCC|2018|3|scr||599,mentions_not_counted_in_r2c,UNDETERMINED,
removed,SCC_2018scc59,SCC|2018|3|scr||687,mentions_not_counted_in_r2c,DOMESTIC_CA,
removed,SCC_2018scc7,SCC|2018|1|scr||220,mentions_not_counted_in_r2c,UNDETERMINED,
removed,SCC_2018scc8,SCC|2018|1|scr||224,mentions_not_counted_in_r2c,UNDETERMINED,
removed,SCC_2019scc1,SCC|2019|1|scr||3,mentions_not_counted_in_r2c,UNDETERMINED,
removed,SCC_2019scc10,SCC|2019|1|scr||488,mentions_not_counted_in_r2c,UNDETERMINED,
removed,SCC_2019scc12,SCC|2019|1|scr||570,mentions_not_counted_in_r2c,DOMESTIC_CA,
removed,SCC_2019scc13,SCC|2019|1|scr||573,mentions_not_counted_in_r2c,UNDETERMINED,
removed,SCC_2019scc14,SCC|2019|1|scr||729,mentions_not_counted_in_r2c,UNDETERMINED,
removed,SCC_2019scc15,SCC|2019|2|scr||3,mentions_not_counted_in_r2c,DOMESTIC_CA,
removed,SCC_2019scc16,SCC|2019|2|scr||98,mentions_not_counted_in_r2c,UNDETERMINED,
removed,SCC_2019scc17,SCC|2019|2|scr||101,mentions_not_counted_in_r2c,UNDETERMINED,
removed,SCC_2019scc18,SCC|2019|2|scr||105,mentions_not_counted_in_r2c,UNDETERMINED,
removed,SCC_2019scc19,SCC|2019|2|scr||144,mentions_not_counted_in_r2c,UNDETERMINED,
removed,SCC_2019scc22,SCC|2019|2|scr||320,mentions_not_counted_in_r2c,UNDETERMINED,
removed,SCC_2019scc23,SCC|2019|2|scr||394,mentions_not_counted_in_r2c,UNDETERMINED,
removed,SCC_2019scc25,SCC|2019|2|scr||398,mentions_not_counted_in_r2c,UNDETERMINED,
removed,SCC_2019scc29,SCC|2012|4|fcr||220,regrouped_or_rekeyed_in_r2c,UNDETERMINED,
removed,SCC_2019scc29,SCC|2017|3|fcr||428,regrouped_or_rekeyed_in_r2c,UNDETERMINED,
removed,SCC_2019scc29,SCC|2019|2|scr||467,mentions_not_counted_in_r2c,UNDETERMINED,
removed,SCC_2019scc30,SCC|2019|2|scr||530,mentions_not_counted_in_r2c,DOMESTIC_CA,
removed,SCC_2019scc31,SCC|2019|2|scr||535,mentions_not_counted_in_r2c,UNDETERMINED,
removed,SCC_2019scc33,SCC|2019|2|scr||579,mentions_not_counted_in_r2c,UNDETERMINED,
removed,SCC_2019scc34,SCC|2019|2|scr||692,mentions_not_counted_in_r2c,UNDETERMINED,
removed,SCC_2019scc35,SCC|2019|2|scr||831,mentions_not_counted_in_r2c,DOMESTIC_CA,
removed,SCC_2019scc36,SCC|2019|2|scr||990,mentions_not_counted_in_r2c,UNDETERMINED,
removed,SCC_2019scc37,SCC|2019|2|scr||993,mentions_not_counted_in_r2c,UNDETERMINED,
removed,SCC_2019scc38,SCC|2019|3|scr||3,mentions_not_counted_in_r2c,UNDETERMINED,
removed,SCC_2019scc39,SCC|2019|3|scr||91,mentions_not_counted_in_r2c,UNDETERMINED,
removed,SCC_2019scc4,SCC|2019|1|scr||99,mentions_not_counted_in_r2c,UNDETERMINED,
removed,SCC_2019scc40,SCC|2019|3|scr||144,mentions_not_counted_in_r2c,DOMESTIC_CA,
removed,SCC_2019scc41,SCC|2019|3|scr||237,mentions_not_counted_in_r2c,UNDETERMINED,
removed,SCC_2019scc42,SCC|2019|3|scr||295,mentions_not_counted_in_r2c,UNDETERMINED,
removed,SCC_2019scc43,SCC|2019|3|scr||418,mentions_not_counted_in_r2c,UNDETERMINED,
removed,SCC_2019scc44,SCC|2019|3|scr||482,mentions_not_counted_in_r2c,UNDETERMINED,
removed,SCC_2019scc45,SCC|2019|3|scr||519,mentions_not_counted_in_r2c,UNDETERMINED,
removed,SCC_2019scc47,SCC|2019|3|scr||566,mentions_not_counted_in_r2c,DOMESTIC_CA,
removed,SCC_2019scc49,SCC|2019|3|scr||643,mentions_not_counted_in_r2c,UNDETERMINED,
removed,SCC_2019scc5,SCC|2019|1|scr||150,mentions_not_counted_in_r2c,UNDETERMINED,
removed,SCC_2019scc50,SCC|2019|3|scr||726,mentions_not_counted_in_r2c,UNDETERMINED,
removed,SCC_2019scc51,SCC|2019|3|scr||838,mentions_not_counted_in_r2c,UNDETERMINED,
removed,SCC_2019scc54,SCC|2019|4|scr||3,mentions_not_counted_in_r2c,DOMESTIC_CA,
removed,SCC_2019scc55,SCC|2019|4|scr||39,mentions_not_counted_in_r2c,UNDETERMINED,
removed,SCC_2019scc57,SCC|2019|4|scr||138,mentions_not_counted_in_r2c,UNDETERMINED,
removed,SCC_2019scc58,SCC|2019|4|scr||228,mentions_not_counted_in_r2c,UNDETERMINED,
removed,SCC_2019scc59,SCC|2019|4|scr||335,mentions_not_counted_in_r2c,UNDETERMINED,
removed,SCC_2019scc6,SCC|2019|1|scr||301,mentions_not_counted_in_r2c,DOMESTIC_CA,
removed,SCC_2019scc60,SCC|2019|4|scr||394,mentions_not_counted_in_r2c,DOMESTIC_CA,
removed,SCC_2019scc62,SCC|2019|4|scr||498,mentions_not_counted_in_r2c,UNDETERMINED,
removed,SCC_2019scc63,SCC|2019|4|scr||559,mentions_not_counted_in_r2c,UNDETERMINED,
removed,SCC_2019scc65,SCC|2007|64|immlr|3d|67,regrouped_or_rekeyed_in_r2c,UNDETERMINED,
removed,SCC_2019scc65,SCC|2009|1|fcr||204,regrouped_or_rekeyed_in_r2c,UNDETERMINED,
removed,SCC_2019scc65,SCC|2019|4|scr||653,mentions_not_counted_in_r2c,DOMESTIC_CA,
removed,SCC_2019scc66,SCC|2019|4|scr||845,mentions_not_counted_in_r2c,UNDETERMINED,
removed,SCC_2019scc67,SCC|2019|4|scr||900,mentions_not_counted_in_r2c,UNDETERMINED,
removed,SCC_2019scc7,SCC|2019|1|scr||409,mentions_not_counted_in_r2c,UNDETERMINED,
removed,SCC_2020scc1,SCC|2020|1|scr||3,mentions_not_counted_in_r2c,UNDETERMINED,
removed,SCC_2020scc10,SCC|2020|1|scr||521,mentions_not_counted_in_r2c,DOMESTIC_CA,
removed,SCC_2020scc11,SCC|2020|1|scr||577,mentions_not_counted_in_r2c,DOMESTIC_CA,
removed,SCC_2020scc12,SCC|2020|1|scr||675,mentions_not_counted_in_r2c,UNDETERMINED,
removed,SCC_2020scc13,SCC|2020|1|scr||678,mentions_not_counted_in_r2c,DOMESTIC_CA,
removed,SCC_2020scc14,SCC|2020|2|scr||3,mentions_not_counted_in_r2c,UNDETERMINED,
removed,SCC_2020scc16,SCC|2020|2|scr||118,mentions_not_counted_in_r2c,DOMESTIC_CA,
removed,SCC_2020scc17,SCC|2020|2|scr||283,mentions_not_counted_in_r2c,UNDETERMINED,
removed,SCC_2020scc18,SCC|2020|2|scr||413,mentions_not_counted_in_r2c,UNDETERMINED,
removed,SCC_2020scc19,SCC|2020|2|scr||420,mentions_not_counted_in_r2c,DOMESTIC_CA,
removed,SCC_2020scc20,SCC|2020|2|scr||506,mentions_not_counted_in_r2c,UNDETERMINED,
removed,SCC_2020scc21,SCC|2020|2|scr||556,mentions_not_counted_in_r2c,UNDETERMINED,
removed,SCC_2020scc22,SCC|2020|2|scr||587,mentions_not_counted_in_r2c,DOMESTIC_CA,
removed,SCC_2020scc23,SCC|2020|2|scr||645,mentions_not_counted_in_r2c,DOMESTIC_CA,
removed,SCC_2020scc24,SCC|2020|2|scr||763,mentions_not_counted_in_r2c,UNDETERMINED,
removed,SCC_2020scc28,SCC|2020|3|scr||113,mentions_not_counted_in_r2c,UNDETERMINED,
removed,SCC_2020scc33,SCC|2020|3|scr||499,mentions_not_counted_in_r2c,UNDETERMINED,
removed,SCC_2020scc34,SCC|2020|3|scr||502,mentions_not_counted_in_r2c,UNDETERMINED,
removed,SCC_2020scc35,SCC|2020|3|scr||504,mentions_not_counted_in_r2c,DOMESTIC_CA,
removed,SCC_2020scc36,SCC|2020|3|scr||592,mentions_not_counted_in_r2c,DOMESTIC_CA,
removed,SCC_2020scc37,SCC|2020|3|scr||595,mentions_not_counted_in_r2c,UNDETERMINED,
removed,SCC_2020scc38,SCC|2020|3|scr||629,mentions_not_counted_in_r2c,UNDETERMINED,
removed,SCC_2020scc39,SCC|2020|3|scr||780,mentions_not_counted_in_r2c,UNDETERMINED,
removed,SCC_2020scc4,SCC|2020|1|scr||15,mentions_not_counted_in_r2c,UNDETERMINED,
removed,SCC_2020scc40,SCC|2020|3|scr||782,mentions_not_counted_in_r2c,UNDETERMINED,
removed,SCC_2020scc41,SCC|2020|3|scr||785,mentions_not_counted_in_r2c,UNDETERMINED,
removed,SCC_2020scc43,SCC|2020|3|scr||789,mentions_not_counted_in_r2c,UNDETERMINED,
removed,SCC_2020scc45,SCC|2020|3|scr||908,mentions_not_counted_in_r2c,DOMESTIC_CA,
removed,SCC_2020scc5,SCC|2020|1|scr||166,mentions_not_counted_in_r2c,UNDETERMINED,
removed,SCC_2020scc7,SCC|2020|1|scr||364,mentions_not_counted_in_r2c,DOMESTIC_CA,
removed,SCC_2020scc8,SCC|2020|1|scr||405,mentions_not_counted_in_r2c,UNDETERMINED,
removed,SCC_2020scc9,SCC|2020|1|scr||424,mentions_not_counted_in_r2c,DOMESTIC_CA,
removed,SCC_2021scc10,SCC|2021|1|scr||131,mentions_not_counted_in_r2c,UNDETERMINED,
removed,SCC_2021scc12,SCC|2021|1|scr||521,mentions_not_counted_in_r2c,DOMESTIC_CA,
removed,SCC_2021scc16,SCC|2021|1|scr||530,mentions_not_counted_in_r2c,UNDETERMINED,
removed,SCC_2021scc17,SCC|2021|1|scr||533,mentions_not_counted_in_r2c,DOMESTIC_CA,
removed,SCC_2021scc18,SCC|2021|1|scr||607,mentions_not_counted_in_r2c,UNDETERMINED,
removed,SCC_2021scc19,SCC|2021|1|scr||679,mentions_not_counted_in_r2c,UNDETERMINED,
removed,SCC_2021scc20,SCC|2021|1|scr||801,mentions_not_counted_in_r2c,DOMESTIC_CA,
removed,SCC_2021scc23,SCC|2021|1|scr||899,mentions_not_counted_in_r2c,UNDETERMINED,
removed,SCC_2021scc24,SCC|2021|2|scr||3,mentions_not_counted_in_r2c,DOMESTIC_CA,
removed,SCC_2021scc25,SCC|2021|2|scr||75,mentions_not_counted_in_r2c,DOMESTIC_CA,
removed,SCC_2021scc26,SCC|2021|2|scr||136,mentions_not_counted_in_r2c,UNDETERMINED,
removed,SCC_2021scc27,SCC|2021|2|scr||291,mentions_not_counted_in_r2c,UNDETERMINED,
removed,SCC_2021scc28,SCC|2021|2|scr||450,mentions_not_counted_in_r2c,UNDETERMINED,
removed,SCC_2021scc29,SCC|2021|2|scr||540,mentions_not_counted_in_r2c,DOMESTIC_CA,
removed,SCC_2021scc30,SCC|2020|63|canbuslj||85;SCC|2021|2|scr||571,mentions_not_counted_in_r2c,UNDETERMINED,
removed,SCC_2021scc31,SCC|2021|2|scr||704,mentions_not_counted_in_r2c,DOMESTIC_CA,
removed,SCC_2021scc32,SCC|2021|2|scr||734,mentions_not_counted_in_r2c,UNDETERMINED,
removed,SCC_2021scc33,SCC|2021|2|scr||785,mentions_not_counted_in_r2c,DOMESTIC_CA,
removed,SCC_2021scc34,SCC|2021|2|scr||845,mentions_not_counted_in_r2c,DOMESTIC_CA,
removed,SCC_2021scc37,SCC|2021|2|scr||948,mentions_not_counted_in_r2c,DOMESTIC_CA,
removed,SCC_2021scc38,SCC|2021|2|scr||1078,mentions_not_counted_in_r2c,DOMESTIC_CA,
removed,SCC_2021scc39,SCC|2021|3|scr||3,mentions_not_counted_in_r2c,UNDETERMINED,
removed,SCC_2021scc40,SCC|2021|3|scr||52,mentions_not_counted_in_r2c,DOMESTIC_CA,
removed,SCC_2021scc41,SCC|2021|3|scr||55,mentions_not_counted_in_r2c,DOMESTIC_CA,
removed,SCC_2021scc42,SCC|2021|3|scr||107,mentions_not_counted_in_r2c,DOMESTIC_CA,
removed,SCC_2021scc43,SCC|2021|3|scr||176,mentions_not_counted_in_r2c,UNDETERMINED,
removed,SCC_2021scc45,SCC|2021|3|scr||323,mentions_not_counted_in_r2c,UNDETERMINED,
removed,SCC_2021scc46,SCC|2021|3|scr||366,mentions_not_counted_in_r2c,DOMESTIC_CA,
removed,SCC_2021scc48,SCC|2021|3|scr||531,mentions_not_counted_in_r2c,DOMESTIC_CA,
removed,SCC_2021scc49,SCC|2021|3|scr||590,mentions_not_counted_in_r2c,DOMESTIC_CA,
removed,SCC_2021scc51,SCC|2021|3|scr||687,mentions_not_counted_in_r2c,DOMESTIC_CA,
removed,SCC_2021scc53,SCC|2021|3|scr||736,mentions_not_counted_in_r2c,UNDETERMINED,
removed,SCC_2021scc54,SCC|2021|3|scr||805,mentions_not_counted_in_r2c,UNDETERMINED,
removed,SCC_2021scc7,SCC|2021|1|scr||32,mentions_not_counted_in_r2c,DOMESTIC_CA,
removed,SCC_2021scc9,SCC|2021|1|scr||101,mentions_not_counted_in_r2c,UNDETERMINED,
removed,SCC_2022scc1,SCC|2022|1|scr||3,mentions_not_counted_in_r2c,UNDETERMINED,
removed,SCC_2022scc10,SCC|2022|1|scr||144,mentions_not_counted_in_r2c,UNDETERMINED,
removed,SCC_2022scc11,SCC|2022|1|scr||169,mentions_not_counted_in_r2c,DOMESTIC_CA,
removed,SCC_2022scc12,SCC|2022|1|scr||234,mentions_not_counted_in_r2c,DOMESTIC_CA,
removed,SCC_2022scc13,SCC|2022|1|scr||279,mentions_not_counted_in_r2c,DOMESTIC_CA,
removed,SCC_2022scc14,SCC|2022|1|scr||283,mentions_not_counted_in_r2c,UNDETERMINED,
removed,SCC_2022scc15,SCC|2022|1|scr||287,mentions_not_counted_in_r2c,DOMESTIC_CA,
removed,SCC_2022scc16,SCC|2022|1|scr||306,mentions_not_counted_in_r2c,UNDETERMINED,
removed,SCC_2022scc17,SCC|2022|1|scr||330,mentions_not_counted_in_r2c,DOMESTIC_CA,
removed,SCC_2022scc18,SCC|2022|1|scr||374,mentions_not_counted_in_r2c,DOMESTIC_CA,
removed,SCC_2022scc19,SCC|2022|1|scr||460,mentions_not_counted_in_r2c,DOMESTIC_CA,
removed,SCC_2022scc2,SCC|2022|1|scr||9,mentions_not_counted_in_r2c,DOMESTIC_CA,
removed,SCC_2022scc22,SCC|2022|1|scr||517,mentions_not_counted_in_r2c,DOMESTIC_CA,
removed,SCC_2022scc23,SCC|2022|1|scr||597,mentions_not_counted_in_r2c,DOMESTIC_CA,
removed,SCC_2022scc24,SCC|2022|1|scr||668,mentions_not_counted_in_r2c,DOMESTIC_CA,
removed,SCC_2022scc25,SCC|2022|1|scr||715,mentions_not_counted_in_r2c,DOMESTIC_CA,
removed,SCC_2022scc26,SCC|2022|1|scr||747,mentions_not_counted_in_r2c,DOMESTIC_CA,
removed,SCC_2022scc27,SCC|2022|1|scr||794,mentions_not_counted_in_r2c,UNDETERMINED,
removed,SCC_2022scc28,SCC|2022|2|scr||3,mentions_not_counted_in_r2c,DOMESTIC_CA,
removed,SCC_2022scc29,SCC|2022|2|scr||220,mentions_not_counted_in_r2c,DOMESTIC_CA,
removed,SCC_2022scc3,SCC|2022|1|scr||14,mentions_not_counted_in_r2c,UNDETERMINED,
removed,SCC_2022scc30,SCC|2022|2|scr||303,mentions_not_counted_in_r2c,DOMESTIC_CA,
removed,SCC_2022scc32,SCC|2022|2|scr||393,mentions_not_counted_in_r2c,DOMESTIC_CA,
removed,SCC_2022scc33,SCC|2022|2|scr||480,mentions_not_counted_in_r2c,DOMESTIC_CA,
removed,SCC_2022scc34,SCC|2022|2|scr||619,mentions_not_counted_in_r2c,DOMESTIC_CA,
removed,SCC_2022scc35,SCC|2022|2|scr||660,mentions_not_counted_in_r2c,DOMESTIC_CA,
removed,SCC_2022scc36,SCC|2017|2|fcr||74;SCC|2018||fca||115,regrouped_or_rekeyed_in_r2c,UNDETERMINED,
removed,SCC_2022scc36,SCC|2019|1|fcr||504,regrouped_or_rekeyed_in_r2c,UNDETERMINED,
removed,SCC_2022scc36,SCC|2022|2|scr||772,mentions_not_counted_in_r2c,UNDETERMINED,
removed,SCC_2022scc37,SCC|2022|3|scr||3,mentions_not_counted_in_r2c,DOMESTIC_CA,
removed,SCC_2022scc38,SCC|2022|3|scr||52,mentions_not_counted_in_r2c,DOMESTIC_CA,
removed,SCC_2022scc39,SCC|2022|3|scr||147,mentions_not_counted_in_r2c,DOMESTIC_CA,
removed,SCC_2022scc4,SCC|2022|1|scr||20,mentions_not_counted_in_r2c,UNDETERMINED,
removed,SCC_2022scc43,SCC|2015||fcj||1564,regrouped_or_rekeyed_in_r2c,UNDETERMINED,
removed,SCC_2022scc43,SCC|2022|3|scr||352,mentions_not_counted_in_r2c,UNDETERMINED,
removed,SCC_2022scc44,SCC|2022|3|scr||450,mentions_not_counted_in_r2c,DOMESTIC_CA,
removed,SCC_2022scc45,SCC|2022|3|scr||496,mentions_not_counted_in_r2c,UNDETERMINED,
removed,SCC_2022scc46,SCC|2022|3|scr||504,mentions_not_counted_in_r2c,DOMESTIC_CA,
removed,SCC_2022scc47,SCC|2022|3|scr||510,mentions_not_counted_in_r2c,UNDETERMINED,
removed,SCC_2022scc48,SCC|2006|4|fcr||272,regrouped_or_rekeyed_in_r2c,UNDETERMINED,
removed,SCC_2022scc48,SCC|2022|3|scr||515,mentions_not_counted_in_r2c,DOMESTIC_CA,
removed,SCC_2022scc5,SCC|2022|1|scr||25,mentions_not_counted_in_r2c,DOMESTIC_CA,
removed,SCC_2022scc51,SCC|2022|3|scr||616,mentions_not_counted_in_r2c,DOMESTIC_CA,
removed,SCC_2022scc54,SCC|2022|3|scr||718,mentions_not_counted_in_r2c,DOMESTIC_CA,
removed,SCC_2022scc6,SCC|2008|3|cnlr||136,regrouped_or_rekeyed_in_r2c,UNDETERMINED,
removed,SCC_2022scc6,SCC|2022|1|scr||29,mentions_not_counted_in_r2c,UNDETERMINED,
removed,SCC_2022scc7,SCC|2022|1|scr||64,mentions_not_counted_in_r2c,DOMESTIC_CA,
removed,SCC_2022scc9,SCC|2022|1|scr||71,mentions_not_counted_in_r2c,DOMESTIC_CA,
removed,SCC_2023scc10,SCC|2023|1|scr||367,mentions_not_counted_in_r2c,DOMESTIC_CA,
removed,SCC_2023scc11,SCC|2023|1|scr||416,mentions_not_counted_in_r2c,DOMESTIC_CA,
removed,SCC_2023scc12,SCC|2023|1|scr||467,mentions_not_counted_in_r2c,DOMESTIC_CA,
removed,SCC_2023scc13,SCC|2023|1|scr||473,mentions_not_counted_in_r2c,UNDETERMINED,
removed,SCC_2023scc17,SCC|2008|3|fcr||606;SCC|2008||fca||229;SCC|2009|3|fcr||136,regrouped_or_rekeyed_in_r2c,UNDETERMINED,
removed,SCC_2023scc2,SCC|2023|1|scr||6,mentions_not_counted_in_r2c,DOMESTIC_CA,
removed,SCC_2023scc21,SCC|2014|4|fcr||673,regrouped_or_rekeyed_in_r2c,UNDETERMINED,
removed,SCC_2023scc3,SCC|2023|1|scr||116,mentions_not_counted_in_r2c,DOMESTIC_CA,
removed,SCC_2023scc4,SCC|2008|4|fcr||546;SCC|2008||fca||401,regrouped_or_rekeyed_in_r2c,UNDETERMINED,
removed,SCC_2023scc4,SCC|2023|1|scr||198,mentions_not_counted_in_r2c,DOMESTIC_CA,
removed,SCC_2023scc6,SCC|2023|1|scr||277,mentions_not_counted_in_r2c,DOMESTIC_CA,
removed,SCC_2023scc8,SCC|2023|1|scr||309,mentions_not_counted_in_r2c,DOMESTIC_CA,
removed,SCC_2023scc9,SCC|2023|1|scr||340,mentions_not_counted_in_r2c,DOMESTIC_CA,
removed,SCC_2024scc10,SCC|2006|2|fcr||24,regrouped_or_rekeyed_in_r2c,UNDETERMINED,
removed,SCC_2024scc10,SCC|2008|1|fcr||795;SCC|2008||fca||182;SCC|2009|1|fcr||448,regrouped_or_rekeyed_in_r2c,UNDETERMINED,
removed,SCC_2024scc10,SCC|2014|1|cnlr||149,regrouped_or_rekeyed_in_r2c,UNDETERMINED,
removed,SCC_2024scc10,SCC|2018|4|fcr||467,regrouped_or_rekeyed_in_r2c,UNDETERMINED,
removed,SCC_2024scc10,SCC|2019|1|fcr||3,regrouped_or_rekeyed_in_r2c,UNDETERMINED,
removed,SCC_2024scc15,SCC|2020|3|fcr||411,regrouped_or_rekeyed_in_r2c,UNDETERMINED,
removed,SCC_2024scc23,SCC|2024|1|ctc||63,regrouped_or_rekeyed_in_r2c,UNDETERMINED,
removed,SCC_2024scc23,SCC|2024|2|ctc||67,regrouped_or_rekeyed_in_r2c,UNDETERMINED,
removed,SCC_2024scc24,SCC|2024|1|ctc||63,regrouped_or_rekeyed_in_r2c,UNDETERMINED,
removed,SCC_2024scc26,SCC|2005|3|fcr||555;SCC|2006||fca||86,regrouped_or_rekeyed_in_r2c,UNDETERMINED,
removed,SCC_2024scc26,SCC|2015|4|fcr||3,regrouped_or_rekeyed_in_r2c,UNDETERMINED,
removed,SCC_2024scc26,SCC|2020|2|fcr||461,regrouped_or_rekeyed_in_r2c,UNDETERMINED,
removed,SCC_2025scc21,SCC|2008|1|fcr||716,regrouped_or_rekeyed_in_r2c,UNDETERMINED,
removed,SCC_2026scc14,SCC|2005|3|fcr||555,regrouped_or_rekeyed_in_r2c,UNDETERMINED,
removed,SCC_2026scc7,SCC|2015|2|fcr||267,regrouped_or_rekeyed_in_r2c,UNDETERMINED,
removed,SCC_2026scc7,SCC|2016|1|fcr||575,regrouped_or_rekeyed_in_r2c,UNDETERMINED,
removed,SCC_2026scc7,SCC|2019|3|fcr||207,regrouped_or_rekeyed_in_r2c,UNDETERMINED,
removed,SCC_2026scc7,SCC|2022|1|fcr||413,regrouped_or_rekeyed_in_r2c,UNDETERMINED,
added,ONCA_2007onca282,ONCA||63|exhibit||3,new_counted_mentions_in_r2c,,UNDETERMINED
added,ONCA_2007onca664,ONCA||221|project||3,new_counted_mentions_in_r2c,,UNDETERMINED
added,ONCA_2008onca7,ONCA||31|may||2002,new_counted_mentions_in_r2c,,UNDETERMINED
added,ONCA_2008onca892,ONCA|2007||onca||860,new_counted_mentions_in_r2c,,DOMESTIC_CA
added,ONCA_2009onca308,ONCA||6907|quebecinc||2008,new_counted_mentions_in_r2c,,UNDETERMINED
added,ONCA_2010onca705,ONCA||1071005|ontarioltd||1999,new_counted_mentions_in_r2c,,UNDETERMINED
added,ONCA_2011onca224,ONCA|2007||onca||743,new_counted_mentions_in_r2c,,DOMESTIC_CA
added,ONCA_2011onca42,ONCA|2009||fc||834,new_counted_mentions_in_r2c,,UNDETERMINED
added,ONCA_2011onca605,ONCA|1997|34|or|3d|743,new_counted_mentions_in_r2c,,UNDETERMINED
added,ONCA_2011onca761,ONCA|2008||fc||802;ONCA|2009|2|fcr||417,regrouped_or_rekeyed_in_r2c,,UNDETERMINED
added,ONCA_2011onca761,ONCA|2010||fca||283,regrouped_or_rekeyed_in_r2c,,UNDETERMINED
added,ONCA_2011onca764,ONCA||1|holdingsinvestmentsinc||2007,new_counted_mentions_in_r2c,,UNDETERMINED
added,ONCA_2011onca764,ONCA||53035|andbetween||394,new_counted_mentions_in_r2c,,UNDETERMINED
added,ONCA_2011onca779,ONCA|2009||fc||1263,new_counted_mentions_in_r2c,,UNDETERMINED
added,ONCA_2011onca817,ONCA||984|baystreetinc||2006,new_counted_mentions_in_r2c,,UNDETERMINED
added,ONCA_2011onca819,ONCA|2008||fc||33,new_counted_mentions_in_r2c,,UNDETERMINED
added,ONCA_2011onca820,ONCA|2008||fc||33,new_counted_mentions_in_r2c,,UNDETERMINED
added,ONCA_2011onca95,ONCA|2010||fc||1106,new_counted_mentions_in_r2c,,UNDETERMINED
added,ONCA_2012onca115,ONCA|2005||fc||1509,new_counted_mentions_in_r2c,,UNDETERMINED
added,ONCA_2012onca115,ONCA|2006||fc||660,new_counted_mentions_in_r2c,,UNDETERMINED
added,ONCA_2012onca115,ONCA|2011||fc||336,new_counted_mentions_in_r2c,,UNDETERMINED
added,ONCA_2012onca410,ONCA||1124660|ontariolimited||2007,new_counted_mentions_in_r2c,,UNDETERMINED
added,ONCA_2012onca530,ONCA|2011||fc||735,new_counted_mentions_in_r2c,,UNDETERMINED
added,ONCA_2012onca566,ONCA|2011|273|ccc|3d|211,new_counted_mentions_in_r2c,,UNDETERMINED
added,ONCA_2012onca779,ONCA|2009||fc||1263,new_counted_mentions_in_r2c,,UNDETERMINED
added,ONCA_2012onca95,ONCA||332252|bcltd||1992,new_counted_mentions_in_r2c,,UNDETERMINED
added,ONCA_2013onca189,ONCA||3|environmentaliillc||2004,new_counted_mentions_in_r2c,,UNDETERMINED
added,ONCA_2013onca541,ONCA|2011||onca||190,new_counted_mentions_in_r2c,,DOMESTIC_CA
added,ONCA_2013onca541,ONCA|2012|275|ccc|3d|45,new_counted_mentions_in_r2c,,UNDETERMINED
added,ONCA_2013onca734,ONCA|2000|48|or|3d|652,new_counted_mentions_in_r2c,,UNDETERMINED
added,ONCA_2014onca101,ONCA|2004|1|scr||303;ONCA|2004||scc||9,regrouped_or_rekeyed_in_r2c,,DOMESTIC_CA
added,ONCA_2014onca374,ONCA|2003||fc||1514,new_counted_mentions_in_r2c,,UNDETERMINED
added,ONCA_2014onca374,ONCA|2004||fc||1031,new_counted_mentions_in_r2c,,UNDETERMINED
added,ONCA_2014onca374,ONCA|2005||fc||393,new_counted_mentions_in_r2c,,UNDETERMINED
added,ONCA_2014onca374,ONCA|2006||fc||1503;ONCA|2007|4|fcr||247,regrouped_or_rekeyed_in_r2c,,UNDETERMINED
added,ONCA_2014onca374,ONCA|2010||fc||787,new_counted_mentions_in_r2c,,UNDETERMINED
added,ONCA_2014onca374,ONCA|2010||fc||79,new_counted_mentions_in_r2c,,UNDETERMINED
added,ONCA_2014onca391,ONCA|2003||fcj||1950;ONCA|2003||fc||1518,regrouped_or_rekeyed_in_r2c,,UNDETERMINED
added,ONCA_2014onca855,ONCA||54311|metropolitantorontocondominiumcorporation||1056,new_counted_mentions_in_r2c,,UNDETERMINED
added,ONCA_2015onca305,ONCA|2009||fc||693,new_counted_mentions_in_r2c,,UNDETERMINED
added,ONCA_2015onca305,ONCA|2010||fc||1065,new_counted_mentions_in_r2c,,UNDETERMINED
added,ONCA_2015onca305,ONCA|2010||fc||915,new_counted_mentions_in_r2c,,UNDETERMINED
added,ONCA_2015onca407,ONCA||54311|metropolitantorontocondominiumcorporation||1056,new_counted_mentions_in_r2c,,UNDETERMINED
added,ONCA_2015onca594,ONCA||171|oac||119,unclassified,,UNDETERMINED
added,ONCA_2015onca700,ONCA|2005||fc||435,new_counted_mentions_in_r2c,,UNDETERMINED
added,ONCA_2015onca700,ONCA|2011||fc||877,new_counted_mentions_in_r2c,,UNDETERMINED
added,ONCA_2015onca700,ONCA|2014||fc||230,new_counted_mentions_in_r2c,,UNDETERMINED
added,ONCA_2015onca700,ONCA|2015||fc||922,new_counted_mentions_in_r2c,,UNDETERMINED
added,ONCA_2015onca829,ONCA||2000|softwareforseptember||2006,new_counted_mentions_in_r2c,,UNDETERMINED
added,ONCA_2016onca130,ONCA|2009||fc||660,new_counted_mentions_in_r2c,,UNDETERMINED
added,ONCA_2016onca461,ONCA||45877|january||26,new_counted_mentions_in_r2c,,UNDETERMINED
added,ONCA_2016onca468,ONCA|2004||fc||155,new_counted_mentions_in_r2c,,UNDETERMINED
added,ONCA_2016onca741,ONCA|2011||fc||962,new_counted_mentions_in_r2c,,UNDETERMINED
added,ONCA_2016onca741,ONCA|2015||fc||773,new_counted_mentions_in_r2c,,UNDETERMINED
added,ONCA_2016onca916,ONCA||50|us||2,new_counted_mentions_in_r2c,,UNDETERMINED
added,ONCA_2016onca951,ONCA||819187|ontarioltd||1993,new_counted_mentions_in_r2c,,UNDETERMINED
added,ONCA_2017onca1008,ONCA|2009||fc||660,new_counted_mentions_in_r2c,,UNDETERMINED
added,ONCA_2017onca1008,ONCA|2009||fc||834,new_counted_mentions_in_r2c,,UNDETERMINED
added,ONCA_2017onca526,ONCA|2009||fc||755,new_counted_mentions_in_r2c,,UNDETERMINED
added,ONCA_2017onca711,ONCA|2010||fc||43,new_counted_mentions_in_r2c,,UNDETERMINED
added,ONCA_2017onca741,ONCA|2016||fc||393,new_counted_mentions_in_r2c,,UNDETERMINED
added,ONCA_2017onca839,ONCA|2011||fc||23,new_counted_mentions_in_r2c,,UNDETERMINED
added,ONCA_2017onca839,ONCA|2011||fc||94,new_counted_mentions_in_r2c,,UNDETERMINED
added,ONCA_2017onca875,ONCA|2009||fc||1226;ONCA|2010|3|ctc||1,regrouped_or_rekeyed_in_r2c,,UNDETERMINED
added,ONCA_2017onca992,ONCA|2012||fc||1442,new_counted_mentions_in_r2c,,UNDETERMINED
added,ONCA_2018onca1030,ONCA|2011||fc||1322,new_counted_mentions_in_r2c,,UNDETERMINED
added,ONCA_2018onca1030,ONCA|2014||fc||416,new_counted_mentions_in_r2c,,UNDETERMINED
added,ONCA_2018onca322,ONCA||205|oac||359,new_counted_mentions_in_r2c,,UNDETERMINED
added,ONCA_2018onca369,ONCA|2014||fc||1253,new_counted_mentions_in_r2c,,UNDETERMINED
added,ONCA_2018onca420,ONCA|2016||fc||17,new_counted_mentions_in_r2c,,UNDETERMINED
added,ONCA_2018onca436,ONCA|2014||fc||280,new_counted_mentions_in_r2c,,UNDETERMINED
added,ONCA_2018onca436,ONCA|2016||fc||236,new_counted_mentions_in_r2c,,UNDETERMINED
added,ONCA_2018onca681,ONCA|2015||fcj||1008;ONCA|2015||fc||1012,regrouped_or_rekeyed_in_r2c,,UNDETERMINED
added,ONCA_2018onca890,ONCA|2005||fc||1283,new_counted_mentions_in_r2c,,UNDETERMINED
added,ONCA_2018onca890,ONCA|2009||fc||676,new_counted_mentions_in_r2c,,UNDETERMINED
added,ONCA_2018onca890,ONCA|2012||fc||553,new_counted_mentions_in_r2c,,UNDETERMINED
added,ONCA_2018onca902,ONCA||1071005|ontarioltd||1999,new_counted_mentions_in_r2c,,UNDETERMINED
added,ONCA_2019onca651,ONCA|2007||fc||564,new_counted_mentions_in_r2c,,UNDETERMINED
added,ONCA_2019onca713,ONCA|2013||fc||751,new_counted_mentions_in_r2c,,UNDETERMINED
added,ONCA_2019onca982,ONCA|2017||fc||380,new_counted_mentions_in_r2c,,UNDETERMINED
added,ONCA_2020onca184,ONCA|2011||fc||371,new_counted_mentions_in_r2c,,UNDETERMINED
added,ONCA_2020onca282,ONCA||1002953|ontarioinc||1999,new_counted_mentions_in_r2c,,UNDETERMINED
added,ONCA_2020onca536,ONCA|2005|3|fcr||555;ONCA|2005||fc||576,regrouped_or_rekeyed_in_r2c,,UNDETERMINED
added,ONCA_2020onca536,ONCA|2006||fca||86,regrouped_or_rekeyed_in_r2c,,UNDETERMINED
added,ONCA_2020onca536,ONCA|2007||fc||564,new_counted_mentions_in_r2c,,UNDETERMINED
added,ONCA_2020onca683,ONCA||1581518|ontarioltd||2009,unclassified,,UNDETERMINED
added,ONCA_2020onca787,ONCA||12743|pt||6,new_counted_mentions_in_r2c,,UNDETERMINED
added,ONCA_2021onca129,ONCA||68190|between||1062484,new_counted_mentions_in_r2c,,UNDETERMINED
added,ONCA_2021onca129,ONCA||68191|andbetween||1770650,new_counted_mentions_in_r2c,,UNDETERMINED
added,ONCA_2021onca284,ONCA||412259|ontarioltd||2006,unclassified,,UNDETERMINED
added,ONCA_2021onca519,ONCA|2013||oncj||160,new_counted_mentions_in_r2c,,UNDETERMINED
added,ONCA_2021onca589,ONCA||1589630|ontarioinc||2009,new_counted_mentions_in_r2c,,UNDETERMINED
added,ONCA_2021onca589,ONCA||703558|ontarioltd||2008,new_counted_mentions_in_r2c,,UNDETERMINED
added,ONCA_2021onca65,ONCA|2015||fc||1168,new_counted_mentions_in_r2c,,UNDETERMINED
added,ONCA_2021onca65,ONCA|2017||fc||613,new_counted_mentions_in_r2c,,UNDETERMINED
added,ONCA_2021onca674,ONCA|2014||fc||280,new_counted_mentions_in_r2c,,UNDETERMINED
added,ONCA_2021onca674,ONCA|2016||fc||236,new_counted_mentions_in_r2c,,UNDETERMINED
added,ONCA_2021onca674,ONCA|2016||fc||237,new_counted_mentions_in_r2c,,UNDETERMINED
added,ONCA_2021onca674,ONCA|2016||fc||492,new_counted_mentions_in_r2c,,UNDETERMINED
added,ONCA_2021onca779,ONCA|2020||fc||129,new_counted_mentions_in_r2c,,UNDETERMINED
added,ONCA_2021onca815,ONCA|2020||fc||1108,new_counted_mentions_in_r2c,,UNDETERMINED
added,ONCA_2021onca826,ONCA|2016||fc||537;ONCA|2017|1|fcr||79,regrouped_or_rekeyed_in_r2c,,UNDETERMINED
added,ONCA_2022onca228,ONCA|2005||fc||1147,new_counted_mentions_in_r2c,,UNDETERMINED
added,ONCA_2022onca228,ONCA|2005||fc||1317,new_counted_mentions_in_r2c,,UNDETERMINED
added,ONCA_2022onca321,ONCA||355|f|3d|759,new_counted_mentions_in_r2c,,UNDETERMINED
added,ONCA_2022onca463,ONCA|2002|60|or|3d|257,new_counted_mentions_in_r2c,,UNDETERMINED
added,ONCA_2022onca539,ONCA|2009||fc||69,new_counted_mentions_in_r2c,,UNDETERMINED
added,ONCA_2022onca567,ONCA|2009||fc||937,new_counted_mentions_in_r2c,,UNDETERMINED
added,ONCA_2022onca665,ONCA|2016||fc||537;ONCA|2017|1|fcr||79,regrouped_or_rekeyed_in_r2c,,UNDETERMINED
added,ONCA_2022onca802,ONCA|2021||fc||1232,new_counted_mentions_in_r2c,,UNDETERMINED
added,ONCA_2022onca802,ONCA|2021||fc||1341,new_counted_mentions_in_r2c,,UNDETERMINED
added,ONCA_2022onca874,ONCA|2008|4|fcr||531;ONCA|2008||fc||168,regrouped_or_rekeyed_in_r2c,,UNDETERMINED
added,ONCA_2022onca874,ONCA|2009||fc||380,new_counted_mentions_in_r2c,,UNDETERMINED
added,ONCA_2023onca134,ONCA|2021||fc||1125,new_counted_mentions_in_r2c,,UNDETERMINED
added,ONCA_2023onca238,ONCA||70474|between||1770650,new_counted_mentions_in_r2c,,UNDETERMINED
added,ONCA_2023onca238,ONCA||70475|andbetween||1062484,new_counted_mentions_in_r2c,,UNDETERMINED
added,ONCA_2023onca259,ONCA|2011||fc||506,new_counted_mentions_in_r2c,,UNDETERMINED
added,ONCA_2023onca259,ONCA|2012||fc||125,new_counted_mentions_in_r2c,,UNDETERMINED
added,ONCA_2023onca259,ONCA|2013||fc||10,new_counted_mentions_in_r2c,,UNDETERMINED
added,ONCA_2023onca259,ONCA|2013||fc||1092,new_counted_mentions_in_r2c,,UNDETERMINED
added,ONCA_2023onca259,ONCA|2013||fc||1257,new_counted_mentions_in_r2c,,UNDETERMINED
added,ONCA_2023onca259,ONCA|2013||fc||795,new_counted_mentions_in_r2c,,UNDETERMINED
added,ONCA_2023onca259,ONCA|2014||fc||720,new_counted_mentions_in_r2c,,UNDETERMINED
added,ONCA_2023onca259,ONCA|2015||fc||1232,new_counted_mentions_in_r2c,,UNDETERMINED
added,ONCA_2023onca259,ONCA|2016||fc||808,new_counted_mentions_in_r2c,,UNDETERMINED
added,ONCA_2023onca259,ONCA|2017||fc||334,new_counted_mentions_in_r2c,,UNDETERMINED
added,ONCA_2023onca259,ONCA|2017||fc||603,new_counted_mentions_in_r2c,,UNDETERMINED
added,ONCA_2023onca360,ONCA|2019|3|fcr||327;ONCA|2019||fc||282,regrouped_or_rekeyed_in_r2c,,UNDETERMINED
added,ONCA_2023onca466,ONCA|2020||fc||860,new_counted_mentions_in_r2c,,UNDETERMINED
added,ONCA_2023onca524,ONCA|2019|4|fcr||217;ONCA|2019||fc||732,regrouped_or_rekeyed_in_r2c,,UNDETERMINED
added,ONCA_2023onca524,ONCA|2021||fc||1214,new_counted_mentions_in_r2c,,UNDETERMINED
added,ONCA_2023onca524,ONCA|2021||fc||650,new_counted_mentions_in_r2c,,UNDETERMINED
added,ONCA_2023onca543,ONCA|2017||fc||932,new_counted_mentions_in_r2c,,UNDETERMINED
added,ONCA_2023onca627,ONCA||54421|between||9383859,new_counted_mentions_in_r2c,,UNDETERMINED
added,ONCA_2023onca627,ONCA||54527|andbetween||9383859,new_counted_mentions_in_r2c,,UNDETERMINED
added,ONCA_2023onca716,ONCA|2021||fcr||581;ONCA|2021||fc||621,regrouped_or_rekeyed_in_r2c,,UNDETERMINED
added,ONCA_2023onca77,ONCA|2003||fc||1056,new_counted_mentions_in_r2c,,UNDETERMINED
added,ONCA_2023onca789,ONCA||2132338|ontarioltd||2021,new_counted_mentions_in_r2c,,UNDETERMINED
added,ONCA_2024onca112,ONCA|2019||fc||1171,new_counted_mentions_in_r2c,,UNDETERMINED
added,ONCA_2024onca112,ONCA|2021||fc||275,new_counted_mentions_in_r2c,,UNDETERMINED
added,ONCA_2024onca128,ONCA||252|oac||19,new_counted_mentions_in_r2c,,UNDETERMINED
added,ONCA_2024onca152,ONCA|2008|4|fcr||531;ONCA|2008||fc||168,regrouped_or_rekeyed_in_r2c,,UNDETERMINED
added,ONCA_2024onca152,ONCA|2022||fc||1306,new_counted_mentions_in_r2c,,UNDETERMINED
added,ONCA_2024onca174,ONCA|2024||fc||348,new_counted_mentions_in_r2c,,UNDETERMINED
added,ONCA_2024onca237,ONCA|2019||fc||14,new_counted_mentions_in_r2c,,UNDETERMINED
added,ONCA_2024onca405,ONCA||62|or|3d|447,new_counted_mentions_in_r2c,,UNDETERMINED
added,ONCA_2024onca436,ONCA|2006||fc||1354,new_counted_mentions_in_r2c,,UNDETERMINED
added,ONCA_2024onca436,ONCA|2012||fc||517,new_counted_mentions_in_r2c,,UNDETERMINED
added,ONCA_2024onca436,ONCA|2015||fc||1298;ONCA|2016|2|cnlr||107,regrouped_or_rekeyed_in_r2c,,UNDETERMINED
added,ONCA_2024onca436,ONCA|2021||fc||758,new_counted_mentions_in_r2c,,UNDETERMINED
added,ONCA_2024onca444,ONCA||70464|between||2270752,new_counted_mentions_in_r2c,,UNDETERMINED
added,ONCA_2024onca444,ONCA||70496|andbetween||2270752,new_counted_mentions_in_r2c,,UNDETERMINED
added,ONCA_2024onca448,ONCA|2011||fca||199;ONCA|2011||scca||466,regrouped_or_rekeyed_in_r2c,,UNDETERMINED
added,ONCA_2024onca448,ONCA|2012|2|fcr||594,regrouped_or_rekeyed_in_r2c,,UNDETERMINED
added,ONCA_2024onca448,ONCA|2017||fc||662,new_counted_mentions_in_r2c,,UNDETERMINED
added,ONCA_2024onca448,ONCA|2023||fc||40,new_counted_mentions_in_r2c,,UNDETERMINED
added,ONCA_2024onca448,ONCA|2024||fc||143,new_counted_mentions_in_r2c,,UNDETERMINED
added,ONCA_2024onca522,ONCA||3|ltdpartnership||2004,new_counted_mentions_in_r2c,,UNDETERMINED
added,ONCA_2024onca57,ONCA||2015|depositvicarcorp||150,new_counted_mentions_in_r2c,,UNDETERMINED
added,ONCA_2024onca57,ONCA||2015|depositvicarcorp||50,new_counted_mentions_in_r2c,,UNDETERMINED
added,ONCA_2024onca597,ONCA|2023||fc||1731,new_counted_mentions_in_r2c,,UNDETERMINED
added,ONCA_2024onca628,ONCA|2023||fc||1739,new_counted_mentions_in_r2c,,UNDETERMINED
added,ONCA_2024onca657,ONCA|2007||fc||193,new_counted_mentions_in_r2c,,UNDETERMINED
added,ONCA_2024onca657,ONCA|2024||fc||901,new_counted_mentions_in_r2c,,UNDETERMINED
added,ONCA_2024onca70,ONCA|2021||fc||1185,new_counted_mentions_in_r2c,,UNDETERMINED
added,ONCA_2024onca769,ONCA|2021||fc||973,new_counted_mentions_in_r2c,,UNDETERMINED
added,ONCA_2024onca859,ONCA|2007||fc||392,new_counted_mentions_in_r2c,,UNDETERMINED
added,ONCA_2025onca153,ONCA|2021||fc||613,new_counted_mentions_in_r2c,,UNDETERMINED
added,ONCA_2025onca176,ONCA|2010||fc||1065,new_counted_mentions_in_r2c,,UNDETERMINED
added,ONCA_2025onca176,ONCA|2012||fc||553,new_counted_mentions_in_r2c,,UNDETERMINED
added,ONCA_2025onca45,ONCA||809963|ontariolimited||2005,new_counted_mentions_in_r2c,,UNDETERMINED
added,ONCA_2025onca568,ONCA|2010||fc||788,new_counted_mentions_in_r2c,,UNDETERMINED
added,ONCA_2025onca568,ONCA|2014||fc||1088,new_counted_mentions_in_r2c,,UNDETERMINED
added,ONCA_2025onca601,ONCA|2003||fc||1104,new_counted_mentions_in_r2c,,UNDETERMINED
added,ONCA_2025onca601,ONCA|2004||fc||1085,new_counted_mentions_in_r2c,,UNDETERMINED
added,ONCA_2025onca601,ONCA|2005||fc||1204,new_counted_mentions_in_r2c,,UNDETERMINED
added,ONCA_2025onca601,ONCA|2008||fc||966,new_counted_mentions_in_r2c,,UNDETERMINED
added,ONCA_2025onca601,ONCA|2009||fc||501,new_counted_mentions_in_r2c,,UNDETERMINED
added,ONCA_2025onca601,ONCA|2012||fc||200,new_counted_mentions_in_r2c,,UNDETERMINED
added,ONCA_2025onca601,ONCA|2017||fc||638,new_counted_mentions_in_r2c,,UNDETERMINED
added,ONCA_2025onca601,ONCA|2019||fc||401,new_counted_mentions_in_r2c,,UNDETERMINED
added,ONCA_2025onca601,ONCA|2020||fcr||617;ONCA|2020||fc||968,regrouped_or_rekeyed_in_r2c,,UNDETERMINED
added,ONCA_2025onca601,ONCA|2020||fc||966,new_counted_mentions_in_r2c,,UNDETERMINED
added,ONCA_2025onca601,ONCA|2022||fc||339,new_counted_mentions_in_r2c,,UNDETERMINED
added,ONCA_2025onca601,ONCA|2023||fc||1426,new_counted_mentions_in_r2c,,UNDETERMINED
added,ONCA_2025onca694,ONCA||188|oac||158,new_counted_mentions_in_r2c,,UNDETERMINED
added,ONCA_2025onca711,ONCA|2025||fc||1152,new_counted_mentions_in_r2c,,UNDETERMINED
added,ONCA_2025onca902,ONCA||18|lr.eq||315,new_counted_mentions_in_r2c,,UNDETERMINED
added,ONCA_2026onca270,ONCA|2021||fc||1232,new_counted_mentions_in_r2c,,UNDETERMINED
added,ONCA_2026onca270,ONCA|2021||fc||621,new_counted_mentions_in_r2c,,UNDETERMINED
added,ONCA_2026onca317,ONCA|2012||fc||268,new_counted_mentions_in_r2c,,UNDETERMINED
added,ONCA_2026onca464,ONCA||21|fundinc||13176100,new_counted_mentions_in_r2c,,UNDETERMINED
added,ONCA_2026onca47,ONCA|2013||fc||431,new_counted_mentions_in_r2c,,UNDETERMINED
added,ONCA_2026onca476,ONCA|2025||fc||1152,new_counted_mentions_in_r2c,,UNDETERMINED
added,ONCA_2026onca496,ONCA|2019||fc||894,new_counted_mentions_in_r2c,,UNDETERMINED
added,ONCA_2026onca514,ONCA||21|fundinc||13176100,new_counted_mentions_in_r2c,,UNDETERMINED
added,ONCA_2026onca545,ONCA|2013||fc||1196,new_counted_mentions_in_r2c,,UNDETERMINED
added,ONCA_2026onca55,ONCA|2013||fc||6,new_counted_mentions_in_r2c,,UNDETERMINED
added,ONCA_2026onca568,ONCA||1756982|ontariolimited||2015,new_counted_mentions_in_r2c,,UNDETERMINED
added,ONCA_c22056,ONCA|1996|197|nr||300,new_counted_mentions_in_r2c,,UNDETERMINED
added,ONCA_c24568,ONCA|1996|28|or|3d|670,new_counted_mentions_in_r2c,,UNDETERMINED
added,ONCA_c26739,ONCA|1995|125|dlr|4d|583,new_counted_mentions_in_r2c,,UNDETERMINED
added,ONCA_c27868,ONCA|1989|52|ccc|3d|459,new_counted_mentions_in_r2c,,UNDETERMINED
added,ONCA_c30011,ONCA|1991|1|scr||742,new_counted_mentions_in_r2c,,UNDETERMINED
added,ONCA_c30011,ONCA|1994|2|scr||9,new_counted_mentions_in_r2c,,UNDETERMINED
added,ONCA_c34828,ONCA|1950|91|ne|2d|875,new_counted_mentions_in_r2c,,UNDETERMINED
added,ONCA_c35928,ONCA||1011|pobox||271,new_counted_mentions_in_r2c,,UNDETERMINED
added,ONCA_c37063,ONCA||142|oac||61,new_counted_mentions_in_r2c,,UNDETERMINED
added,ONCA_c37464,ONCA|1989|67|or|2d|758,new_counted_mentions_in_r2c,,UNDETERMINED
added,ONCA_c39081,ONCA|1977|254|nw|2d|282,new_counted_mentions_in_r2c,,UNDETERMINED
added,ONCA_c39549,ONCA|1995|648|ne|2d|1099,new_counted_mentions_in_r2c,,UNDETERMINED
added,ONCA_c39787,ONCA|1998|42|or|3d|539,new_counted_mentions_in_r2c,,UNDETERMINED
added,ONCA_c40608m30723,ONCA|1987|57|or|2d|705,new_counted_mentions_in_r2c,,UNDETERMINED
added,ONCA_c42726,ONCA||42726|courtofappealforontariointhematterofsection||696,unclassified,,UNDETERMINED
added,ONCA_c42726m33735,ONCA||33735|courtofappealforontariointhematterofsection||696,unclassified,,UNDETERMINED
added,ONCA_c43341,ONCA||43341|courtofappealforontariointhematterofthemunicipalact||2001,new_counted_mentions_in_r2c,,UNDETERMINED
added,ONCA_c43448m33090,ONCA||10|vol||6,new_counted_mentions_in_r2c,,UNDETERMINED
added,ONCA_c43448m33090,ONCA||11|vol||6,new_counted_mentions_in_r2c,,UNDETERMINED
added,ONCA_c43448m33090,ONCA||12|vol||6,new_counted_mentions_in_r2c,,UNDETERMINED
added,ONCA_c43448m33090,ONCA||13|vol||6,new_counted_mentions_in_r2c,,UNDETERMINED
added,ONCA_c43448m33090,ONCA||14|vol||6,new_counted_mentions_in_r2c,,UNDETERMINED
added,ONCA_c43448m33090,ONCA||1|vol||7,new_counted_mentions_in_r2c,,UNDETERMINED
added,ONCA_c43448m33090,ONCA||2|vol||2,new_counted_mentions_in_r2c,,UNDETERMINED
added,ONCA_c43448m33090,ONCA||2|vol||7,new_counted_mentions_in_r2c,,UNDETERMINED
added,ONCA_c43448m33090,ONCA||3|vol||7,new_counted_mentions_in_r2c,,UNDETERMINED
added,ONCA_c43448m33090,ONCA||4|vol||6,new_counted_mentions_in_r2c,,UNDETERMINED
added,ONCA_c43448m33090,ONCA||5|vol||2,new_counted_mentions_in_r2c,,UNDETERMINED
added,ONCA_c43448m33090,ONCA||6|vol||6,new_counted_mentions_in_r2c,,UNDETERMINED
added,ONCA_c43448m33090,ONCA||7|vol||6,new_counted_mentions_in_r2c,,UNDETERMINED
added,SCC_18804scr494,SCC||9|c||138,new_counted_mentions_in_r2c,,UNDETERMINED
added,SCC_18816scr181,SCC||5|qlr||364,new_counted_mentions_in_r2c,,UNDETERMINED
added,SCC_18828scr335,SCC||0|app||54,new_counted_mentions_in_r2c,,UNDETERMINED
added,SCC_18828scr335,SCC||0|nos||389,new_counted_mentions_in_r2c,,UNDETERMINED
added,SCC_18828scr335,SCC||0|turnbulllr||2,new_counted_mentions_in_r2c,,UNDETERMINED
added,SCC_18828scr335,SCC||9|r||9,new_counted_mentions_in_r2c,,UNDETERMINED
added,SCC_18839scr46,SCC|1871|5|hlcas||208,new_counted_mentions_in_r2c,,UNDETERMINED
added,SCC_18839scr46,SCC||5|lr.hlcas||208,new_counted_mentions_in_r2c,,UNDETERMINED
added,SCC_18849scr527,SCC||2|lr.ad||48,new_counted_mentions_in_r2c,,UNDETERMINED
added,SCC_188613scr384,SCC||10|cp||645,new_counted_mentions_in_r2c,,UNDETERMINED
added,SCC_188613scr384,SCC||10|lr.cp||554,new_counted_mentions_in_r2c,,UNDETERMINED
added,SCC_188713scr441,SCC||19|eq||266,new_counted_mentions_in_r2c,,UNDETERMINED
added,SCC_188713scr577,SCC||1|ch||7,new_counted_mentions_in_r2c,,UNDETERMINED
added,SCC_188713scr577,SCC||24|uccp||230,new_counted_mentions_in_r2c,,UNDETERMINED
added,SCC_188917scr692,SCC||1|lr.qb||97,new_counted_mentions_in_r2c,,UNDETERMINED
added,SCC_188917scr692,SCC||5|lr.qb||475,new_counted_mentions_in_r2c,,UNDETERMINED
added,SCC_189119scr446,SCC||7|lr.ill||839,new_counted_mentions_in_r2c,,UNDETERMINED
added,SCC_189220scr548,SCC||5|lr.pc||221,new_counted_mentions_in_r2c,,UNDETERMINED
added,SCC_189322scr336,SCC||2|mlr.sc||171,new_counted_mentions_in_r2c,,UNDETERMINED
added,SCC_189322scr336,SCC||3|lr.ex||150,new_counted_mentions_in_r2c,,UNDETERMINED
added,SCC_189322scr336,SCC||4|lr.ex||117,new_counted_mentions_in_r2c,,UNDETERMINED
added,SCC_189525scr110,SCC||5|lr.qb||660,new_counted_mentions_in_r2c,,UNDETERMINED
added,SCC_189829scr33,SCC||2|lr.hlsc||29,new_counted_mentions_in_r2c,,UNDETERMINED
added,SCC_189829scr33,SCC||4|lr.pc||419,new_counted_mentions_in_r2c,,UNDETERMINED
added,SCC_190131scr408,SCC||10|lr.qb||371,new_counted_mentions_in_r2c,,UNDETERMINED
added,SCC_190435scr301,SCC||2|lr.ex||158,new_counted_mentions_in_r2c,,UNDETERMINED
added,SCC_190435scr477,SCC||25|qr.sc||275,new_counted_mentions_in_r2c,,UNDETERMINED
added,SCC_190537scr143,SCC||17|lr.eq||320,new_counted_mentions_in_r2c,,UNDETERMINED
added,SCC_190637scr676,SCC||28|sc||289,new_counted_mentions_in_r2c,,UNDETERMINED
added,SCC_191245scr551,SCC||7|lr.hl||135,new_counted_mentions_in_r2c,,UNDETERMINED
added,SCC_192061scr193,SCC||17|lr.eq||132,new_counted_mentions_in_r2c,,UNDETERMINED
added,SCC_192061scr284,SCC||21|qr.sc||481,new_counted_mentions_in_r2c,,UNDETERMINED
added,SCC_192061scr413,SCC||3|lr.qb||160,new_counted_mentions_in_r2c,,UNDETERMINED
added,SCC_192161scr450,SCC||2|lr.hl||99,new_counted_mentions_in_r2c,,UNDETERMINED
added,SCC_192161scr450,SCC||2|lr.scapp||166,new_counted_mentions_in_r2c,,UNDETERMINED
added,SCC_192161scr450,SCC||4|lr.hl||377,new_counted_mentions_in_r2c,,UNDETERMINED
added,SCC_192161scr465,SCC||18|qr.kb||176,new_counted_mentions_in_r2c,,UNDETERMINED
added,SCC_192161scr493,SCC||2|lr.ex||135,new_counted_mentions_in_r2c,,UNDETERMINED
added,SCC_192161scr493,SCC||2|lr.hl||296,new_counted_mentions_in_r2c,,UNDETERMINED
added,SCC_192161scr493,SCC||8|lr.ex||305,new_counted_mentions_in_r2c,,UNDETERMINED
added,SCC_192161scr547,SCC||5|lr.qb||411,new_counted_mentions_in_r2c,,UNDETERMINED
added,SCC_192161scr595,SCC||7|lr.ex||111,new_counted_mentions_in_r2c,,UNDETERMINED
added,SCC_192161scr595,SCC||8|lr.ex||197,new_counted_mentions_in_r2c,,UNDETERMINED
added,SCC_192162scr134,SCC||2|kb||258,new_counted_mentions_in_r2c,,UNDETERMINED
added,SCC_192162scr174,SCC||17|qr.kb||172,new_counted_mentions_in_r2c,,UNDETERMINED
added,SCC_192162scr174,SCC||17|qr.kb||99,new_counted_mentions_in_r2c,,UNDETERMINED
added,SCC_192162scr174,SCC||19|qr.kb||353,new_counted_mentions_in_r2c,,UNDETERMINED
added,SCC_192162scr241,SCC||13|qr.sc||385,new_counted_mentions_in_r2c,,UNDETERMINED
added,SCC_192162scr241,SCC||20|qr.sc||222,new_counted_mentions_in_r2c,,UNDETERMINED
added,SCC_192162scr241,SCC||24|qr.kb||550,new_counted_mentions_in_r2c,,UNDETERMINED
added,SCC_192162scr241,SCC||25|qr.kb||539,new_counted_mentions_in_r2c,,UNDETERMINED
added,SCC_192162scr241,SCC||53|qr.sc||481,new_counted_mentions_in_r2c,,UNDETERMINED
added,SCC_192162scr241,SCC||54|qr.sc||2,new_counted_mentions_in_r2c,,UNDETERMINED
added,SCC_192162scr374,SCC||2|lr.cp||651,new_counted_mentions_in_r2c,,UNDETERMINED
added,SCC_192162scr472,SCC||10|lr.ex||195,new_counted_mentions_in_r2c,,UNDETERMINED
added,SCC_192162scr472,SCC||2|lr.qb||275,new_counted_mentions_in_r2c,,UNDETERMINED
added,SCC_192162scr524,SCC||10|lr.qb||256,new_counted_mentions_in_r2c,,UNDETERMINED
added,SCC_192162scr546,SCC||4|lr.ex||232,new_counted_mentions_in_r2c,,UNDETERMINED
added,SCC_192162scr546,SCC||4|lr.pc||495,new_counted_mentions_in_r2c,,UNDETERMINED
added,SCC_192162scr599,SCC||7|lr.hl||802,new_counted_mentions_in_r2c,,UNDETERMINED
added,SCC_192162scr617,SCC||8|lr.qb||374,new_counted_mentions_in_r2c,,UNDETERMINED
added,SCC_192162scr74,SCC||4|lr.pc||123,new_counted_mentions_in_r2c,,UNDETERMINED
added,SCC_192163scr32,SCC||39|qr.sc||274,new_counted_mentions_in_r2c,,UNDETERMINED
added,SCC_192263scr243,SCC||11|qr.sc||242,new_counted_mentions_in_r2c,,UNDETERMINED
added,SCC_192263scr243,SCC||16|qr.sc||195,new_counted_mentions_in_r2c,,UNDETERMINED
added,SCC_192263scr243,SCC||1|qr.sc||181,new_counted_mentions_in_r2c,,UNDETERMINED
added,SCC_192263scr243,SCC||22|qr.sc||493,new_counted_mentions_in_r2c,,UNDETERMINED
added,SCC_192263scr243,SCC||24|qr.kb||102,new_counted_mentions_in_r2c,,UNDETERMINED
added,SCC_192263scr243,SCC||24|qr.kb||421,new_counted_mentions_in_r2c,,UNDETERMINED
added,SCC_192263scr243,SCC||2|lr.eq||238,new_counted_mentions_in_r2c,,UNDETERMINED
added,SCC_192263scr243,SCC||2|qr.qb||260,new_counted_mentions_in_r2c,,UNDETERMINED
added,SCC_192263scr243,SCC||2|qr.sc||299,new_counted_mentions_in_r2c,,UNDETERMINED
added,SCC_192263scr243,SCC||40|qr.sc||346,new_counted_mentions_in_r2c,,UNDETERMINED
added,SCC_192263scr243,SCC||4|mlr.qb||197,new_counted_mentions_in_r2c,,UNDETERMINED
added,SCC_192263scr243,SCC||5|mlr.sc||70,new_counted_mentions_in_r2c,,UNDETERMINED
added,SCC_192263scr243,SCC||5|qr.sc||445,new_counted_mentions_in_r2c,,UNDETERMINED
added,SCC_192263scr243,SCC||7|mlr.sc||326,new_counted_mentions_in_r2c,,UNDETERMINED
added,SCC_192263scr243,SCC||9|lr.cp||400,new_counted_mentions_in_r2c,,UNDETERMINED
added,SCC_192263scr361,SCC||2|lr.hlsc||470,new_counted_mentions_in_r2c,,UNDETERMINED
added,SCC_192263scr401,SCC||2|lr.hl||149,new_counted_mentions_in_r2c,,UNDETERMINED
added,SCC_192263scr511,SCC||2|mlr.sc||75,new_counted_mentions_in_r2c,,UNDETERMINED
added,SCC_192264scr125,SCC||4|lr.qb||309,new_counted_mentions_in_r2c,,UNDETERMINED
added,SCC_192264scr182,SCC||5|lr.pc||203,new_counted_mentions_in_r2c,,UNDETERMINED
added,SCC_192264scr182,SCC||7|lr.ex||26,new_counted_mentions_in_r2c,,UNDETERMINED
added,SCC_192264scr207,SCC||1|lr.eq||477,new_counted_mentions_in_r2c,,UNDETERMINED
added,SCC_192264scr31,SCC||20|qr.sc||151,new_counted_mentions_in_r2c,,UNDETERMINED
added,SCC_192264scr420,SCC||28|qr.kb||378,new_counted_mentions_in_r2c,,UNDETERMINED
added,SCC_192264scr90,SCC||9|lr.qb||531,new_counted_mentions_in_r2c,,UNDETERMINED
added,SCC_1923scr273,SCC||2|lr.hl||175,new_counted_mentions_in_r2c,,UNDETERMINED
added,SCC_1923scr273,SCC||2|qr.qb||297,new_counted_mentions_in_r2c,,UNDETERMINED
added,SCC_1923scr273,SCC||2|qr.qb||335,new_counted_mentions_in_r2c,,UNDETERMINED
added,SCC_1923scr273,SCC||3|lr.ex||306,new_counted_mentions_in_r2c,,UNDETERMINED
added,SCC_1923scr273,SCC||5|qr.qb||292,new_counted_mentions_in_r2c,,UNDETERMINED
added,SCC_1923scr397,SCC||3|lr.hl||330,new_counted_mentions_in_r2c,,UNDETERMINED
added,SCC_1923scr397,SCC||7|lr.ex||130,new_counted_mentions_in_r2c,,UNDETERMINED
added,SCC_1923scr414,SCC||28|qr.kb||40,new_counted_mentions_in_r2c,,UNDETERMINED
added,SCC_1923scr414,SCC||59|qr.sc||555,new_counted_mentions_in_r2c,,UNDETERMINED
added,SCC_1923scr433,SCC||3|lr.qb||181,new_counted_mentions_in_r2c,,UNDETERMINED
added,SCC_1923scr433,SCC||9|lr.qb||473,new_counted_mentions_in_r2c,,UNDETERMINED
added,SCC_1923scr446,SCC||19|lr.eq||81,new_counted_mentions_in_r2c,,UNDETERMINED
added,SCC_1923scr459,SCC||22|qr.kb||1,unclassified,,UNDETERMINED
added,SCC_1923scr459,SCC||58|qr.sc||531,unclassified,,UNDETERMINED
added,SCC_1923scr459,SCC||59|qr.sc||359,unclassified,,UNDETERMINED
added,SCC_1923scr476,SCC||25|qr.kb||220,new_counted_mentions_in_r2c,,UNDETERMINED
added,SCC_1923scr476,SCC||34|qr.kb||461,new_counted_mentions_in_r2c,,UNDETERMINED
added,SCC_1923scr476,SCC||3|qr.qb||461,new_counted_mentions_in_r2c,,UNDETERMINED
added,SCC_1923scr476,SCC||50|qr.sc||281,new_counted_mentions_in_r2c,,UNDETERMINED
added,SCC_1923scr618,SCC||1|lr.pc||81,new_counted_mentions_in_r2c,,UNDETERMINED
added,SCC_1923scr618,SCC||9|lr.ex||224,new_counted_mentions_in_r2c,,UNDETERMINED
added,SCC_1923scr652,SCC||1|lr.hlsc||47,new_counted_mentions_in_r2c,,UNDETERMINED
added,SCC_1923scr666,SCC||36|qr.sc||249,new_counted_mentions_in_r2c,,UNDETERMINED
added,SCC_1923scr681,SCC||33|qr.kb||246,unclassified,,UNDETERMINED
added,SCC_1924scr101,SCC||4|lr.qb||379,new_counted_mentions_in_r2c,,UNDETERMINED
added,SCC_1924scr101,SCC||7|lr.hl||213,new_counted_mentions_in_r2c,,UNDETERMINED
added,SCC_1924scr120,SCC||60|qr.sc||256,new_counted_mentions_in_r2c,,UNDETERMINED
added,SCC_1924scr135,SCC||10|eq||215,new_counted_mentions_in_r2c,,UNDETERMINED
added,SCC_1924scr135,SCC||5|lr.pc||221,new_counted_mentions_in_r2c,,UNDETERMINED
added,SCC_1924scr186,SCC||13|qr.kb||228,new_counted_mentions_in_r2c,,UNDETERMINED
added,SCC_1924scr186,SCC||31|qr.sc||247,new_counted_mentions_in_r2c,,UNDETERMINED
added,SCC_1924scr186,SCC||8|qr.kb||293,new_counted_mentions_in_r2c,,UNDETERMINED
added,SCC_1924scr25,SCC||9|eq||7,new_counted_mentions_in_r2c,,UNDETERMINED
added,SCC_1924scr348,SCC||10|lr.cp||307,new_counted_mentions_in_r2c,,UNDETERMINED
added,SCC_1924scr348,SCC||8|lr.qb||141,new_counted_mentions_in_r2c,,UNDETERMINED
added,SCC_1924scr436,SCC||12|qr.sc||323,new_counted_mentions_in_r2c,,UNDETERMINED
added,SCC_1924scr436,SCC||35|qr.sc||193,new_counted_mentions_in_r2c,,UNDETERMINED
added,SCC_1924scr436,SCC||36|qr.kb||499,new_counted_mentions_in_r2c,,UNDETERMINED
added,SCC_1924scr436,SCC||3|qr.qb||158,new_counted_mentions_in_r2c,,UNDETERMINED
added,SCC_1924scr436,SCC||47|qr.sc||252,new_counted_mentions_in_r2c,,UNDETERMINED
added,SCC_1924scr436,SCC||50|qr.sc||481,new_counted_mentions_in_r2c,,UNDETERMINED
added,SCC_1924scr479,SCC||53|qr.sc||220,new_counted_mentions_in_r2c,,UNDETERMINED
added,SCC_1924scr605,SCC||6|lr.qb||139,new_counted_mentions_in_r2c,,UNDETERMINED
added,SCC_1924scr605,SCC||6|lr.qb||155,new_counted_mentions_in_r2c,,UNDETERMINED
added,SCC_1924scr671,SCC||8|lr.cp||572,new_counted_mentions_in_r2c,,UNDETERMINED
added,SCC_1925scr120,SCC||51|qr.sc||170,new_counted_mentions_in_r2c,,UNDETERMINED
added,SCC_1925scr126,SCC||36|kb||385,new_counted_mentions_in_r2c,,UNDETERMINED
added,SCC_1925scr126,SCC||36|kb||414,new_counted_mentions_in_r2c,,UNDETERMINED
added,SCC_1925scr177,SCC||16|qr.kb||404,new_counted_mentions_in_r2c,,UNDETERMINED
added,SCC_1925scr192,SCC||34|qr.kb||188,new_counted_mentions_in_r2c,,UNDETERMINED
added,SCC_1925scr202,SCC||3|lr.qb||197,new_counted_mentions_in_r2c,,UNDETERMINED
added,SCC_1925scr202,SCC||6|qr.qb||217,new_counted_mentions_in_r2c,,UNDETERMINED
added,SCC_1925scr224,SCC||23|qr.kb||299,new_counted_mentions_in_r2c,,UNDETERMINED
added,SCC_1925scr224,SCC||23|qr.sc||16,new_counted_mentions_in_r2c,,UNDETERMINED
added,SCC_1925scr224,SCC||30|qr.kb||47,new_counted_mentions_in_r2c,,UNDETERMINED
added,SCC_1925scr224,SCC||7|qr.kb||290,new_counted_mentions_in_r2c,,UNDETERMINED
added,SCC_1925scr249,SCC||16|qr.sc||64,new_counted_mentions_in_r2c,,UNDETERMINED
added,SCC_1925scr249,SCC||1|qr.sc||65,new_counted_mentions_in_r2c,,UNDETERMINED
added,SCC_1925scr249,SCC||30|qr.sc||242,new_counted_mentions_in_r2c,,UNDETERMINED
added,SCC_1925scr249,SCC||36|qr.sc||473,new_counted_mentions_in_r2c,,UNDETERMINED
added,SCC_1925scr249,SCC||39|qr.sc||58,new_counted_mentions_in_r2c,,UNDETERMINED
added,SCC_1925scr249,SCC||47|qr.sc||296,new_counted_mentions_in_r2c,,UNDETERMINED
added,SCC_1925scr249,SCC||50|qr.sc||102,new_counted_mentions_in_r2c,,UNDETERMINED
added,SCC_1925scr249,SCC||50|qr.sc||277,new_counted_mentions_in_r2c,,UNDETERMINED
added,SCC_1925scr249,SCC||51|qr.sc||328,new_counted_mentions_in_r2c,,UNDETERMINED
added,SCC_1925scr249,SCC||5|lr.pc||203,new_counted_mentions_in_r2c,,UNDETERMINED
added,SCC_1925scr289,SCC||19|qr.sc||1,new_counted_mentions_in_r2c,,UNDETERMINED
added,SCC_1925scr326,SCC||7|lr.cp||43,new_counted_mentions_in_r2c,,UNDETERMINED
added,SCC_1925scr326,SCC||7|lr.hl||653,new_counted_mentions_in_r2c,,UNDETERMINED
added,SCC_1925scr493,SCC||35|qr.kb||333,unclassified,,UNDETERMINED
added,SCC_1925scr532,SCC||12|qr.bc||68,new_counted_mentions_in_r2c,,UNDETERMINED
added,SCC_1925scr532,SCC||27|qr.kb||282,new_counted_mentions_in_r2c,,UNDETERMINED
added,SCC_1925scr532,SCC||27|qr.sc||198,new_counted_mentions_in_r2c,,UNDETERMINED
added,SCC_1925scr532,SCC||28|qr.sc||330,new_counted_mentions_in_r2c,,UNDETERMINED
added,SCC_1925scr532,SCC||6|mlr.qb||130,new_counted_mentions_in_r2c,,UNDETERMINED
added,SCC_1925scr593,SCC||3|mlr.sc||417,new_counted_mentions_in_r2c,,UNDETERMINED
added,SCC_1925scr68,SCC||2|lr.ch||666,new_counted_mentions_in_r2c,,UNDETERMINED
added,SCC_1925scr706,SCC||10|lr.chapp||96,new_counted_mentions_in_r2c,,UNDETERMINED
added,SCC_1925scr706,SCC||11|qr.kb||373,new_counted_mentions_in_r2c,,UNDETERMINED
added,SCC_1925scr706,SCC||12|qr.sc||195,new_counted_mentions_in_r2c,,UNDETERMINED
added,SCC_1925scr706,SCC||25|qr.kb||544,new_counted_mentions_in_r2c,,UNDETERMINED
added,SCC_1925scr706,SCC||2|lr.eq||134,new_counted_mentions_in_r2c,,UNDETERMINED
added,SCC_1925scr706,SCC||2|qr.kb||514,new_counted_mentions_in_r2c,,UNDETERMINED
added,SCC_1925scr706,SCC||5|mlr.qb||151,new_counted_mentions_in_r2c,,UNDETERMINED
added,SCC_1925scr706,SCC||6|ch||679,new_counted_mentions_in_r2c,,UNDETERMINED
added,SCC_1925scr706,SCC||6|qr.kb||1,new_counted_mentions_in_r2c,,UNDETERMINED
added,SCC_1925scr706,SCC||8|lr.chapp||41,new_counted_mentions_in_r2c,,UNDETERMINED
added,SCC_1926scr194,SCC||22|qr.kb||520,new_counted_mentions_in_r2c,,UNDETERMINED
added,SCC_1926scr194,SCC||24|qr.kb||16,new_counted_mentions_in_r2c,,UNDETERMINED
added,SCC_1926scr194,SCC||24|qr.sc||495,new_counted_mentions_in_r2c,,UNDETERMINED
added,SCC_1926scr194,SCC||26|qr.sc||492,new_counted_mentions_in_r2c,,UNDETERMINED
added,SCC_1926scr194,SCC||2|qr.sc||46,new_counted_mentions_in_r2c,,UNDETERMINED
added,SCC_1926scr194,SCC||59|qr.sc||211,new_counted_mentions_in_r2c,,UNDETERMINED
added,SCC_1926scr194,SCC||7|mlr.qb||233,new_counted_mentions_in_r2c,,UNDETERMINED
added,SCC_1926scr246,SCC||10|lr.ex||65,new_counted_mentions_in_r2c,,UNDETERMINED
added,SCC_1926scr292,SCC||23|qr.sc||427,new_counted_mentions_in_r2c,,UNDETERMINED
added,SCC_1926scr292,SCC||40|qr.sc||521,new_counted_mentions_in_r2c,,UNDETERMINED
added,SCC_1926scr292,SCC||47|qr.sc||86,new_counted_mentions_in_r2c,,UNDETERMINED
added,SCC_1926scr292,SCC||4|mlr.qb||444,new_counted_mentions_in_r2c,,UNDETERMINED
added,SCC_1926scr3,SCC||39|kb||136,unclassified,,UNDETERMINED
added,SCC_1926scr371,SCC||52|sc||284,new_counted_mentions_in_r2c,,UNDETERMINED
added,SCC_1926scr539,SCC||31|qr.kb||391,new_counted_mentions_in_r2c,,UNDETERMINED
added,SCC_1926scr65,SCC||14|qr.kb||104,new_counted_mentions_in_r2c,,UNDETERMINED
added,SCC_1926scr65,SCC||30|qr.sc||45,new_counted_mentions_in_r2c,,UNDETERMINED
added,SCC_1926scr65,SCC||32|qr.sc||42,new_counted_mentions_in_r2c,,UNDETERMINED
added,SCC_1926scr65,SCC||40|qr.sc||388,new_counted_mentions_in_r2c,,UNDETERMINED
added,SCC_1926scr65,SCC||42|qr.sc||487,new_counted_mentions_in_r2c,,UNDETERMINED
added,SCC_1926scr65,SCC||52|qr.sc||174,new_counted_mentions_in_r2c,,UNDETERMINED
added,SCC_1926scr65,SCC||61|qr.sc||411,new_counted_mentions_in_r2c,,UNDETERMINED
added,SCC_1926scr65,SCC||7|qr.kb||262,new_counted_mentions_in_r2c,,UNDETERMINED
added,SCC_1926scr76,SCC||2|lr.ex||163,new_counted_mentions_in_r2c,,UNDETERMINED
added,SCC_1927scr59,SCC||4|mlr.qb||197,new_counted_mentions_in_r2c,,UNDETERMINED
added,SCC_1928scr276,SCC||1|ch||81,new_counted_mentions_in_r2c,,UNDETERMINED
added,SCC_1928scr340,SCC||3|lr.hl||330,new_counted_mentions_in_r2c,,UNDETERMINED
added,SCC_1929scr390,SCC||19|qr.sc||67,new_counted_mentions_in_r2c,,UNDETERMINED
added,SCC_1929scr390,SCC||32|qr.kb||178,new_counted_mentions_in_r2c,,UNDETERMINED
added,SCC_1929scr600,SCC||14|qor.kb||232,new_counted_mentions_in_r2c,,UNDETERMINED
added,SCC_1929scr600,SCC||20|qor.sc||47,new_counted_mentions_in_r2c,,UNDETERMINED
added,SCC_1929scr600,SCC||5|qor.sc||273,new_counted_mentions_in_r2c,,UNDETERMINED
added,SCC_1929scr650,SCC||3|mlr.sc||131,new_counted_mentions_in_r2c,,UNDETERMINED
added,SCC_1931scr113,SCC||8|scr||205,new_counted_mentions_in_r2c,,UNDETERMINED
added,SCC_1931scr578,SCC||31|scr||383,new_counted_mentions_in_r2c,,UNDETERMINED
added,SCC_1931scr578,SCC||41|scr||5,new_counted_mentions_in_r2c,,UNDETERMINED
added,SCC_1931scr636,SCC||13|qr.kb||148,new_counted_mentions_in_r2c,,UNDETERMINED
added,SCC_1931scr636,SCC||47|qr.kb||148,new_counted_mentions_in_r2c,,UNDETERMINED
added,SCC_1931scr636,SCC||61|qr.sc||184,new_counted_mentions_in_r2c,,UNDETERMINED
added,SCC_1932scr343,SCC||45|qr.sc||129,new_counted_mentions_in_r2c,,UNDETERMINED
added,SCC_1932scr343,SCC||51|qr.sc||152,new_counted_mentions_in_r2c,,UNDETERMINED
added,SCC_1932scr374,SCC||13|qr.kb||242,new_counted_mentions_in_r2c,,UNDETERMINED
added,SCC_1932scr374,SCC||26|qr.sc||85,new_counted_mentions_in_r2c,,UNDETERMINED
added,SCC_1932scr374,SCC||37|qr.cs||368,new_counted_mentions_in_r2c,,UNDETERMINED
added,SCC_1932scr374,SCC||40|qr.sc||490,new_counted_mentions_in_r2c,,UNDETERMINED
added,SCC_1932scr374,SCC||4|lr.privcapp||123,new_counted_mentions_in_r2c,,UNDETERMINED
added,SCC_1932scr374,SCC||52|qr.sc||393,new_counted_mentions_in_r2c,,UNDETERMINED
added,SCC_1932scr374,SCC||56|qr.sc||410,new_counted_mentions_in_r2c,,UNDETERMINED
added,SCC_1932scr433,SCC||64|qr.sc||502,new_counted_mentions_in_r2c,,UNDETERMINED
added,SCC_1933scr13,SCC||2|qr.qb||324,new_counted_mentions_in_r2c,,UNDETERMINED
added,SCC_1933scr388,SCC|1811|1|sim||8,new_counted_mentions_in_r2c,,UNDETERMINED
added,SCC_1933scr47,SCC||6|lr.qb||1,new_counted_mentions_in_r2c,,UNDETERMINED
added,SCC_1933scr86,SCC||6|qr.kb||177,new_counted_mentions_in_r2c,,UNDETERMINED
added,SCC_1934scr519,SCC||56|qr.kb||88,new_counted_mentions_in_r2c,,UNDETERMINED
added,SCC_1935scr278,SCC||7|lr.qb||387,new_counted_mentions_in_r2c,,UNDETERMINED
added,SCC_1937scr113,SCC||1|lr.qb||525,new_counted_mentions_in_r2c,,UNDETERMINED
added,SCC_1938scr392,SCC||64|qr.kb||27,new_counted_mentions_in_r2c,,UNDETERMINED
added,SCC_1938scr433,SCC||41|qr.kb||488,new_counted_mentions_in_r2c,,UNDETERMINED
added,SCC_1944scr391,SCC||64|qr.kb||193,new_counted_mentions_in_r2c,,UNDETERMINED
added,SCC_1945scr385,SCC||1|lr.qbd||185,new_counted_mentions_in_r2c,,UNDETERMINED
added,SCC_1945scr526,SCC||42|qr.kb||569,new_counted_mentions_in_r2c,,UNDETERMINED
added,SCC_1945scr62,SCC||44|qr.kb||569,new_counted_mentions_in_r2c,,UNDETERMINED
added,SCC_1945scr62,SCC||51|qr.kb||34,new_counted_mentions_in_r2c,,UNDETERMINED
added,SCC_1945scr62,SCC||54|qr.kb||335,new_counted_mentions_in_r2c,,UNDETERMINED
added,SCC_1945scr62,SCC||63|qr.kb||278,new_counted_mentions_in_r2c,,UNDETERMINED
added,SCC_1945scr62,SCC||69|qr.kb||32,new_counted_mentions_in_r2c,,UNDETERMINED
added,SCC_1945scr62,SCC||79|qr.sc||286,new_counted_mentions_in_r2c,,UNDETERMINED
added,SCC_1945scr685,SCC||1|lr.qb||525,new_counted_mentions_in_r2c,,UNDETERMINED
added,SCC_1945scr749,SCC||14|qr.kb||232,new_counted_mentions_in_r2c,,UNDETERMINED
added,SCC_1945scr749,SCC||4|lr.pc||123,new_counted_mentions_in_r2c,,UNDETERMINED
added,SCC_1945scr749,SCC||5|qr.sc||273,new_counted_mentions_in_r2c,,UNDETERMINED
added,SCC_1946scr178,SCC||42|theenglishweeklynotesofmay|27d|1944,new_counted_mentions_in_r2c,,UNDETERMINED
added,SCC_1948scr349,SCC||48|qr.kb||64,new_counted_mentions_in_r2c,,UNDETERMINED
added,SCC_1948scr37,SCC||5|lr.ex||257,new_counted_mentions_in_r2c,,UNDETERMINED
added,SCC_1949scr177,SCC||60|qr.kb||445,new_counted_mentions_in_r2c,,UNDETERMINED
added,SCC_1949scr552,SCC||4|lr.qb||133,new_counted_mentions_in_r2c,,UNDETERMINED
added,SCC_1949scr727,SCC|1863|3|degj||2,new_counted_mentions_in_r2c,,UNDETERMINED
added,SCC_1950scr187,SCC||27|qr.kb||421,new_counted_mentions_in_r2c,,UNDETERMINED
added,SCC_1950scr187,SCC||3|lr.ex||71,new_counted_mentions_in_r2c,,UNDETERMINED
added,SCC_1950scr187,SCC||58|qr.kb||459,new_counted_mentions_in_r2c,,UNDETERMINED
added,SCC_1950scr220,SCC||54|qr.sc||130,new_counted_mentions_in_r2c,,UNDETERMINED
added,SCC_1950scr220,SCC||67|qr.sc||216,new_counted_mentions_in_r2c,,UNDETERMINED
added,SCC_1950scr313,SCC||27|qr.kb||532,new_counted_mentions_in_r2c,,UNDETERMINED
added,SCC_1950scr313,SCC||28|qr.sc||299,new_counted_mentions_in_r2c,,UNDETERMINED
added,SCC_1950scr313,SCC||40|qr.sc||538,new_counted_mentions_in_r2c,,UNDETERMINED
added,SCC_1950scr486,SCC||30|qr.kb||398,new_counted_mentions_in_r2c,,UNDETERMINED
added,SCC_1951scr450,SCC||2|lr.pc||317,new_counted_mentions_in_r2c,,UNDETERMINED
added,SCC_19521scr222,SCC||10|qr.rdej||334,new_counted_mentions_in_r2c,,UNDETERMINED
added,SCC_19521scr222,SCC||23|rl|n:ns|411,new_counted_mentions_in_r2c,,UNDETERMINED
added,SCC_19521scr222,SCC||28|qr.rj||498,new_counted_mentions_in_r2c,,UNDETERMINED
added,SCC_19521scr222,SCC||43|qr.sc||127,new_counted_mentions_in_r2c,,UNDETERMINED
added,SCC_19521scr222,SCC||44|qr.kb||400,new_counted_mentions_in_r2c,,UNDETERMINED
added,SCC_19521scr222,SCC||64|qr.sc||260,new_counted_mentions_in_r2c,,UNDETERMINED
added,SCC_19521scr232,SCC|1914|1|lr||42,new_counted_mentions_in_r2c,,UNDETERMINED
added,SCC_19521scr232,SCC||42|lr.cale||422,new_counted_mentions_in_r2c,,UNDETERMINED
added,SCC_19521scr275,SCC||4|lr.pc||495,new_counted_mentions_in_r2c,,UNDETERMINED
added,SCC_19521scr28,SCC||14|qr.lcj||242,new_counted_mentions_in_r2c,,UNDETERMINED
added,SCC_19521scr28,SCC||17|qr.kb||464,new_counted_mentions_in_r2c,,UNDETERMINED
added,SCC_19521scr28,SCC||1|qr.kb||447,new_counted_mentions_in_r2c,,UNDETERMINED
added,SCC_19521scr28,SCC||20|qr.sc||11,new_counted_mentions_in_r2c,,UNDETERMINED
added,SCC_19521scr28,SCC||22|qr.kb||41,new_counted_mentions_in_r2c,,UNDETERMINED
added,SCC_19521scr28,SCC||22|rl|n:ns|178,new_counted_mentions_in_r2c,,UNDETERMINED
added,SCC_19521scr28,SCC||38|qr.sc||242,new_counted_mentions_in_r2c,,UNDETERMINED
added,SCC_19521scr28,SCC||45|qr.sc||393,new_counted_mentions_in_r2c,,UNDETERMINED
added,SCC_19521scr28,SCC||47|qr.sc||431,new_counted_mentions_in_r2c,,UNDETERMINED
added,SCC_19521scr28,SCC||64|qr.sc||339,new_counted_mentions_in_r2c,,UNDETERMINED
added,SCC_19521scr28,SCC||64|sc||339,new_counted_mentions_in_r2c,,UNDETERMINED
added,SCC_19521scr376,SCC||61|kb||439,new_counted_mentions_in_r2c,,UNDETERMINED
added,SCC_19521scr376,SCC||65|qr.sc||269,new_counted_mentions_in_r2c,,UNDETERMINED
added,SCC_19521scr424,SCC||7|lr.hl||653,new_counted_mentions_in_r2c,,UNDETERMINED
added,SCC_19521scr508,SCC||33|rl|n:ns|448,new_counted_mentions_in_r2c,,UNDETERMINED
added,SCC_19521scr508,SCC||36|rl|n:ns|72,new_counted_mentions_in_r2c,,UNDETERMINED
added,SCC_19521scr508,SCC||37|rl|n:ns|379,new_counted_mentions_in_r2c,,UNDETERMINED
added,SCC_19521scr508,SCC||41|qr.kb||488,new_counted_mentions_in_r2c,,UNDETERMINED
added,SCC_19521scr508,SCC||46|qr.kb||158,new_counted_mentions_in_r2c,,UNDETERMINED
added,SCC_19521scr521,SCC||10|qr.kb||321,new_counted_mentions_in_r2c,,UNDETERMINED
added,SCC_19521scr521,SCC||19|rl|n:ns|16,new_counted_mentions_in_r2c,,UNDETERMINED
added,SCC_19521scr521,SCC||20|rl|n:ns|15,new_counted_mentions_in_r2c,,UNDETERMINED
added,SCC_19521scr521,SCC||23|qr.lcj||45,new_counted_mentions_in_r2c,,UNDETERMINED
added,SCC_19521scr521,SCC||25|qr.lcj||245,new_counted_mentions_in_r2c,,UNDETERMINED
added,SCC_19521scr521,SCC||39|qr.sc||289,new_counted_mentions_in_r2c,,UNDETERMINED
added,SCC_19521scr521,SCC||49|qr.kb||211,new_counted_mentions_in_r2c,,UNDETERMINED
added,SCC_19521scr521,SCC||51|qr.sc||152,new_counted_mentions_in_r2c,,UNDETERMINED
added,SCC_19521scr521,SCC||56|qr.sc||271,new_counted_mentions_in_r2c,,UNDETERMINED
added,SCC_19521scr521,SCC||57|qr.sc||502,new_counted_mentions_in_r2c,,UNDETERMINED
added,SCC_19521scr521,SCC||69|qr.kb||359,new_counted_mentions_in_r2c,,UNDETERMINED
added,SCC_19521scr521,SCC||69|qr.sc||561,new_counted_mentions_in_r2c,,UNDETERMINED
added,SCC_19521scr521,SCC||69|qr.sc||574,new_counted_mentions_in_r2c,,UNDETERMINED
added,SCC_19522scr161,SCC||5|lr.hl||45,new_counted_mentions_in_r2c,,UNDETERMINED
added,SCC_19522scr17,SCC||74|ch||263,new_counted_mentions_in_r2c,,UNDETERMINED
added,SCC_19522scr231,SCC||2|lr.hl||283,new_counted_mentions_in_r2c,,UNDETERMINED
added,SCC_19522scr506,SCC||31|qr.kb||458,new_counted_mentions_in_r2c,,UNDETERMINED
added,SCC_19522scr506,SCC||72|qr.sc||52,new_counted_mentions_in_r2c,,UNDETERMINED
added,SCC_19522scr76,SCC||1|lr.eq||674,new_counted_mentions_in_r2c,,UNDETERMINED
added,SCC_19531scr127,SCC||2|lr.hlsc||273,new_counted_mentions_in_r2c,,UNDETERMINED
added,SCC_19532scr140,SCC||12|qr.rdepr||411,new_counted_mentions_in_r2c,,UNDETERMINED
added,SCC_19532scr140,SCC||15|qr.kb||235,new_counted_mentions_in_r2c,,UNDETERMINED
added,SCC_19532scr140,SCC||27|qr.kb||364,new_counted_mentions_in_r2c,,UNDETERMINED
added,SCC_19532scr140,SCC||3|qr.kb||410,new_counted_mentions_in_r2c,,UNDETERMINED
added,SCC_19532scr140,SCC||41|qr.kb||85,new_counted_mentions_in_r2c,,UNDETERMINED
added,SCC_19532scr140,SCC||44|qr.sc||350,new_counted_mentions_in_r2c,,UNDETERMINED
added,SCC_19532scr140,SCC||46|qr.rdej||405,new_counted_mentions_in_r2c,,UNDETERMINED
added,SCC_19532scr140,SCC||54|qr.kb||230,new_counted_mentions_in_r2c,,UNDETERMINED
added,SCC_19532scr140,SCC||66|qr.kb||235,new_counted_mentions_in_r2c,,UNDETERMINED
added,SCC_19532scr216,SCC||3|lr.cpd||1,new_counted_mentions_in_r2c,,UNDETERMINED
added,SCC_19532scr469,SCC||19|qr.lcj||110,new_counted_mentions_in_r2c,,UNDETERMINED
added,SCC_19532scr469,SCC||19|qr.pr||144,new_counted_mentions_in_r2c,,UNDETERMINED
added,SCC_19532scr469,SCC||38|qr.pr||162,new_counted_mentions_in_r2c,,UNDETERMINED
added,SCC_1954scr384,SCC|1885|13|ari||5,new_counted_mentions_in_r2c,,UNDETERMINED
added,SCC_1954scr384,SCC|1888|15|or||325,new_counted_mentions_in_r2c,,UNDETERMINED
added,SCC_1954scr756,SCC|1863|143|er||15,new_counted_mentions_in_r2c,,UNDETERMINED
added,SCC_1955scr529,SCC||10|lr.ex||65,new_counted_mentions_in_r2c,,UNDETERMINED
added,SCC_1958scr314,SCC|1956|19|wwr||317,new_counted_mentions_in_r2c,,UNDETERMINED
added,SCC_1958scr314,SCC|1956|8|dlr||2,new_counted_mentions_in_r2c,,UNDETERMINED
added,SCC_1958scr314,SCC|1956|8|dlr||4,new_counted_mentions_in_r2c,,UNDETERMINED
added,SCC_1960scr400,SCC||103|ccc||193,new_counted_mentions_in_r2c,,UNDETERMINED
added,SCC_1963scr418,SCC||29|august||1956,new_counted_mentions_in_r2c,,UNDETERMINED
added,SCC_1963scr418,SCC||4|september||1956,new_counted_mentions_in_r2c,,UNDETERMINED
added,SCC_1965scr465,SCC||4|lr.pc||599,new_counted_mentions_in_r2c,,UNDETERMINED
added,SCC_1971scr101,SCC|1965|45|cr||401,new_counted_mentions_in_r2c,,UNDETERMINED
added,SCC_1971scr101,SCC|1965|4|ccc||182,new_counted_mentions_in_r2c,,UNDETERMINED
added,SCC_1971scr577,SCC|1969|8|dlr|3d|1,new_counted_mentions_in_r2c,,UNDETERMINED
added,SCC_1972scr755,SCC||1|zone||7,new_counted_mentions_in_r2c,,UNDETERMINED
added,SCC_1973scr171,SCC||175|f|2d|540,new_counted_mentions_in_r2c,,UNDETERMINED
added,SCC_1974scr1286,SCC||105|f|2d|160,new_counted_mentions_in_r2c,,UNDETERMINED
added,SCC_1974scr1286,SCC||6|lr.qb||1,new_counted_mentions_in_r2c,,UNDETERMINED
added,SCC_1974scr1286,SCC||75|f|2d|278,new_counted_mentions_in_r2c,,UNDETERMINED
added,SCC_1974scr31,SCC||1|lr||161,new_counted_mentions_in_r2c,,UNDETERMINED
added,SCC_1974scr933,SCC||4|ch||68,new_counted_mentions_in_r2c,,UNDETERMINED
added,SCC_19752scr222,SCC||102|f|2d|643,new_counted_mentions_in_r2c,,UNDETERMINED
added,SCC_19752scr311,SCC||11|er||87,new_counted_mentions_in_r2c,,UNDETERMINED
added,SCC_19762scr259,SCC||11|er||1,new_counted_mentions_in_r2c,,UNDETERMINED
added,SCC_19772scr422,SCC||9|april||9,new_counted_mentions_in_r2c,,UNDETERMINED
added,SCC_19772scr521,SCC|1974|9|nbr||618,new_counted_mentions_in_r2c,,UNDETERMINED
added,SCC_19772scr680,SCC||63|dlr|3d|193,new_counted_mentions_in_r2c,,UNDETERMINED
added,SCC_19782scr1015,SCC||4|lr.hl||100,new_counted_mentions_in_r2c,,UNDETERMINED
added,SCC_19782scr1088,SCC|1960|165|a|2d|82,new_counted_mentions_in_r2c,,UNDETERMINED
added,SCC_19782scr1088,SCC|1965|176|so|2d|767,new_counted_mentions_in_r2c,,UNDETERMINED
added,SCC_19782scr1088,SCC|1973|471|f|2d|1364,new_counted_mentions_in_r2c,,UNDETERMINED
added,SCC_19782scr545,SCC||0|appcas||141,new_counted_mentions_in_r2c,,UNDETERMINED
added,SCC_19782scr736,SCC||4|lr.qbd||284,new_counted_mentions_in_r2c,,UNDETERMINED
added,SCC_19792scr849,SCC||64637978|effectivedateapril|9d|1970,new_counted_mentions_in_r2c,,UNDETERMINED
added,SCC_19802scr1057,SCC||1|lr.kb||596,new_counted_mentions_in_r2c,,UNDETERMINED
added,SCC_19802scr598,SCC||11|er||4,new_counted_mentions_in_r2c,,UNDETERMINED
added,SCC_19861scr549,SCC||3|scr||258,new_counted_mentions_in_r2c,,UNDETERMINED
added,SCC_19872scr398,SCC||33|ccc||103,new_counted_mentions_in_r2c,,UNDETERMINED
added,SCC_19872scr618,SCC||9|cr|3d|272,new_counted_mentions_in_r2c,,UNDETERMINED
added,SCC_19881scr1153,SCC|1982|26|cr|3d|121,new_counted_mentions_in_r2c,,UNDETERMINED
added,SCC_19892scr225,SCC|1984|2|fc||472,new_counted_mentions_in_r2c,,UNDETERMINED
added,SCC_19892scr683,SCC||2|lr.ae||24,new_counted_mentions_in_r2c,,UNDETERMINED
added,SCC_19901scr425,SCC||4|ccc|3d|97,new_counted_mentions_in_r2c,,UNDETERMINED
added,SCC_19931scr416,SCC|1989|1|ctc||84,new_counted_mentions_in_r2c,,UNDETERMINED
added,SCC_19931scr416,SCC|1989|30|ftr||188,new_counted_mentions_in_r2c,,UNDETERMINED
added,SCC_19931scr416,SCC|1990|1|ctc||125,new_counted_mentions_in_r2c,,UNDETERMINED
added,SCC_19931scr416,SCC|1990|1|ctc||84,new_counted_mentions_in_r2c,,UNDETERMINED
added,SCC_19931scr416,SCC|1990|91|dtc||5055,new_counted_mentions_in_r2c,,UNDETERMINED
added,SCC_19931scr416,SCC|1991|1|ctc||125,new_counted_mentions_in_r2c,,UNDETERMINED
added,SCC_19931scr416,SCC|1991|91|dtc||5134,new_counted_mentions_in_r2c,,UNDETERMINED
added,SCC_19963scr919,SCC||147|bsections||23,new_counted_mentions_in_r2c,,UNDETERMINED
added,SCC_19963scr919,SCC||264|iintroduction||74,new_counted_mentions_in_r2c,,UNDETERMINED
added,SCC_2000scc66,SCC|1997||rjq||2907,new_counted_mentions_in_r2c,,UNDETERMINED
added,SCC_2001scc40,SCC||5|scr||241,new_counted_mentions_in_r2c,,UNDETERMINED
added,SCC_2004scc45,SCC|2000|211|f|3d|10,new_counted_mentions_in_r2c,,UNDETERMINED
added,SCC_2004scc45,SCC||211|f|3d|10,new_counted_mentions_in_r2c,,UNDETERMINED
added,SCC_2005scc26,SCC|2004|36|cpr|4d|58;SCC|2004||fc||736,regrouped_or_rekeyed_in_r2c,,UNDETERMINED
added,SCC_2005scc26,SCC|2004|38|cpr|4d|27;SCC|2004||fc||1302,regrouped_or_rekeyed_in_r2c,,UNDETERMINED
added,SCC_2005scc30,SCC|2003||fc||975;SCC|2004|1|fcr||556,regrouped_or_rekeyed_in_r2c,,UNDETERMINED
added,SCC_2005scc33,SCC|2004||fc||1631,new_counted_mentions_in_r2c,,UNDETERMINED
added,SCC_2005scc51,SCC|2003||fc||930,new_counted_mentions_in_r2c,,UNDETERMINED
added,SCC_2005scc70,SCC|2005|30|adminlr|4d|218;SCC|2005||fc||798,regrouped_or_rekeyed_in_r2c,,UNDETERMINED
added,SCC_2005scc8,SCC||1|adjustmentrequestonseptember||8,new_counted_mentions_in_r2c,,UNDETERMINED
added,SCC_2006scc13,SCC|2003|239|ftr||1;SCC|2003||fc||1037,regrouped_or_rekeyed_in_r2c,,UNDETERMINED
added,SCC_2006scc22,SCC|2004|31|cpr|4d|345;SCC|2004||fc||522,regrouped_or_rekeyed_in_r2c,,UNDETERMINED
added,SCC_2006scc22,SCC|2004||fc||361,new_counted_mentions_in_r2c,,UNDETERMINED
added,SCC_2006scc29,SCC|2004||fc||13,new_counted_mentions_in_r2c,,UNDETERMINED
added,SCC_2006scc36,SCC|2005|48|cpr|4d|240;SCC|2005||fc||1405,regrouped_or_rekeyed_in_r2c,,UNDETERMINED
added,SCC_2006scc41,SCC|2004||fc||227,new_counted_mentions_in_r2c,,UNDETERMINED
added,SCC_2006scc49,SCC|2004||fc||1277,new_counted_mentions_in_r2c,,UNDETERMINED
added,SCC_2006scc58,SCC|2005|281|ftr||201;SCC|2005||fc||1364,regrouped_or_rekeyed_in_r2c,,UNDETERMINED
added,SCC_2007scc33,SCC|2005||fc||411,new_counted_mentions_in_r2c,,UNDETERMINED
added,SCC_2007scc37,SCC|2004|4|fcr||410;SCC|2004||fc||652,regrouped_or_rekeyed_in_r2c,,UNDETERMINED
added,SCC_2007scc37,SCC|2004||fc||1215,new_counted_mentions_in_r2c,,UNDETERMINED
added,SCC_2007scc37,SCC|2004||fc||832,new_counted_mentions_in_r2c,,UNDETERMINED
added,SCC_2007scc37,SCC|2006||fc||453,new_counted_mentions_in_r2c,,UNDETERMINED
added,SCC_2007scc9,SCC|2003||fc||1419,new_counted_mentions_in_r2c,,UNDETERMINED
added,SCC_2007scc9,SCC|2003||fc||882,new_counted_mentions_in_r2c,,UNDETERMINED
added,SCC_2007scc9,SCC|2004|1|fcr||528;SCC|2004||fca||421,regrouped_or_rekeyed_in_r2c,,UNDETERMINED
added,SCC_2007scc9,SCC|2004|4|fcr||327;SCC|2004||fc||420,regrouped_or_rekeyed_in_r2c,,UNDETERMINED
added,SCC_2007scc9,SCC|2004||fc||299,new_counted_mentions_in_r2c,,UNDETERMINED
added,SCC_2007scc9,SCC|2005|270|ftr||1;SCC|2005|3|fcr||142,regrouped_or_rekeyed_in_r2c,,UNDETERMINED
added,SCC_2007scc9,SCC|2005|2|fcr||299;SCC|2005|3|fcr||389;SCC|2005||fc||248,regrouped_or_rekeyed_in_r2c,,UNDETERMINED
added,SCC_2007scc9,SCC|2005||fca||54,regrouped_or_rekeyed_in_r2c,,UNDETERMINED
added,SCC_2007scc9,SCC|2005||fc||1645,new_counted_mentions_in_r2c,,UNDETERMINED
added,SCC_2007scc9,SCC|2005||fc||393,new_counted_mentions_in_r2c,,UNDETERMINED
added,SCC_2007scc9,SCC|2006||fc||1230,new_counted_mentions_in_r2c,,UNDETERMINED
added,SCC_2007scc9,SCC|2006||fc||628;SCC|2007|1|fcr||321,regrouped_or_rekeyed_in_r2c,,UNDETERMINED
added,SCC_2008scc15,SCC|2004||fc||1444;SCC|2005|1|fcr||671,regrouped_or_rekeyed_in_r2c,,UNDETERMINED
added,SCC_2008scc15,SCC|2005||fc||1172,new_counted_mentions_in_r2c,,UNDETERMINED
added,SCC_2008scc22,SCC|2005||fc||890,new_counted_mentions_in_r2c,,UNDETERMINED
added,SCC_2008scc28,SCC|2005||fc||1076;SCC|2006|2|fcr||505,regrouped_or_rekeyed_in_r2c,,UNDETERMINED
added,SCC_2008scc28,SCC|2006||fc||509,new_counted_mentions_in_r2c,,UNDETERMINED
added,SCC_2008scc29,SCC|2006||fc||509,new_counted_mentions_in_r2c,,UNDETERMINED
added,SCC_2008scc38,SCC|2005||fc||149,new_counted_mentions_in_r2c,,UNDETERMINED
added,SCC_2008scc44,SCC|2005||fc||328,new_counted_mentions_in_r2c,,UNDETERMINED
added,SCC_2008scc46,SCC|2005||fc||1361,new_counted_mentions_in_r2c,,UNDETERMINED
added,SCC_2008scc61,SCC|2005||fc||390,new_counted_mentions_in_r2c,,UNDETERMINED
added,SCC_2008scc7,SCC|2005||fc||886,new_counted_mentions_in_r2c,,UNDETERMINED
added,SCC_2009scc12,SCC|2005||fc||1218,new_counted_mentions_in_r2c,,UNDETERMINED
added,SCC_2009scc14,SCC||14|march||2001,new_counted_mentions_in_r2c,,UNDETERMINED
added,SCC_2009scc14,SCC||18|october||2001,new_counted_mentions_in_r2c,,UNDETERMINED
added,SCC_2009scc14,SCC||26|september||2001,new_counted_mentions_in_r2c,,UNDETERMINED
added,SCC_2009scc29,SCC|2005||fc||1563,new_counted_mentions_in_r2c,,UNDETERMINED
added,SCC_2009scc29,SCC|2005||fc||731,new_counted_mentions_in_r2c,,UNDETERMINED
added,SCC_2009scc30,SCC||80|sections||25,new_counted_mentions_in_r2c,,UNDETERMINED
added,SCC_2009scc58,SCC|2009||fc||672,new_counted_mentions_in_r2c,,UNDETERMINED
added,SCC_2009scc8,SCC|2005||fc||987,new_counted_mentions_in_r2c,,UNDETERMINED
added,SCC_2009scc9,SCC|2005|2|cnlr||358;SCC|2005||fc||136,regrouped_or_rekeyed_in_r2c,,UNDETERMINED
added,SCC_2009scc9,SCC|2005||fc||1622,new_counted_mentions_in_r2c,,UNDETERMINED
added,SCC_2009scc9,SCC|2005||fc||1623,new_counted_mentions_in_r2c,,UNDETERMINED
added,SCC_2009scc9,SCC||49|cthe||1946,new_counted_mentions_in_r2c,,UNDETERMINED
added,SCC_2010scc14,SCC|2007||fc||700,new_counted_mentions_in_r2c,,UNDETERMINED
added,SCC_2010scc14,SCC|2007||fc||701,new_counted_mentions_in_r2c,,UNDETERMINED
added,SCC_2010scc2,SCC|2004||fc||1265,new_counted_mentions_in_r2c,,UNDETERMINED
added,SCC_2010scc2,SCC|2007||fc||955,new_counted_mentions_in_r2c,,UNDETERMINED
added,SCC_2010scc3,SCC|2005||fc||1076;SCC|2006|2|fcr||505,regrouped_or_rekeyed_in_r2c,,UNDETERMINED
added,SCC_2010scc3,SCC|2009||fc||405,new_counted_mentions_in_r2c,,UNDETERMINED
added,SCC_2010scc33,SCC||11|er||908,new_counted_mentions_in_r2c,,UNDETERMINED
added,SCC_2010scc41,SCC|2008||fc||61,new_counted_mentions_in_r2c,,UNDETERMINED
added,SCC_2010scc43,SCC|2006||fc||1354;SCC|2007|1|cnlr||1,regrouped_or_rekeyed_in_r2c,,UNDETERMINED
added,SCC_2010scc43,SCC|2008||fca||20,regrouped_or_rekeyed_in_r2c,,UNDETERMINED
added,SCC_2010scc64,SCC|2006||fc||1102,new_counted_mentions_in_r2c,,UNDETERMINED
added,SCC_2010scc64,SCC|2007||fc||789,new_counted_mentions_in_r2c,,UNDETERMINED
added,SCC_2010scc65,SCC|2007||fc||977,new_counted_mentions_in_r2c,,UNDETERMINED
added,SCC_2010scc67,SCC|2008||fc||624,new_counted_mentions_in_r2c,,UNDETERMINED
added,SCC_2011scc1,SCC|2009||fc||271,new_counted_mentions_in_r2c,,UNDETERMINED
added,SCC_2011scc11,SCC|2008||fc||713,new_counted_mentions_in_r2c,,UNDETERMINED
added,SCC_2011scc25,SCC|2008||fc||766,new_counted_mentions_in_r2c,,UNDETERMINED
added,SCC_2011scc27,SCC|2008||fc||1412,new_counted_mentions_in_r2c,,UNDETERMINED
added,SCC_2011scc35,SCC||10|exemptions||13,new_counted_mentions_in_r2c,,UNDETERMINED
added,SCC_2011scc38,SCC|2007||fc||1052,new_counted_mentions_in_r2c,,UNDETERMINED
added,SCC_2011scc53,SCC|2006||fc||500,new_counted_mentions_in_r2c,,UNDETERMINED
added,SCC_2011scc53,SCC|2008||fc||118,new_counted_mentions_in_r2c,,UNDETERMINED
added,SCC_2011scc57,SCC|2008||fc||223,new_counted_mentions_in_r2c,,UNDETERMINED
added,SCC_2011scc6,SCC|2007||fca||342,regrouped_or_rekeyed_in_r2c,,UNDETERMINED
added,SCC_2011scc6,SCC|2007||fc||490,new_counted_mentions_in_r2c,,UNDETERMINED
added,SCC_2011scc6,SCC|2008|1|fcr||547,regrouped_or_rekeyed_in_r2c,,UNDETERMINED
added,SCC_2011scc61,SCC|2008||fc||12,new_counted_mentions_in_r2c,,UNDETERMINED
added,SCC_2011scc61,SCC|2009||fc||271,new_counted_mentions_in_r2c,,UNDETERMINED
added,SCC_2011scc7,SCC|2008||fc||12,new_counted_mentions_in_r2c,,UNDETERMINED
added,SCC_2012scc10,SCC|2009||fc||164,new_counted_mentions_in_r2c,,UNDETERMINED
added,SCC_2012scc29,SCC|2009||fc||670,new_counted_mentions_in_r2c,,UNDETERMINED
added,SCC_2012scc3,SCC|2003||fc||1422,new_counted_mentions_in_r2c,,UNDETERMINED
added,SCC_2012scc3,SCC|2004||fc||1371,new_counted_mentions_in_r2c,,UNDETERMINED
added,SCC_2012scc3,SCC|2004||fc||959,new_counted_mentions_in_r2c,,UNDETERMINED
added,SCC_2012scc3,SCC|2005||fc||1633,new_counted_mentions_in_r2c,,UNDETERMINED
added,SCC_2012scc3,SCC|2005||fc||189,new_counted_mentions_in_r2c,,UNDETERMINED
added,SCC_2012scc3,SCC|2005||fc||648,new_counted_mentions_in_r2c,,UNDETERMINED
added,SCC_2012scc3,SCC|2006||fc||1030,new_counted_mentions_in_r2c,,UNDETERMINED
added,SCC_2012scc3,SCC|2006||fc||1200,new_counted_mentions_in_r2c,,UNDETERMINED
added,SCC_2012scc3,SCC|2006||fc||1201,new_counted_mentions_in_r2c,,UNDETERMINED
added,SCC_2012scc3,SCC|2006||fc||335,new_counted_mentions_in_r2c,,UNDETERMINED
added,SCC_2012scc35,SCC|2010||fc||1287,new_counted_mentions_in_r2c,,UNDETERMINED
added,SCC_2012scc60,SCC|2006||fc||524,new_counted_mentions_in_r2c,,UNDETERMINED
added,SCC_2012scc60,SCC|2008||fc||142,new_counted_mentions_in_r2c,,UNDETERMINED
added,SCC_2012scc60,SCC|2009||fc||638,new_counted_mentions_in_r2c,,UNDETERMINED
added,SCC_2012scc64,SCC|2009||fc||740,new_counted_mentions_in_r2c,,UNDETERMINED
added,SCC_2012scc8,SCC||154995|canadainc||2005,new_counted_mentions_in_r2c,,UNDETERMINED
added,SCC_2013scc36,SCC|2005||fc||509,new_counted_mentions_in_r2c,,UNDETERMINED
added,SCC_2013scc36,SCC|2006||fc||912;SCC|2007|3|fcr||438,regrouped_or_rekeyed_in_r2c,,UNDETERMINED
added,SCC_2013scc36,SCC|2007|4|fcr||658;SCC|2007||fc||123,regrouped_or_rekeyed_in_r2c,,UNDETERMINED
added,SCC_2013scc36,SCC|2007||fc||381,new_counted_mentions_in_r2c,,UNDETERMINED
added,SCC_2013scc36,SCC|2007||fc||461,new_counted_mentions_in_r2c,,UNDETERMINED
added,SCC_2013scc36,SCC|2008||fc||1011,new_counted_mentions_in_r2c,,UNDETERMINED
added,SCC_2013scc36,SCC|2008||fc||1155,new_counted_mentions_in_r2c,,UNDETERMINED
added,SCC_2013scc36,SCC|2008||fc||1192,new_counted_mentions_in_r2c,,UNDETERMINED
added,SCC_2013scc36,SCC|2008||fc||1366,new_counted_mentions_in_r2c,,UNDETERMINED
added,SCC_2013scc36,SCC|2008||fc||241,new_counted_mentions_in_r2c,,UNDETERMINED
added,SCC_2013scc36,SCC|2008||fc||405,new_counted_mentions_in_r2c,,UNDETERMINED
added,SCC_2013scc36,SCC|2008||fc||884,new_counted_mentions_in_r2c,,UNDETERMINED
added,SCC_2013scc36,SCC|2009||fc||1199,new_counted_mentions_in_r2c,,UNDETERMINED
added,SCC_2013scc36,SCC|2009||fc||1302,new_counted_mentions_in_r2c,,UNDETERMINED
added,SCC_2013scc40,SCC|2005||fc||1028,new_counted_mentions_in_r2c,,UNDETERMINED
added,SCC_2013scc40,SCC|2005||fc||1349,new_counted_mentions_in_r2c,,UNDETERMINED
added,SCC_2013scc40,SCC|2007||fc||134,new_counted_mentions_in_r2c,,UNDETERMINED
added,SCC_2013scc40,SCC|2009||fc||643,new_counted_mentions_in_r2c,,UNDETERMINED
added,SCC_2013scc40,SCC|2010||fc||662,new_counted_mentions_in_r2c,,UNDETERMINED
added,SCC_2013scc47,SCC|2008||fc||338,new_counted_mentions_in_r2c,,UNDETERMINED
added,SCC_2013scc47,SCC|2009||fc||580;SCC|2010|1|fcr||267,regrouped_or_rekeyed_in_r2c,,UNDETERMINED
added,SCC_2013scc47,SCC|2009||fc||983,new_counted_mentions_in_r2c,,UNDETERMINED
added,SCC_2014scc29,SCC|2011||fc||494,new_counted_mentions_in_r2c,,UNDETERMINED
added,SCC_2014scc37,SCC|2008||fc||1216,new_counted_mentions_in_r2c,,UNDETERMINED
added,SCC_2014scc37,SCC|2008||fc||549,new_counted_mentions_in_r2c,,UNDETERMINED
added,SCC_2014scc37,SCC|2009||fc||1050,new_counted_mentions_in_r2c,,UNDETERMINED
added,SCC_2014scc37,SCC|2009||fc||1263,new_counted_mentions_in_r2c,,UNDETERMINED
added,SCC_2014scc37,SCC|2009||fc||204,new_counted_mentions_in_r2c,,UNDETERMINED
added,SCC_2014scc37,SCC|2009||fc||279,new_counted_mentions_in_r2c,,UNDETERMINED
added,SCC_2014scc37,SCC|2009||fc||322,new_counted_mentions_in_r2c,,UNDETERMINED
added,SCC_2014scc37,SCC|2009||fc||553,new_counted_mentions_in_r2c,,UNDETERMINED
added,SCC_2014scc37,SCC|2010||fc||1106,new_counted_mentions_in_r2c,,UNDETERMINED
added,SCC_2014scc37,SCC|2010||fc||1241,new_counted_mentions_in_r2c,,UNDETERMINED
added,SCC_2014scc37,SCC|2010||fc||1242,new_counted_mentions_in_r2c,,UNDETERMINED
added,SCC_2014scc37,SCC|2010||fc||1243,new_counted_mentions_in_r2c,,UNDETERMINED
added,SCC_2014scc37,SCC|2011||fca||199,regrouped_or_rekeyed_in_r2c,,UNDETERMINED
added,SCC_2014scc37,SCC|2012|2|fcr||508;SCC|2012|2|fcr||594,regrouped_or_rekeyed_in_r2c,,UNDETERMINED
added,SCC_2014scc40,SCC|2011||fc||1201,new_counted_mentions_in_r2c,,UNDETERMINED
added,SCC_2014scc67,SCC|2011||fc||876,new_counted_mentions_in_r2c,,UNDETERMINED
added,SCC_2014scc68,SCC|2011||fc||1103,new_counted_mentions_in_r2c,,UNDETERMINED
added,SCC_2015scc2,SCC|2011||fc||735,new_counted_mentions_in_r2c,,UNDETERMINED
added,SCC_2015scc20,SCC|2012||fc||553,new_counted_mentions_in_r2c,,UNDETERMINED
added,SCC_2015scc30,SCC|2012||fc||1036,new_counted_mentions_in_r2c,,UNDETERMINED
added,SCC_2015scc35,SCC|2011||fc||886,new_counted_mentions_in_r2c,,UNDETERMINED
added,SCC_2015scc35,SCC|2012||fc||505,new_counted_mentions_in_r2c,,UNDETERMINED
added,SCC_2015scc37,SCC|2013||fc||475,new_counted_mentions_in_r2c,,UNDETERMINED
added,SCC_2015scc4,SCC|2012||fc||893,new_counted_mentions_in_r2c,,UNDETERMINED
added,SCC_2015scc58,SCC|2012||fc||1282,new_counted_mentions_in_r2c,,UNDETERMINED
added,SCC_2015scc58,SCC|2012||fc||1417,new_counted_mentions_in_r2c,,UNDETERMINED
added,SCC_2015scc58,SCC|2012||fc||1466,new_counted_mentions_in_r2c,,UNDETERMINED
added,SCC_2015scc58,SCC|2012||fc||569,new_counted_mentions_in_r2c,,UNDETERMINED
added,SCC_2015scc61,SCC|2004|43|immlr|3d|111;SCC|2004||fc||1569,regrouped_or_rekeyed_in_r2c,,UNDETERMINED
added,SCC_2015scc61,SCC|2006||fc||1356,new_counted_mentions_in_r2c,,UNDETERMINED
added,SCC_2015scc61,SCC|2006||fc||1515,new_counted_mentions_in_r2c,,UNDETERMINED
added,SCC_2015scc61,SCC|2008||fc||1303,new_counted_mentions_in_r2c,,UNDETERMINED
added,SCC_2015scc61,SCC|2008||fc||165,new_counted_mentions_in_r2c,,UNDETERMINED
added,SCC_2015scc61,SCC|2009||fc||412,new_counted_mentions_in_r2c,,UNDETERMINED
added,SCC_2015scc61,SCC|2009||fc||463,new_counted_mentions_in_r2c,,UNDETERMINED
added,SCC_2015scc61,SCC|2010||fc||149;SCC|2011|2|fcr||448,regrouped_or_rekeyed_in_r2c,,UNDETERMINED
added,SCC_2015scc61,SCC|2011|96|immlr|3d|267;SCC|2011||fc||97,regrouped_or_rekeyed_in_r2c,,UNDETERMINED
added,SCC_2015scc61,SCC|2011||fc||633,new_counted_mentions_in_r2c,,UNDETERMINED
added,SCC_2015scc61,SCC|2012|14|immlr|4d|66;SCC|2012||fc||1295,regrouped_or_rekeyed_in_r2c,,UNDETERMINED
added,SCC_2015scc61,SCC|2012||fc||1382,new_counted_mentions_in_r2c,,UNDETERMINED
added,SCC_2015scc61,SCC|2012||fc||166,new_counted_mentions_in_r2c,,UNDETERMINED
added,SCC_2015scc61,SCC|2012||fc||528,new_counted_mentions_in_r2c,,UNDETERMINED
added,SCC_2015scc61,SCC|2013||fc||1002,new_counted_mentions_in_r2c,,UNDETERMINED
added,SCC_2015scc61,SCC|2013||fc||233,new_counted_mentions_in_r2c,,UNDETERMINED
added,SCC_2015scc61,SCC|2013||fc||802,new_counted_mentions_in_r2c,,UNDETERMINED
added,SCC_2015scc61,SCC|2014||fc||621,new_counted_mentions_in_r2c,,UNDETERMINED
added,SCC_2015scc61,SCC|2014||fc||714,new_counted_mentions_in_r2c,,UNDETERMINED
added,SCC_2016scc12,SCC|2013||fc||6,new_counted_mentions_in_r2c,,UNDETERMINED
added,SCC_2016scc29,SCC|2005||fc||804,new_counted_mentions_in_r2c,,UNDETERMINED
added,SCC_2016scc29,SCC|2013||fc||733,new_counted_mentions_in_r2c,,UNDETERMINED
added,SCC_2016scc34,SCC|2009||fc||400,new_counted_mentions_in_r2c,,UNDETERMINED
added,SCC_2016scc52,SCC|2010||fc||429,new_counted_mentions_in_r2c,,UNDETERMINED
added,SCC_2016scc52,SCC|2010||fc||736,new_counted_mentions_in_r2c,,UNDETERMINED
added,SCC_2016scc54,SCC|2010|3|ctc||80;SCC|2010||fc||117,regrouped_or_rekeyed_in_r2c,,UNDETERMINED
added,SCC_2016scc54,SCC|2013||fc||161;SCC|2014|1|ctc||223,regrouped_or_rekeyed_in_r2c,,UNDETERMINED
added,SCC_2016scc54,SCC|2014||fc||461,new_counted_mentions_in_r2c,,UNDETERMINED
added,SCC_2017scc15,SCC||1|deserteagle||44,new_counted_mentions_in_r2c,,UNDETERMINED
added,SCC_2017scc20,SCC|2015||fc||612,new_counted_mentions_in_r2c,,UNDETERMINED
added,SCC_2017scc36,SCC|2005||fc||1348,new_counted_mentions_in_r2c,,UNDETERMINED
added,SCC_2017scc36,SCC|2009||fc||676,new_counted_mentions_in_r2c,,UNDETERMINED
added,SCC_2017scc36,SCC|2010||fc||714,new_counted_mentions_in_r2c,,UNDETERMINED
added,SCC_2017scc36,SCC|2011||fc||547,new_counted_mentions_in_r2c,,UNDETERMINED
added,SCC_2017scc36,SCC|2014||fc||638,new_counted_mentions_in_r2c,,UNDETERMINED
added,SCC_2017scc50,SCC|2014||fc||1040,new_counted_mentions_in_r2c,,UNDETERMINED
added,SCC_2017scc50,SCC|2015||fc||899,new_counted_mentions_in_r2c,,UNDETERMINED
added,SCC_2018scc2,SCC|2013||fc||353,new_counted_mentions_in_r2c,,UNDETERMINED
added,SCC_2018scc2,SCC|2013||fc||431,new_counted_mentions_in_r2c,,UNDETERMINED
added,SCC_2018scc22,SCC|2008||fca||229,regrouped_or_rekeyed_in_r2c,,UNDETERMINED
added,SCC_2018scc22,SCC|2009|3|fcr||136,regrouped_or_rekeyed_in_r2c,,UNDETERMINED
added,SCC_2018scc22,SCC|2009||fc||1287,new_counted_mentions_in_r2c,,UNDETERMINED
added,SCC_2018scc22,SCC|2014||fc||243,new_counted_mentions_in_r2c,,UNDETERMINED
added,SCC_2018scc30,SCC|2007||fc||13,new_counted_mentions_in_r2c,,UNDETERMINED
added,SCC_2018scc30,SCC|2012||fc||332,new_counted_mentions_in_r2c,,UNDETERMINED
added,SCC_2018scc30,SCC|2015||fc||1045,new_counted_mentions_in_r2c,,UNDETERMINED
added,SCC_2018scc30,SCC|2015||fc||1093,new_counted_mentions_in_r2c,,UNDETERMINED
added,SCC_2018scc30,SCC|2017||fc||848,new_counted_mentions_in_r2c,,UNDETERMINED
added,SCC_2018scc31,SCC|2003||fc||1280;SCC|2004|1|fcr||679,regrouped_or_rekeyed_in_r2c,,UNDETERMINED
added,SCC_2018scc31,SCC|2012||fc||445,new_counted_mentions_in_r2c,,UNDETERMINED
added,SCC_2018scc31,SCC|2013||fc||40,new_counted_mentions_in_r2c,,UNDETERMINED
added,SCC_2018scc31,SCC|2015||fc||398,new_counted_mentions_in_r2c,,UNDETERMINED
added,SCC_2018scc38,SCC|2004|3|fcr||241;SCC|2004||fc||488,regrouped_or_rekeyed_in_r2c,,UNDETERMINED
added,SCC_2018scc38,SCC|2005|4|fcr||81;SCC|2005||fca||193,regrouped_or_rekeyed_in_r2c,,UNDETERMINED
added,SCC_2018scc38,SCC|2011||fc||1024,new_counted_mentions_in_r2c,,UNDETERMINED
added,SCC_2018scc38,SCC|2014||fc||161,new_counted_mentions_in_r2c,,UNDETERMINED
added,SCC_2018scc38,SCC|2015|2|fcr||540;SCC|2015||fc||1364,regrouped_or_rekeyed_in_r2c,,UNDETERMINED
added,SCC_2018scc38,SCC|2016||fc||881,new_counted_mentions_in_r2c,,UNDETERMINED
added,SCC_2018scc39,SCC|2003||fc||975;SCC|2004|1|fcr||556,regrouped_or_rekeyed_in_r2c,,UNDETERMINED
added,SCC_2018scc4,SCC|2013||fc||431,new_counted_mentions_in_r2c,,UNDETERMINED
added,SCC_2018scc40,SCC|2013||fc||669,new_counted_mentions_in_r2c,,UNDETERMINED
added,SCC_2018scc40,SCC|2014||fc||1244,new_counted_mentions_in_r2c,,UNDETERMINED
added,SCC_2018scc40,SCC|2015|4|fcr||3;SCC|2015||fc||91,regrouped_or_rekeyed_in_r2c,,UNDETERMINED
added,SCC_2018scc47,SCC|2015||fc||977,new_counted_mentions_in_r2c,,UNDETERMINED
added,SCC_2019scc18,SCC|2017||bcj|n:ql|2017,new_counted_mentions_in_r2c,,UNDETERMINED
added,SCC_2019scc29,SCC|2010||fc||964,new_counted_mentions_in_r2c,,UNDETERMINED
added,SCC_2019scc29,SCC|2011||fc||175;SCC|2012|4|fcr||220,regrouped_or_rekeyed_in_r2c,,UNDETERMINED
added,SCC_2019scc29,SCC|2016||fc||1199;SCC|2017|3|fcr||428,regrouped_or_rekeyed_in_r2c,,UNDETERMINED
added,SCC_2019scc29,SCC|2017||fc||710,new_counted_mentions_in_r2c,,UNDETERMINED
added,SCC_2019scc29,SCC|2017||fc||918,new_counted_mentions_in_r2c,,UNDETERMINED
added,SCC_2019scc29,SCC|2018||fc||729,new_counted_mentions_in_r2c,,UNDETERMINED
added,SCC_2019scc42,SCC|2008||fc||825,new_counted_mentions_in_r2c,,UNDETERMINED
added,SCC_2019scc42,SCC|2009||fc||991,new_counted_mentions_in_r2c,,UNDETERMINED
added,SCC_2019scc42,SCC|2010||fc||996,new_counted_mentions_in_r2c,,UNDETERMINED
added,SCC_2019scc58,SCC|2013||fc||832,new_counted_mentions_in_r2c,,UNDETERMINED
added,SCC_2019scc65,SCC|2007|64|immlr|3d|67;SCC|2007||fc||559,regrouped_or_rekeyed_in_r2c,,UNDETERMINED
added,SCC_2019scc65,SCC|2007||fc||294,new_counted_mentions_in_r2c,,UNDETERMINED
added,SCC_2019scc65,SCC|2008||fc||614;SCC|2009|1|fcr||204,regrouped_or_rekeyed_in_r2c,,UNDETERMINED
added,SCC_2019scc65,SCC|2013||fc||431,new_counted_mentions_in_r2c,,UNDETERMINED
added,SCC_2019scc65,SCC|2014||fc||629,new_counted_mentions_in_r2c,,UNDETERMINED
added,SCC_2019scc65,SCC|2014||fc||750,new_counted_mentions_in_r2c,,UNDETERMINED
added,SCC_2019scc65,SCC|2015||fc||960,new_counted_mentions_in_r2c,,UNDETERMINED
added,SCC_2019scc65,SCC|2016||fc||17,new_counted_mentions_in_r2c,,UNDETERMINED
added,SCC_2019scc65,SCC|2019||fc||1251,new_counted_mentions_in_r2c,,UNDETERMINED
added,SCC_2019scc67,SCC|2014||fc||750,new_counted_mentions_in_r2c,,UNDETERMINED
added,SCC_2019scc67,SCC|2016||fc||252,new_counted_mentions_in_r2c,,UNDETERMINED
added,SCC_2020scc28,SCC|2017||fc||557,new_counted_mentions_in_r2c,,UNDETERMINED
added,SCC_2020scc30,SCC|2013||fc||431,new_counted_mentions_in_r2c,,UNDETERMINED
added,SCC_2021scc25,SCC|2017||fc||629,new_counted_mentions_in_r2c,,UNDETERMINED
added,SCC_2021scc28,SCC|2017||fc||906,new_counted_mentions_in_r2c,,UNDETERMINED
added,SCC_2021scc32,SCC|2017||fc||669,new_counted_mentions_in_r2c,,UNDETERMINED
added,SCC_2021scc33,SCC||15|johnswoodcrescent||2009,new_counted_mentions_in_r2c,,UNDETERMINED
added,SCC_2022scc12,SCC|2016||fc||1409,new_counted_mentions_in_r2c,,UNDETERMINED
added,SCC_2022scc26,SCC|2020||fc||1159,new_counted_mentions_in_r2c,,UNDETERMINED
added,SCC_2022scc30,SCC|2012||fc||803,new_counted_mentions_in_r2c,,UNDETERMINED
added,SCC_2022scc36,SCC|2013||fc||1197,new_counted_mentions_in_r2c,,UNDETERMINED
added,SCC_2022scc36,SCC|2016||fc||1159;SCC|2017|2|fcr||74,regrouped_or_rekeyed_in_r2c,,UNDETERMINED
added,SCC_2022scc36,SCC|2016||fc||312,new_counted_mentions_in_r2c,,UNDETERMINED
added,SCC_2022scc36,SCC|2018||fca||115;SCC|2019|1|fcr||504,regrouped_or_rekeyed_in_r2c,,UNDETERMINED
added,SCC_2022scc43,SCC|2008||fc||825,new_counted_mentions_in_r2c,,UNDETERMINED
added,SCC_2022scc43,SCC|2009||fc||317,new_counted_mentions_in_r2c,,UNDETERMINED
added,SCC_2022scc43,SCC|2009||fc||318,new_counted_mentions_in_r2c,,UNDETERMINED
added,SCC_2022scc43,SCC|2013||fc||751,new_counted_mentions_in_r2c,,UNDETERMINED
added,SCC_2022scc43,SCC|2014||fc||844,new_counted_mentions_in_r2c,,UNDETERMINED
added,SCC_2022scc43,SCC|2015||fcj||1564;SCC|2015||fc||364,regrouped_or_rekeyed_in_r2c,,UNDETERMINED
added,SCC_2022scc43,SCC|2015||fc||671,new_counted_mentions_in_r2c,,UNDETERMINED
added,SCC_2022scc43,SCC|2015||fc||721,new_counted_mentions_in_r2c,,UNDETERMINED
added,SCC_2022scc43,SCC|2016||fc||1192,new_counted_mentions_in_r2c,,UNDETERMINED
added,SCC_2022scc43,SCC|2017||fc||350,new_counted_mentions_in_r2c,,UNDETERMINED
added,SCC_2022scc43,SCC|2017||fc||637,new_counted_mentions_in_r2c,,UNDETERMINED
added,SCC_2022scc48,SCC|2006|4|fcr||272;SCC|2006||fc||150,regrouped_or_rekeyed_in_r2c,,UNDETERMINED
added,SCC_2022scc6,SCC|2008|3|cnlr||136;SCC|2008||fc||574,regrouped_or_rekeyed_in_r2c,,UNDETERMINED
added,SCC_2023scc17,SCC|2007||fc||1262,new_counted_mentions_in_r2c,,UNDETERMINED
added,SCC_2023scc17,SCC|2008|3|fcr||606;SCC|2008||fca||229,regrouped_or_rekeyed_in_r2c,,UNDETERMINED
added,SCC_2023scc17,SCC|2009|3|fcr||136,regrouped_or_rekeyed_in_r2c,,UNDETERMINED
added,SCC_2023scc17,SCC|2020||fc||770,new_counted_mentions_in_r2c,,UNDETERMINED
added,SCC_2023scc21,SCC|2013||fc||612;SCC|2014|4|fcr||673,regrouped_or_rekeyed_in_r2c,,UNDETERMINED
added,SCC_2023scc21,SCC|2019||fc||1251,new_counted_mentions_in_r2c,,UNDETERMINED
added,SCC_2023scc21,SCC|2020||fc||59,new_counted_mentions_in_r2c,,UNDETERMINED
added,SCC_2023scc23,SCC|2017||fc||1100,new_counted_mentions_in_r2c,,UNDETERMINED
added,SCC_2023scc4,SCC|2008|4|fcr||546,regrouped_or_rekeyed_in_r2c,,UNDETERMINED
added,SCC_2023scc4,SCC|2008||fca||401,regrouped_or_rekeyed_in_r2c,,UNDETERMINED
added,SCC_2023scc4,SCC|2008||fc||336,new_counted_mentions_in_r2c,,UNDETERMINED
added,SCC_2024scc10,SCC|2005||fc||1030;SCC|2006|2|fcr||24,regrouped_or_rekeyed_in_r2c,,UNDETERMINED
added,SCC_2024scc10,SCC|2007||fc||707,new_counted_mentions_in_r2c,,UNDETERMINED
added,SCC_2024scc10,SCC|2007||fc||878,new_counted_mentions_in_r2c,,UNDETERMINED
added,SCC_2024scc10,SCC|2008|1|fcr||795;SCC|2008||fca||182,regrouped_or_rekeyed_in_r2c,,UNDETERMINED
added,SCC_2024scc10,SCC|2009|1|fcr||448,regrouped_or_rekeyed_in_r2c,,UNDETERMINED
added,SCC_2024scc10,SCC|2010||fc||337,new_counted_mentions_in_r2c,,UNDETERMINED
added,SCC_2024scc10,SCC|2013||fc||974;SCC|2014|1|cnlr||149,regrouped_or_rekeyed_in_r2c,,UNDETERMINED
added,SCC_2024scc10,SCC|2018|4|fcr||467;SCC|2018||fc||648,regrouped_or_rekeyed_in_r2c,,UNDETERMINED
added,SCC_2024scc10,SCC|2018||fc||822;SCC|2019|1|fcr||3,regrouped_or_rekeyed_in_r2c,,UNDETERMINED
added,SCC_2024scc10,SCC|2020||fc||1065,new_counted_mentions_in_r2c,,UNDETERMINED
added,SCC_2024scc10,SCC|2023||fc||220,new_counted_mentions_in_r2c,,UNDETERMINED
added,SCC_2024scc12,SCC|2019||fc||789,new_counted_mentions_in_r2c,,UNDETERMINED
added,SCC_2024scc15,SCC|2020|3|fcr||411;SCC|2020||fc||330,regrouped_or_rekeyed_in_r2c,,UNDETERMINED
added,SCC_2024scc23,SCC|2019||fc||860,new_counted_mentions_in_r2c,,UNDETERMINED
added,SCC_2024scc23,SCC|2021||fc||1203,new_counted_mentions_in_r2c,,UNDETERMINED
added,SCC_2024scc23,SCC|2021||fc||576,new_counted_mentions_in_r2c,,UNDETERMINED
added,SCC_2024scc23,SCC|2023||fc||1481;SCC|2024|1|ctc||63,regrouped_or_rekeyed_in_r2c,,UNDETERMINED
added,SCC_2024scc23,SCC|2023||fc||1728;SCC|2024|2|ctc||67,regrouped_or_rekeyed_in_r2c,,UNDETERMINED
added,SCC_2024scc24,SCC|2019||fc||750,new_counted_mentions_in_r2c,,UNDETERMINED
added,SCC_2024scc24,SCC|2019||fc||860,new_counted_mentions_in_r2c,,UNDETERMINED
added,SCC_2024scc24,SCC|2020||fc||532,new_counted_mentions_in_r2c,,UNDETERMINED
added,SCC_2024scc24,SCC|2021||fc||1203,new_counted_mentions_in_r2c,,UNDETERMINED
added,SCC_2024scc24,SCC|2021||fc||597,new_counted_mentions_in_r2c,,UNDETERMINED
added,SCC_2024scc24,SCC|2021||fc||693,new_counted_mentions_in_r2c,,UNDETERMINED
added,SCC_2024scc24,SCC|2022||fc||1077,new_counted_mentions_in_r2c,,UNDETERMINED
added,SCC_2024scc24,SCC|2023||fc||1481;SCC|2024|1|ctc||63,regrouped_or_rekeyed_in_r2c,,UNDETERMINED
added,SCC_2024scc26,SCC|2005|3|fcr||555;SCC|2005||fc||576,regrouped_or_rekeyed_in_r2c,,UNDETERMINED
added,SCC_2024scc26,SCC|2006||fca||86,regrouped_or_rekeyed_in_r2c,,UNDETERMINED
added,SCC_2024scc26,SCC|2007||fc||564,new_counted_mentions_in_r2c,,UNDETERMINED
added,SCC_2024scc26,SCC|2015|4|fcr||3;SCC|2015||fc||91,regrouped_or_rekeyed_in_r2c,,UNDETERMINED
added,SCC_2024scc26,SCC|2020|2|fcr||461;SCC|2020||fc||393,regrouped_or_rekeyed_in_r2c,,UNDETERMINED
added,SCC_2024scc27,SCC|2020||fc||129,new_counted_mentions_in_r2c,,UNDETERMINED
added,SCC_2024scc30,SCC|2008||fc||713,new_counted_mentions_in_r2c,,UNDETERMINED
added,SCC_2024scc30,SCC|2011||fc||876,new_counted_mentions_in_r2c,,UNDETERMINED
added,SCC_2024scc39,SCC|2018||fc||218,new_counted_mentions_in_r2c,,UNDETERMINED
added,SCC_2024scc39,SCC|2023||fc||267,new_counted_mentions_in_r2c,,UNDETERMINED
added,SCC_2025scc21,SCC|2007||fc||593;SCC|2008|1|fcr||716,regrouped_or_rekeyed_in_r2c,,UNDETERMINED
added,SCC_2025scc21,SCC|2015||fc||338,new_counted_mentions_in_r2c,,UNDETERMINED
added,SCC_2025scc21,SCC|2020||fc||91,new_counted_mentions_in_r2c,,UNDETERMINED
added,SCC_2025scc21,SCC|2021||fc||348,new_counted_mentions_in_r2c,,UNDETERMINED
added,SCC_2025scc28,SCC||456758|ontarioltd||2005,new_counted_mentions_in_r2c,,UNDETERMINED
added,SCC_2025scc6,SCC|2020||fc||741,new_counted_mentions_in_r2c,,UNDETERMINED
added,SCC_2026scc14,SCC|2005|3|fcr||555;SCC|2005||fc||576,regrouped_or_rekeyed_in_r2c,,UNDETERMINED
added,SCC_2026scc22,SCC|2019||fc||1102,new_counted_mentions_in_r2c,,UNDETERMINED
added,SCC_2026scc22,SCC|2019||fc||1474,new_counted_mentions_in_r2c,,UNDETERMINED
added,SCC_2026scc26,SCC|2005||fc||1183,new_counted_mentions_in_r2c,,UNDETERMINED
added,SCC_2026scc26,SCC|2006||fc||527,new_counted_mentions_in_r2c,,UNDETERMINED
added,SCC_2026scc26,SCC|2008||fc||142,new_counted_mentions_in_r2c,,UNDETERMINED
added,SCC_2026scc26,SCC|2010||fc||1123,new_counted_mentions_in_r2c,,UNDETERMINED
added,SCC_2026scc26,SCC|2013||fc||1061,new_counted_mentions_in_r2c,,UNDETERMINED
added,SCC_2026scc26,SCC|2013||fc||985,new_counted_mentions_in_r2c,,UNDETERMINED
added,SCC_2026scc26,SCC|2014||fc||1251,new_counted_mentions_in_r2c,,UNDETERMINED
added,SCC_2026scc26,SCC|2018||fc||259,new_counted_mentions_in_r2c,,UNDETERMINED
added,SCC_2026scc26,SCC|2020||fc||593,new_counted_mentions_in_r2c,,UNDETERMINED
added,SCC_2026scc26,SCC|2020||fc||621,new_counted_mentions_in_r2c,,UNDETERMINED
added,SCC_2026scc26,SCC|2021||fc||384,new_counted_mentions_in_r2c,,UNDETERMINED
added,SCC_2026scc26,SCC|2022||fc||1218,new_counted_mentions_in_r2c,,UNDETERMINED
added,SCC_2026scc26,SCC|2022||fc||62,new_counted_mentions_in_r2c,,UNDETERMINED
added,SCC_2026scc26,SCC|2023||fc||1520,new_counted_mentions_in_r2c,,UNDETERMINED
added,SCC_2026scc5,SCC|2021||fc||361,new_counted_mentions_in_r2c,,UNDETERMINED
added,SCC_2026scc7,SCC|2014||fc||651;SCC|2015|2|fcr||267,regrouped_or_rekeyed_in_r2c,,UNDETERMINED
added,SCC_2026scc7,SCC|2015||fc||892;SCC|2016|1|fcr||575,regrouped_or_rekeyed_in_r2c,,UNDETERMINED
added,SCC_2026scc7,SCC|2019|3|fcr||207;SCC|2019||fc||335,regrouped_or_rekeyed_in_r2c,,UNDETERMINED
added,SCC_2026scc7,SCC|2021||fc||892;SCC|2022|1|fcr||413,regrouped_or_rekeyed_in_r2c,,UNDETERMINED
