court,source_decision_citation,match_start_offset,match_end_offset,shape_name,raw_string,old_jurisdiction,old_supported,r2c_status,r2d_status,r2d_counted,semantic_equivalence,note
SCC,SCC_1935scr1,27654,27668,shape_bracket,[1870] L.R. 10,UNSUPPORTED,no,alternative_dominated_by_support,alternative_dominated_by_support,no,unverified (overlap only),
SCC,SCC_2012scc8,20268,20293,shape_vol_abbr_page,"3894207 Canada Inc., 2006",UNSUPPORTED,no,cross_boundary_invalid,cross_boundary_invalid,no,unverified (overlap only),
SCC,SCC_2012scc8,67431,67456,shape_vol_abbr_page,"3894207 Canada Inc., 2006",UNSUPPORTED,no,cross_boundary_invalid,cross_boundary_invalid,no,unverified (overlap only),
SCC,SCC_191551scr234,85536,85545,shape_vol_abbr_page,51 L.R. 2,UNSUPPORTED,no,alternative_dominated_by_support,alternative_dominated_by_support,no,unverified (overlap only),
SCC,SCC_2012scc35,15344,15369,shape_vol_abbr_page,"3894207 Canada Inc., 2006",UNSUPPORTED,no,cross_boundary_invalid,cross_boundary_invalid,no,unverified (overlap only),
SCC,SCC_1926scr246,60929,60943,shape_bracket,[1875] L.R. 10,UNSUPPORTED,no,alternative_dominated_by_support,alternative_dominated_by_support,no,unverified (overlap only),
SCC,SCC_1925scr706,122456,122469,shape_bracket,[1896] Q.R. 6,UNSUPPORTED,no,alternative_dominated_by_support,alternative_dominated_by_support,no,unverified (overlap only),
SCC,SCC_1925scr706,123374,123388,shape_bracket,"[1871] L.R., 6",UNSUPPORTED,no,alternative_dominated_by_support,alternative_dominated_by_support,no,unverified (overlap only),
SCC,SCC_1925scr126,35357,35372,shape_bracket,"[1924] Q.R., 36",UNSUPPORTED,no,alternative_dominated_by_support,alternative_dominated_by_support,no,unverified (overlap only),
SCC,SCC_1925scr289,32791,32805,shape_bracket,[1900] Q.R. 19,UNSUPPORTED,no,alternative_dominated_by_support,alternative_dominated_by_support,no,unverified (overlap only),
SCC,SCC_1928scr276,66785,66800,shape_bracket,[1919] Ir. R. 1,UNSUPPORTED,no,alternative_dominated_by_support,alternative_dominated_by_support,no,unverified (overlap only),
SCC,SCC_1928scr276,66919,66934,shape_bracket,[1919] Ir. R. 1,UNSUPPORTED,no,alternative_dominated_by_support,alternative_dominated_by_support,no,unverified (overlap only),
SCC,SCC_19922scr606,92046,92072,shape_neutral_bare,"1984 Merger Guidelines, 49",UNSUPPORTED,no,span_alternative_undecided,span_alternative_undecided,no,unverified (overlap only),
SCC,SCC_1924scr86,34835,34849,shape_bracket,[1923] Q.R. 35,UNSUPPORTED,no,alternative_dominated_by_support,alternative_dominated_by_support,no,unverified (overlap only),
SCC,SCC_192161scr595,21629,21642,shape_bracket,[1871] L.R. 7,UNSUPPORTED,no,alternative_dominated_by_support,alternative_dominated_by_support,no,unverified (overlap only),
SCC,SCC_192162scr393,54164,54177,shape_bracket,[1869] L.R. 5,UNSUPPORTED,no,alternative_dominated_by_support,alternative_dominated_by_support,no,unverified (overlap only),
SCC,SCC_192162scr393,54187,54200,shape_bracket,[1869] L.R. 5,UNSUPPORTED,no,alternative_dominated_by_support,alternative_dominated_by_support,no,unverified (overlap only),
SCC,SCC_192162scr393,54230,54243,shape_bracket,[1869] L.R. 5,UNSUPPORTED,no,alternative_dominated_by_support,alternative_dominated_by_support,no,unverified (overlap only),
SCC,SCC_1923scr446,27819,27833,shape_bracket,[1874] L.R. 19,UNSUPPORTED,no,alternative_dominated_by_support,alternative_dominated_by_support,no,unverified (overlap only),
SCC,SCC_1923scr459,37767,37781,shape_bracket,[1912] Q.R. 22,UNSUPPORTED,no,alternative_dominated_by_support,alternative_dominated_by_support,no,unverified (overlap only),
SCC,SCC_192162scr241,22574,22588,shape_bracket,[1914] Q.R. 54,UNSUPPORTED,no,alternative_dominated_by_support,alternative_dominated_by_support,no,unverified (overlap only),
SCC,SCC_192263scr243,33161,33175,shape_bracket,[1904] Q.R. 25,UNSUPPORTED,no,alternative_dominated_by_support,alternative_dominated_by_support,no,unverified (overlap only),
SCC,SCC_192264scr420,81180,81194,shape_bracket,[1919] Q.R. 30,UNSUPPORTED,no,alternative_dominated_by_support,alternative_dominated_by_support,no,unverified (overlap only),
SCC,SCC_192264scr420,81237,81251,shape_bracket,[1918] Q.R. 27,UNSUPPORTED,no,alternative_dominated_by_support,alternative_dominated_by_support,no,unverified (overlap only),
SCC,SCC_19772scr680,75973,75994,shape_bracket,"[1975] 6 W.W.R. I, 63",UNSUPPORTED,no,alternative_dominated_by_support,alternative_dominated_by_support,no,unverified (overlap only),
SCC,SCC_1955scr529,148458,148472,shape_bracket,[1875] L.R. 10,UNSUPPORTED,no,alternative_dominated_by_support,alternative_dominated_by_support,no,unverified (overlap only),
SCC,SCC_2023scc17,37226,37261,shape_vol_abbr_page,"20 B. Federal Court of Appeal, 2021",UNSUPPORTED,no,cross_boundary_invalid,cross_boundary_invalid,no,unverified (overlap only),
SCC,SCC_2023scc16,25700,25734,shape_vol_abbr_page,"594710 British Columbia Ltd., 2018",UNSUPPORTED,no,cross_boundary_invalid,cross_boundary_invalid,no,unverified (overlap only),
SCC,SCC_2023scc16,32812,32847,shape_vol_abbr_page,"26 B. Federal Court of Appeal, 2021",UNSUPPORTED,no,cross_boundary_invalid,cross_boundary_invalid,no,unverified (overlap only),
SCC,SCC_2023scc16,96798,96832,shape_vol_abbr_page,"594710 British Columbia Ltd., 2018",UNSUPPORTED,no,cross_boundary_invalid,cross_boundary_invalid,no,unverified (overlap only),
SCC,SCC_2024scc13,85555,85588,shape_vol_abbr_page,"71 B. Quebec Superior Court, 2018",UNSUPPORTED,no,cross_boundary_invalid,cross_boundary_invalid,no,unverified (overlap only),
SCC,SCC_2024scc13,85613,85647,shape_vol_abbr_page,"79 C. Quebec Court of Appeal, 2022",UNSUPPORTED,no,cross_boundary_invalid,cross_boundary_invalid,no,unverified (overlap only),
SCC,SCC_2024scc11,140558,140593,shape_vol_abbr_page,"198 B. Quebec Court of Appeal, 2022",UNSUPPORTED,no,cross_boundary_invalid,cross_boundary_invalid,no,unverified (overlap only),
SCC,SCC_2024scc27,52595,52652,shape_vol_abbr_page,"47 A. Ontario Superior Court of Justice (Stage One), 2018",UNSUPPORTED,no,cross_boundary_invalid,cross_boundary_invalid,no,unverified (overlap only),
SCC,SCC_2024scc27,52698,52755,shape_vol_abbr_page,"48 B. Ontario Superior Court of Justice (Stage Two), 2020",UNSUPPORTED,no,cross_boundary_invalid,cross_boundary_invalid,no,unverified (overlap only),
SCC,SCC_2024scc26,43658,43683,shape_vol_abbr_page,"974649 Ontario Inc., 2001",UNSUPPORTED,no,cross_boundary_invalid,cross_boundary_invalid,no,unverified (overlap only),
SCC,SCC_2024scc26,50665,50690,shape_vol_abbr_page,"974649 Ontario Inc., 2001",UNSUPPORTED,no,cross_boundary_invalid,cross_boundary_invalid,no,unverified (overlap only),
SCC,SCC_2024scc26,79547,79572,shape_vol_abbr_page,"974649 Ontario Inc., 2001",UNSUPPORTED,no,cross_boundary_invalid,cross_boundary_invalid,no,unverified (overlap only),
SCC,SCC_2024scc26,224664,224689,shape_vol_abbr_page,"974649 Ontario Inc., 2001",UNSUPPORTED,no,cross_boundary_invalid,cross_boundary_invalid,no,unverified (overlap only),
SCC,SCC_2024scc24,12862,12887,shape_vol_abbr_page,"984274 Alberta Inc., 2020",UNSUPPORTED,no,cross_boundary_invalid,cross_boundary_invalid,no,unverified (overlap only),
SCC,SCC_2024scc24,43411,43436,shape_vol_abbr_page,"984274 Alberta Inc., 2020",UNSUPPORTED,no,cross_boundary_invalid,cross_boundary_invalid,no,unverified (overlap only),
SCC,SCC_2023scc29,26484,26510,shape_vol_abbr_page,"1724665 Ontario Inc., 2013",UNSUPPORTED,no,cross_boundary_invalid,cross_boundary_invalid,no,unverified (overlap only),
SCC,SCC_2023scc29,118348,118374,shape_vol_abbr_page,"1724665 Ontario Inc., 2013",UNSUPPORTED,no,cross_boundary_invalid,cross_boundary_invalid,no,unverified (overlap only),
SCC,SCC_2024scc25,16836,16871,shape_vol_abbr_page,"10 B. Nunavut Court of Appeal, 2022",UNSUPPORTED,no,cross_boundary_invalid,cross_boundary_invalid,no,unverified (overlap only),
SCC,SCC_2021scc51,14485,14520,shape_vol_abbr_page,"14 B. Federal Court of Appeal, 2020",UNSUPPORTED,no,cross_boundary_invalid,cross_boundary_invalid,no,unverified (overlap only),
SCC,SCC_2021scc49,20263,20297,shape_vol_abbr_page,"594710 British Columbia Ltd., 2018",UNSUPPORTED,no,cross_boundary_invalid,cross_boundary_invalid,no,unverified (overlap only),
SCC,SCC_2021scc49,32190,32225,shape_vol_abbr_page,"18 B. Federal Court of Appeal, 2020",UNSUPPORTED,no,cross_boundary_invalid,cross_boundary_invalid,no,unverified (overlap only),
SCC,SCC_2021scc49,166501,166535,shape_vol_abbr_page,"594710 British Columbia Ltd., 2018",UNSUPPORTED,no,cross_boundary_invalid,cross_boundary_invalid,no,unverified (overlap only),
SCC,SCC_2021scc53,29285,29319,shape_vol_abbr_page,"14 B. Quebec Court of Appeal, 2020",UNSUPPORTED,no,cross_boundary_invalid,cross_boundary_invalid,no,unverified (overlap only),
SCC,SCC_2021scc47,12787,12814,shape_vol_abbr_page,"3812511 Manitoba Ltd., 2011",UNSUPPORTED,no,cross_boundary_invalid,cross_boundary_invalid,no,unverified (overlap only),
SCC,SCC_2021scc47,37119,37146,shape_vol_abbr_page,"3812511 Manitoba Ltd., 2011",UNSUPPORTED,no,cross_boundary_invalid,cross_boundary_invalid,no,unverified (overlap only),
SCC,SCC_2021scc43,47146,47180,shape_vol_abbr_page,"16 B. Quebec Court of Appeal, 2019",UNSUPPORTED,no,cross_boundary_invalid,cross_boundary_invalid,no,unverified (overlap only),
SCC,SCC_2021scc23,19676,19696,shape_vol_abbr_page,"3000 Inc. (Re), 2006",UNSUPPORTED,no,cross_boundary_invalid,cross_boundary_invalid,no,unverified (overlap only),
SCC,SCC_2021scc23,65936,65956,shape_vol_abbr_page,"3000 Inc. (Re), 2006",UNSUPPORTED,no,cross_boundary_invalid,cross_boundary_invalid,no,unverified (overlap only),
SCC,SCC_2021scc30,29702,29739,shape_vol_abbr_page,"407 ETR Concession Company Ltd., 2013",UNSUPPORTED,no,cross_boundary_invalid,cross_boundary_invalid,no,unverified (overlap only),
SCC,SCC_2021scc30,29896,29916,shape_vol_abbr_page,"2 GP Inc. (Re), 2020",UNSUPPORTED,no,cross_boundary_invalid,cross_boundary_invalid,no,unverified (overlap only),
SCC,SCC_2021scc30,160474,160511,shape_vol_abbr_page,"407 ETR Concession Company Ltd., 2013",UNSUPPORTED,no,cross_boundary_invalid,cross_boundary_invalid,no,unverified (overlap only),
SCC,SCC_2021scc30,164420,164440,shape_vol_abbr_page,"2 GP Inc. (Re), 2020",UNSUPPORTED,no,cross_boundary_invalid,cross_boundary_invalid,no,unverified (overlap only),
SCC,SCC_2021scc33,16859,16884,shape_vol_abbr_page,"6274013 Canada Ltd., 2012",UNSUPPORTED,no,cross_boundary_invalid,cross_boundary_invalid,no,unverified (overlap only),
SCC,SCC_2021scc33,58135,58160,shape_vol_abbr_page,"6274013 Canada Ltd., 2012",UNSUPPORTED,no,cross_boundary_invalid,cross_boundary_invalid,no,unverified (overlap only),
SCC,SCC_2024scc28,20341,20367,shape_vol_abbr_page,"1886758 Ontario Inc., 2022",UNSUPPORTED,no,cross_boundary_invalid,cross_boundary_invalid,no,unverified (overlap only),
SCC,SCC_2024scc28,25931,25975,shape_vol_abbr_page,"11 B. British Columbia Court of Appeal, 2022",UNSUPPORTED,no,cross_boundary_invalid,cross_boundary_invalid,no,unverified (overlap only),
SCC,SCC_2024scc28,115596,115622,shape_vol_abbr_page,"1886758 Ontario Inc., 2022",UNSUPPORTED,no,cross_boundary_invalid,cross_boundary_invalid,no,unverified (overlap only),
SCC,SCC_2022scc36,26971,27010,shape_vol_abbr_page,"11 B. Nova Scotia Court of Appeal, 2021",UNSUPPORTED,no,cross_boundary_invalid,cross_boundary_invalid,no,unverified (overlap only),
SCC,SCC_2022scc32,25478,25503,shape_vol_abbr_page,"974649 Ontario Inc., 2001",UNSUPPORTED,no,cross_boundary_invalid,cross_boundary_invalid,no,unverified (overlap only),
SCC,SCC_2022scc32,98774,98799,shape_vol_abbr_page,"974649 Ontario Inc., 2001",UNSUPPORTED,no,cross_boundary_invalid,cross_boundary_invalid,no,unverified (overlap only),
SCC,SCC_2022scc41,33429,33473,shape_vol_abbr_page,"19 B. British Columbia Court of Appeal, 2020",UNSUPPORTED,no,cross_boundary_invalid,cross_boundary_invalid,no,unverified (overlap only),
SCC,SCC_2022scc48,26241,26266,shape_vol_abbr_page,"960122 Ontario Ltd., 2003",UNSUPPORTED,no,cross_boundary_invalid,cross_boundary_invalid,no,unverified (overlap only),
SCC,SCC_2022scc48,86681,86706,shape_vol_abbr_page,"960122 Ontario Ltd., 2003",UNSUPPORTED,no,cross_boundary_invalid,cross_boundary_invalid,no,unverified (overlap only),
SCC,SCC_2022scc43,22102,22127,shape_vol_abbr_page,"3464920 Canada Inc., 2007",UNSUPPORTED,no,cross_boundary_invalid,cross_boundary_invalid,no,unverified (overlap only),
SCC,SCC_2022scc43,100136,100161,shape_vol_abbr_page,"3464920 Canada Inc., 2007",UNSUPPORTED,no,cross_boundary_invalid,cross_boundary_invalid,no,unverified (overlap only),
SCC,SCC_2022scc26,14121,14146,shape_vol_abbr_page,"984274 Alberta Inc., 2020",UNSUPPORTED,no,cross_boundary_invalid,cross_boundary_invalid,no,unverified (overlap only),
SCC,SCC_2022scc26,39934,39959,shape_vol_abbr_page,"984274 Alberta Inc., 2020",UNSUPPORTED,no,cross_boundary_invalid,cross_boundary_invalid,no,unverified (overlap only),
SCC,SCC_2022scc26,89488,89520,shape_vol_abbr_page,"5551928 Manitoba Ltd. (Re), 2018",UNSUPPORTED,no,cross_boundary_invalid,cross_boundary_invalid,no,unverified (overlap only),
SCC,SCC_2022scc23,31506,31540,shape_vol_abbr_page,"13 C. Quebec Court of Appeal, 2020",UNSUPPORTED,no,cross_boundary_invalid,cross_boundary_invalid,no,unverified (overlap only),
SCC,SCC_2026scc23,22460,22479,shape_vol_abbr_page,"11368 NL Inc., 2026",UNSUPPORTED,no,cross_boundary_invalid,cross_boundary_invalid,no,unverified (overlap only),
SCC,SCC_2026scc23,99770,99789,shape_vol_abbr_page,"11368 NL Inc., 2026",UNSUPPORTED,no,cross_boundary_invalid,cross_boundary_invalid,no,unverified (overlap only),
SCC,SCC_2026scc22,27566,27591,shape_vol_abbr_page,"974649 Ontario Inc., 2001",UNSUPPORTED,no,cross_boundary_invalid,cross_boundary_invalid,no,unverified (overlap only),
SCC,SCC_2026scc22,129919,129944,shape_vol_abbr_page,"974649 Ontario Inc., 2001",UNSUPPORTED,no,cross_boundary_invalid,cross_boundary_invalid,no,unverified (overlap only),
SCC,SCC_2026scc24,18619,18644,shape_vol_abbr_page,"974649 Ontario Inc., 2001",UNSUPPORTED,no,cross_boundary_invalid,cross_boundary_invalid,no,unverified (overlap only),
SCC,SCC_2026scc24,133845,133870,shape_vol_abbr_page,"974649 Ontario Inc., 2001",UNSUPPORTED,no,cross_boundary_invalid,cross_boundary_invalid,no,unverified (overlap only),
SCC,SCC_2025scc4,10269,10295,shape_vol_abbr_page,"2511311 Ontario Ltd., 2024",UNSUPPORTED,no,cross_boundary_invalid,cross_boundary_invalid,no,unverified (overlap only),
SCC,SCC_2025scc4,32960,32986,shape_vol_abbr_page,"2511311 Ontario Ltd., 2024",UNSUPPORTED,no,cross_boundary_invalid,cross_boundary_invalid,no,unverified (overlap only),
SCC,SCC_2025scc15,21631,21656,shape_vol_abbr_page,"974649 Ontario Inc., 2001",UNSUPPORTED,no,cross_boundary_invalid,cross_boundary_invalid,no,unverified (overlap only),
SCC,SCC_2025scc15,52518,52543,shape_vol_abbr_page,"974649 Ontario Inc., 2001",UNSUPPORTED,no,cross_boundary_invalid,cross_boundary_invalid,no,unverified (overlap only),
SCC,SCC_2024scc32,18526,18552,shape_vol_abbr_page,"1557359 Ontario Inc., 2012",UNSUPPORTED,no,cross_boundary_invalid,cross_boundary_invalid,no,unverified (overlap only),
SCC,SCC_2024scc32,22352,22378,shape_vol_abbr_page,"1557359 Ontario Inc., 2012",UNSUPPORTED,no,cross_boundary_invalid,cross_boundary_invalid,no,unverified (overlap only),
SCC,SCC_2024scc32,42130,42156,shape_vol_abbr_page,"1557359 Ontario Inc., 2012",UNSUPPORTED,no,cross_boundary_invalid,cross_boundary_invalid,no,unverified (overlap only),
SCC,SCC_2024scc32,137345,137371,shape_vol_abbr_page,"1557359 Ontario Inc., 2012",UNSUPPORTED,no,cross_boundary_invalid,cross_boundary_invalid,no,unverified (overlap only),
SCC,SCC_2024scc43,31558,31590,shape_vol_abbr_page,"6 B. Quebec Superior Court, 2021",UNSUPPORTED,no,cross_boundary_invalid,cross_boundary_invalid,no,unverified (overlap only),
SCC,SCC_2024scc43,31601,31634,shape_vol_abbr_page,"9 C. Quebec Court of Appeal, 2022",UNSUPPORTED,no,cross_boundary_invalid,cross_boundary_invalid,no,unverified (overlap only),
SCC,SCC_2024scc40,25631,25657,shape_vol_abbr_page,"1663066 Ontario Inc., 2009",UNSUPPORTED,no,cross_boundary_invalid,cross_boundary_invalid,no,unverified (overlap only),
SCC,SCC_2024scc40,29773,29799,shape_vol_abbr_page,"1663066 Ontario Inc., 2009",UNSUPPORTED,no,cross_boundary_invalid,cross_boundary_invalid,no,unverified (overlap only),
SCC,SCC_2024scc40,81667,81693,shape_vol_abbr_page,"1663066 Ontario Inc., 2009",UNSUPPORTED,no,cross_boundary_invalid,cross_boundary_invalid,no,unverified (overlap only),
SCC,SCC_2024scc40,149454,149480,shape_vol_abbr_page,"1663066 Ontario Inc., 2009",UNSUPPORTED,no,cross_boundary_invalid,cross_boundary_invalid,no,unverified (overlap only),
SCC,SCC_2024scc35,46288,46308,shape_vol_abbr_page,"3000 Inc. (Re), 2006",UNSUPPORTED,no,cross_boundary_invalid,cross_boundary_invalid,no,unverified (overlap only),
SCC,SCC_2024scc35,286760,286780,shape_vol_abbr_page,"3000 Inc. (Re), 2006",UNSUPPORTED,no,cross_boundary_invalid,cross_boundary_invalid,no,unverified (overlap only),
SCC,SCC_2026scc4,23613,23638,shape_vol_abbr_page,"3464920 Canada Inc., 2007",UNSUPPORTED,no,cross_boundary_invalid,cross_boundary_invalid,no,unverified (overlap only),
SCC,SCC_2026scc4,73816,73841,shape_vol_abbr_page,"3464920 Canada Inc., 2007",UNSUPPORTED,no,cross_boundary_invalid,cross_boundary_invalid,no,unverified (overlap only),
SCC,SCC_2025scc22,22252,22277,shape_vol_abbr_page,"974649 Ontario Inc., 2001",UNSUPPORTED,no,cross_boundary_invalid,cross_boundary_invalid,no,unverified (overlap only),
SCC,SCC_2025scc22,69930,69955,shape_vol_abbr_page,"974649 Ontario Inc., 2001",UNSUPPORTED,no,cross_boundary_invalid,cross_boundary_invalid,no,unverified (overlap only),
SCC,SCC_2025scc27,31948,31973,shape_vol_abbr_page,"4253311 Canada Inc., 2013",UNSUPPORTED,no,cross_boundary_invalid,cross_boundary_invalid,no,unverified (overlap only),
SCC,SCC_2025scc27,180520,180545,shape_vol_abbr_page,"4253311 Canada Inc., 2013",UNSUPPORTED,no,cross_boundary_invalid,cross_boundary_invalid,no,unverified (overlap only),
SCC,SCC_2025scc28,23442,23462,shape_vol_abbr_page,"3000 Inc. (Re), 2006",UNSUPPORTED,no,cross_boundary_invalid,cross_boundary_invalid,no,unverified (overlap only),
SCC,SCC_2025scc28,23697,23723,shape_vol_abbr_page,"1299781 Ontario Inc., 2017",UNSUPPORTED,no,cross_boundary_invalid,cross_boundary_invalid,no,unverified (overlap only),
SCC,SCC_2025scc28,71875,71895,shape_vol_abbr_page,"3000 Inc. (Re), 2006",UNSUPPORTED,no,cross_boundary_invalid,cross_boundary_invalid,no,unverified (overlap only),
SCC,SCC_2025scc28,75623,75649,shape_vol_abbr_page,"1299781 Ontario Inc., 2017",UNSUPPORTED,no,cross_boundary_invalid,cross_boundary_invalid,no,unverified (overlap only),
SCC,SCC_1960scr400,19125,19139,shape_vol_abbr_page,"15 C.R.I., 103",UNSUPPORTED,no,alternative_dominated_by_support,alternative_dominated_by_support,no,unverified (overlap only),
SCC,SCC_1973scr171,9529,9540,shape_vol_abbr_page,"9 Cir., 175",UNSUPPORTED,no,alternative_dominated_by_support,alternative_dominated_by_support,no,unverified (overlap only),
SCC,SCC_1924scr25,23413,23428,shape_bracket,[1874] Ir. R. 9,UNSUPPORTED,no,alternative_dominated_by_support,alternative_dominated_by_support,no,unverified (overlap only),
SCC,SCC_188613scr384,31866,31876,shape_vol_abbr_page,"1 L. R, 10",UNSUPPORTED,no,alternative_dominated_by_support,alternative_dominated_by_support,no,unverified (overlap only),
SCC,SCC_2015scc5,22059,22103,shape_vol_abbr_page,"16 B. British Columbia Court of Appeal, 2013",UNSUPPORTED,no,cross_boundary_invalid,cross_boundary_invalid,no,unverified (overlap only),
SCC,SCC_2015scc3,26899,26933,shape_vol_abbr_page,"9 B. Federal Court of Appeal, 2013",UNSUPPORTED,no,cross_boundary_invalid,cross_boundary_invalid,no,unverified (overlap only),
SCC,SCC_2012scc68,13663,13688,shape_vol_abbr_page,"3894207 Canada Inc., 2006",UNSUPPORTED,no,cross_boundary_invalid,cross_boundary_invalid,no,unverified (overlap only),
SCC,SCC_2012scc68,42823,42848,shape_vol_abbr_page,"3894207 Canada Inc., 2006",UNSUPPORTED,no,cross_boundary_invalid,cross_boundary_invalid,no,unverified (overlap only),
SCC,SCC_18816scr181,21095,21115,shape_vol_abbr_page,"21 L. C. J Duggan, 5",UNSUPPORTED,no,alternative_dominated_by_support,alternative_dominated_by_support,no,unverified (overlap only),
SCC,SCC_2013scc39,7371,7396,shape_vol_abbr_page,"3464920 Canada Inc., 2007",UNSUPPORTED,no,cross_boundary_invalid,cross_boundary_invalid,no,unverified (overlap only),
SCC,SCC_2013scc39,29343,29368,shape_vol_abbr_page,"3464920 Canada Inc., 2007",UNSUPPORTED,no,cross_boundary_invalid,cross_boundary_invalid,no,unverified (overlap only),
SCC,SCC_2013scc6,26618,26643,shape_vol_abbr_page,"3464920 Canada Inc., 2007",UNSUPPORTED,no,cross_boundary_invalid,cross_boundary_invalid,no,unverified (overlap only),
SCC,SCC_2013scc6,26685,26712,shape_vol_abbr_page,"1976 Debentureholders, 2008",UNSUPPORTED,no,cross_boundary_invalid,cross_boundary_invalid,no,unverified (overlap only),
SCC,SCC_2013scc6,164796,164821,shape_vol_abbr_page,"3464920 Canada Inc., 2007",UNSUPPORTED,no,cross_boundary_invalid,cross_boundary_invalid,no,unverified (overlap only),
SCC,SCC_2013scc43,14979,15004,shape_vol_abbr_page,"974649 Ontario Inc., 2001",UNSUPPORTED,no,cross_boundary_invalid,cross_boundary_invalid,no,unverified (overlap only),
SCC,SCC_2013scc43,77704,77729,shape_vol_abbr_page,"974649 Ontario Inc., 2001",UNSUPPORTED,no,cross_boundary_invalid,cross_boundary_invalid,no,unverified (overlap only),
SCC,SCC_2017scc39,8634,8661,shape_vol_abbr_page,"1976 Debentureholders, 2008",UNSUPPORTED,no,cross_boundary_invalid,cross_boundary_invalid,no,unverified (overlap only),
SCC,SCC_2017scc39,18319,18346,shape_vol_abbr_page,"1976 Debentureholders, 2008",UNSUPPORTED,no,cross_boundary_invalid,cross_boundary_invalid,no,unverified (overlap only),
SCC,SCC_2017scc26,11898,11923,shape_vol_abbr_page,"974649 Ontario Inc., 2001",UNSUPPORTED,no,cross_boundary_invalid,cross_boundary_invalid,no,unverified (overlap only),
SCC,SCC_2017scc26,31205,31230,shape_vol_abbr_page,"974649 Ontario Inc., 2001",UNSUPPORTED,no,cross_boundary_invalid,cross_boundary_invalid,no,unverified (overlap only),
SCC,SCC_2018scc15,52034,52061,shape_neutral_bare,"1854 Reciprocity Treaty, 10",UNSUPPORTED,no,span_alternative_undecided,span_alternative_undecided,no,unverified (overlap only),
SCC,SCC_2006scc4,146734,146776,shape_vol_abbr_page,"143 In Re California Water Service Co., 66",UNSUPPORTED,no,overlap_undecided,overlap_undecided,no,unverified (overlap only),
SCC,SCC_2018scc5,9270,9296,shape_vol_abbr_page,"2139138 Ontario Inc., 2010",UNSUPPORTED,no,cross_boundary_invalid,cross_boundary_invalid,no,unverified (overlap only),
SCC,SCC_2018scc5,41725,41751,shape_vol_abbr_page,"2139138 Ontario Inc., 2010",UNSUPPORTED,no,cross_boundary_invalid,cross_boundary_invalid,no,unverified (overlap only),
SCC,SCC_2018scc3,16702,16727,shape_vol_abbr_page,"974649 Ontario Inc., 2001",UNSUPPORTED,no,cross_boundary_invalid,cross_boundary_invalid,no,unverified (overlap only),
SCC,SCC_2018scc3,77353,77378,shape_vol_abbr_page,"974649 Ontario Inc., 2001",UNSUPPORTED,no,cross_boundary_invalid,cross_boundary_invalid,no,unverified (overlap only),
SCC,SCC_19982scr597,152818,152832,shape_vol_abbr_page,133 F.Supp. 40,US,yes,alternative_contained,overlap_undecided,no,unverified (overlap only),
SCC,SCC_2017scc22,17369,17394,shape_vol_abbr_page,"974649 Ontario Inc., 2001",UNSUPPORTED,no,cross_boundary_invalid,cross_boundary_invalid,no,unverified (overlap only),
SCC,SCC_2017scc22,143715,143740,shape_vol_abbr_page,"974649 Ontario Inc., 2001",UNSUPPORTED,no,cross_boundary_invalid,cross_boundary_invalid,no,unverified (overlap only),
SCC,SCC_2016scc30,19049,19074,shape_vol_abbr_page,"4253311 Canada Inc., 2013",UNSUPPORTED,no,cross_boundary_invalid,cross_boundary_invalid,no,unverified (overlap only),
SCC,SCC_2016scc30,63627,63652,shape_vol_abbr_page,"4253311 Canada Inc., 2013",UNSUPPORTED,no,cross_boundary_invalid,cross_boundary_invalid,no,unverified (overlap only),
SCC,SCC_2016scc37,12886,12912,shape_vol_abbr_page,"1088294 Alberta Ltd., 2015",UNSUPPORTED,no,cross_boundary_invalid,cross_boundary_invalid,no,unverified (overlap only),
SCC,SCC_2016scc37,15905,15931,shape_vol_abbr_page,"1088294 Alberta Ltd., 2015",UNSUPPORTED,no,cross_boundary_invalid,cross_boundary_invalid,no,unverified (overlap only),
SCC,SCC_2016scc37,32466,32492,shape_vol_abbr_page,"1088294 Alberta Ltd., 2015",UNSUPPORTED,no,cross_boundary_invalid,cross_boundary_invalid,no,unverified (overlap only),
SCC,SCC_2016scc37,95834,95860,shape_vol_abbr_page,"1088294 Alberta Ltd., 2015",UNSUPPORTED,no,cross_boundary_invalid,cross_boundary_invalid,no,unverified (overlap only),
SCC,SCC_2016scc18,11367,11389,shape_vol_abbr_page,"474835 B.C. Ltd., 2000",UNSUPPORTED,no,cross_boundary_invalid,cross_boundary_invalid,no,unverified (overlap only),
SCC,SCC_2016scc18,12229,12251,shape_vol_abbr_page,"474835 B.C. Ltd., 2000",UNSUPPORTED,no,cross_boundary_invalid,cross_boundary_invalid,no,unverified (overlap only),
SCC,SCC_2016scc18,12302,12325,shape_vol_abbr_page,"0775740 B.C. Ltd., 2015",UNSUPPORTED,no,cross_boundary_invalid,cross_boundary_invalid,no,unverified (overlap only),
SCC,SCC_2016scc18,38357,38379,shape_vol_abbr_page,"474835 B.C. Ltd., 2000",UNSUPPORTED,no,cross_boundary_invalid,cross_boundary_invalid,no,unverified (overlap only),
SCC,SCC_2016scc18,55022,55044,shape_vol_abbr_page,"474835 B.C. Ltd., 2000",UNSUPPORTED,no,cross_boundary_invalid,cross_boundary_invalid,no,unverified (overlap only),
SCC,SCC_2016scc18,55109,55132,shape_vol_abbr_page,"0775740 B.C. Ltd., 2015",UNSUPPORTED,no,cross_boundary_invalid,cross_boundary_invalid,no,unverified (overlap only),
SCC,SCC_2016scc47,18520,18553,shape_vol_abbr_page,"101027381 Saskatchewan Ltd., 2009",UNSUPPORTED,no,cross_boundary_invalid,cross_boundary_invalid,no,unverified (overlap only),
SCC,SCC_2016scc47,87846,87879,shape_vol_abbr_page,"101027381 Saskatchewan Ltd., 2009",UNSUPPORTED,no,cross_boundary_invalid,cross_boundary_invalid,no,unverified (overlap only),
SCC,SCC_2016scc51,17143,17170,shape_vol_abbr_page,"1976 Debentureholders, 2008",UNSUPPORTED,no,cross_boundary_invalid,cross_boundary_invalid,no,unverified (overlap only),
SCC,SCC_2016scc51,17667,17694,shape_vol_abbr_page,"1976 Debentureholders, 2008",UNSUPPORTED,no,cross_boundary_invalid,cross_boundary_invalid,no,unverified (overlap only),
SCC,SCC_2016scc51,17858,17885,shape_vol_abbr_page,"1976 Debentureholders, 2008",UNSUPPORTED,no,cross_boundary_invalid,cross_boundary_invalid,no,unverified (overlap only),
SCC,SCC_2016scc51,24953,24980,shape_vol_abbr_page,"1976 Debentureholders, 2008",UNSUPPORTED,no,cross_boundary_invalid,cross_boundary_invalid,no,unverified (overlap only),
SCC,SCC_2016scc51,68667,68694,shape_vol_abbr_page,"1976 Debentureholders, 2008",UNSUPPORTED,no,cross_boundary_invalid,cross_boundary_invalid,no,unverified (overlap only),
SCC,SCC_2016scc51,114471,114498,shape_vol_abbr_page,"1976 Debentureholders, 2008",UNSUPPORTED,no,cross_boundary_invalid,cross_boundary_invalid,no,unverified (overlap only),
SCC,SCC_2016scc56,15936,15962,shape_vol_abbr_page,"1177719 Alberta Ltd., 2016",UNSUPPORTED,no,cross_boundary_invalid,cross_boundary_invalid,no,unverified (overlap only),
SCC,SCC_2016scc56,81289,81315,shape_vol_abbr_page,"1177719 Alberta Ltd., 2016",UNSUPPORTED,no,cross_boundary_invalid,cross_boundary_invalid,no,unverified (overlap only),
SCC,SCC_2020scc13,54690,54734,shape_vol_abbr_page,"30 B. British Columbia Court of Appeal, 2018",UNSUPPORTED,no,cross_boundary_invalid,cross_boundary_invalid,no,unverified (overlap only),
SCC,SCC_2020scc22,19408,19434,shape_vol_abbr_page,"1610635 Alberta Inc., 2014",UNSUPPORTED,no,cross_boundary_invalid,cross_boundary_invalid,no,unverified (overlap only),
SCC,SCC_2020scc22,19928,19953,shape_vol_abbr_page,"751809 Ontario Inc., 2013",UNSUPPORTED,no,cross_boundary_invalid,cross_boundary_invalid,no,unverified (overlap only),
SCC,SCC_2020scc22,40230,40256,shape_vol_abbr_page,"1610635 Alberta Inc., 2014",UNSUPPORTED,no,cross_boundary_invalid,cross_boundary_invalid,no,unverified (overlap only),
SCC,SCC_2020scc22,51828,51853,shape_vol_abbr_page,"751809 Ontario Inc., 2013",UNSUPPORTED,no,cross_boundary_invalid,cross_boundary_invalid,no,unverified (overlap only),
SCC,SCC_2020scc19,25133,25158,shape_vol_abbr_page,"3464920 Canada Inc., 2007",UNSUPPORTED,no,cross_boundary_invalid,cross_boundary_invalid,no,unverified (overlap only),
SCC,SCC_2020scc19,145713,145738,shape_vol_abbr_page,"3464920 Canada Inc., 2007",UNSUPPORTED,no,cross_boundary_invalid,cross_boundary_invalid,no,unverified (overlap only),
SCC,SCC_2020scc16,35033,35059,shape_vol_abbr_page,"1216393 Ontario Inc., 2011",UNSUPPORTED,no,cross_boundary_invalid,cross_boundary_invalid,no,unverified (overlap only),
SCC,SCC_2020scc16,96162,96188,shape_vol_abbr_page,"1216393 Ontario Inc., 2011",UNSUPPORTED,no,cross_boundary_invalid,cross_boundary_invalid,no,unverified (overlap only),
SCC,SCC_2019scc66,18839,18864,shape_vol_abbr_page,"7262591 Canada Ltd., 2018",UNSUPPORTED,no,cross_boundary_invalid,cross_boundary_invalid,no,unverified (overlap only),
SCC,SCC_2019scc66,59515,59540,shape_vol_abbr_page,"7262591 Canada Ltd., 2018",UNSUPPORTED,no,cross_boundary_invalid,cross_boundary_invalid,no,unverified (overlap only),
SCC,SCC_2019scc65,54412,54437,shape_vol_abbr_page,"7262591 Canada Ltd., 2018",UNSUPPORTED,no,cross_boundary_invalid,cross_boundary_invalid,no,unverified (overlap only),
SCC,SCC_2019scc65,118154,118179,shape_vol_abbr_page,"7262591 Canada Ltd., 2018",UNSUPPORTED,no,cross_boundary_invalid,cross_boundary_invalid,no,unverified (overlap only),
SCC,SCC_2020scc5,33545,33570,shape_vol_abbr_page,"974649 Ontario Inc., 2001",UNSUPPORTED,no,cross_boundary_invalid,cross_boundary_invalid,no,unverified (overlap only),
SCC,SCC_2020scc4,108897,108931,shape_vol_abbr_page,"88 B. Quebec Court of Appeal, 2017",UNSUPPORTED,no,cross_boundary_invalid,cross_boundary_invalid,no,unverified (overlap only),
SCC,SCC_2020scc7,10373,10403,shape_vol_abbr_page,"8640025 Canada Inc. (Re), 2019",UNSUPPORTED,no,cross_boundary_invalid,cross_boundary_invalid,no,unverified (overlap only),
SCC,SCC_2020scc24,24661,24681,shape_vol_abbr_page,"3000 Inc. (Re), 2006",UNSUPPORTED,no,cross_boundary_invalid,cross_boundary_invalid,no,unverified (overlap only),
SCC,SCC_2020scc24,113795,113815,shape_vol_abbr_page,"3000 Inc. (Re), 2006",UNSUPPORTED,no,cross_boundary_invalid,cross_boundary_invalid,no,unverified (overlap only),
SCC,SCC_2020scc35,20735,20760,shape_vol_abbr_page,"470433 Alberta Ltd., 2000",UNSUPPORTED,no,cross_boundary_invalid,cross_boundary_invalid,no,unverified (overlap only),
SCC,SCC_2020scc35,67691,67716,shape_vol_abbr_page,"470433 Alberta Ltd., 2000",UNSUPPORTED,no,cross_boundary_invalid,cross_boundary_invalid,no,unverified (overlap only),
SCC,SCC_2020scc30,162240,162275,shape_vol_abbr_page,"177 B. Quebec Court of Appeal, 2017",UNSUPPORTED,no,cross_boundary_invalid,cross_boundary_invalid,no,unverified (overlap only),
SCC,SCC_2020scc38,42687,42712,shape_vol_abbr_page,"974649 Ontario Inc., 2001",UNSUPPORTED,no,cross_boundary_invalid,cross_boundary_invalid,no,unverified (overlap only),
SCC,SCC_2020scc38,258195,258220,shape_vol_abbr_page,"974649 Ontario Inc., 2001",UNSUPPORTED,no,cross_boundary_invalid,cross_boundary_invalid,no,unverified (overlap only),
SCC,SCC_19993scr569,6060,6072,shape_vol_abbr_page,497 U.S. 836,US,yes,alternative_contained,alternative_contained,no,unverified (overlap only),
SCC,SCC_19993scr569,6073,6101,shape_year_vol_page,"(1990), 1989 U.S. Briefs 478",UNSUPPORTED,no,alternative_dominated_by_support,alternative_dominated_by_support,no,unverified (overlap only),
SCC,SCC_2019scc7,18742,18767,shape_vol_abbr_page,"974649 Ontario Inc., 2001",UNSUPPORTED,no,cross_boundary_invalid,cross_boundary_invalid,no,unverified (overlap only),
SCC,SCC_2019scc7,43488,43513,shape_vol_abbr_page,"974649 Ontario Inc., 2001",UNSUPPORTED,no,cross_boundary_invalid,cross_boundary_invalid,no,unverified (overlap only),
SCC,SCC_2018scc46,29739,29773,shape_vol_abbr_page,"25 B. Quebec Court of Appeal, 2016",UNSUPPORTED,no,cross_boundary_invalid,cross_boundary_invalid,no,unverified (overlap only),
SCC,SCC_2019scc42,31145,31171,shape_vol_abbr_page,"1103919 Alberta Ltd., 2015",UNSUPPORTED,no,cross_boundary_invalid,cross_boundary_invalid,no,unverified (overlap only),
SCC,SCC_2019scc42,184762,184788,shape_vol_abbr_page,"1103919 Alberta Ltd., 2015",UNSUPPORTED,no,cross_boundary_invalid,cross_boundary_invalid,no,unverified (overlap only),
SCC,SCC_2019scc31,11858,11881,shape_vol_abbr_page,"0721464 B.C. Ltd., 2011",UNSUPPORTED,no,cross_boundary_invalid,cross_boundary_invalid,no,unverified (overlap only),
SCC,SCC_2019scc31,12273,12298,shape_vol_abbr_page,"974649 Ontario Inc., 2001",UNSUPPORTED,no,cross_boundary_invalid,cross_boundary_invalid,no,unverified (overlap only),
SCC,SCC_2019scc31,62427,62450,shape_vol_abbr_page,"0721464 B.C. Ltd., 2011",UNSUPPORTED,no,cross_boundary_invalid,cross_boundary_invalid,no,unverified (overlap only),
SCC,SCC_2019scc31,78322,78347,shape_vol_abbr_page,"974649 Ontario Inc., 2001",UNSUPPORTED,no,cross_boundary_invalid,cross_boundary_invalid,no,unverified (overlap only),
SCC,SCC_2015scc24,18511,18536,shape_vol_abbr_page,"974649 Ontario Inc., 2001",UNSUPPORTED,no,cross_boundary_invalid,cross_boundary_invalid,no,unverified (overlap only),
SCC,SCC_2015scc24,34701,34726,shape_vol_abbr_page,"974649 Ontario Inc., 2001",UNSUPPORTED,no,cross_boundary_invalid,cross_boundary_invalid,no,unverified (overlap only),
SCC,SCC_2015scc51,22406,22443,shape_vol_abbr_page,"407 ETR Concession Company Ltd., 2013",UNSUPPORTED,no,cross_boundary_invalid,cross_boundary_invalid,no,unverified (overlap only),
SCC,SCC_2015scc51,127943,127980,shape_vol_abbr_page,"407 ETR Concession Company Ltd., 2013",UNSUPPORTED,no,cross_boundary_invalid,cross_boundary_invalid,no,unverified (overlap only),
SCC,SCC_2015scc60,34276,34289,shape_vol_abbr_page,"36 Ltd., 2013",UNSUPPORTED,no,cross_boundary_invalid,cross_boundary_invalid,no,unverified (overlap only),
SCC,SCC_2015scc60,173371,173384,shape_vol_abbr_page,"36 Ltd., 2013",UNSUPPORTED,no,cross_boundary_invalid,cross_boundary_invalid,no,unverified (overlap only),
SCC,SCC_2015scc42,18945,18972,shape_vol_abbr_page,"1976 Debentureholders, 2008",UNSUPPORTED,no,cross_boundary_invalid,cross_boundary_invalid,no,unverified (overlap only),
SCC,SCC_2015scc42,115674,115701,shape_vol_abbr_page,"1976 Debentureholders, 2008",UNSUPPORTED,no,cross_boundary_invalid,cross_boundary_invalid,no,unverified (overlap only),
SCC,SCC_19902scr1029,11430,11457,shape_vol_page_year,35 L.R.A. (N.S.) 343 (1911),UNSUPPORTED,no,span_alternative_undecided,span_alternative_undecided,no,unverified (overlap only),
SCC,SCC_1958scr314,64275,64285,shape_vol_abbr_page,8 D.L.R. 2,CA,yes,alternative_contained,overlap_undecided,no,unverified (overlap only),
SCC,SCC_1958scr314,64344,64354,shape_vol_abbr_page,8 D.L.R. 4,CA,yes,alternative_contained,overlap_undecided,no,unverified (overlap only),
SCC,SCC_1965scr465,66459,66476,shape_year_vol_page,"(1873), 40 L.R. 4",UNSUPPORTED,no,alternative_dominated_by_support,alternative_dominated_by_support,no,unverified (overlap only),
SCC,SCC_2009scc8,23088,23109,shape_vol_abbr_page,"1 Federal Court, 2005",UNSUPPORTED,no,cross_boundary_invalid,cross_boundary_invalid,no,unverified (overlap only),
SCC,SCC_2009scc8,24495,24526,shape_vol_abbr_page,"2 Federal Court of Appeal, 2006",UNSUPPORTED,no,cross_boundary_invalid,cross_boundary_invalid,no,unverified (overlap only),
SCC,SCC_2009scc15,27030,27068,shape_vol_abbr_page,"1 British Columbia Supreme Court, 2005",UNSUPPORTED,no,cross_boundary_invalid,cross_boundary_invalid,no,unverified (overlap only),
SCC,SCC_2009scc15,28847,28887,shape_vol_abbr_page,"2 British Columbia Court of Appeal, 2007",UNSUPPORTED,no,cross_boundary_invalid,cross_boundary_invalid,no,unverified (overlap only),
SCC,SCC_2010scc56,15499,15519,shape_vol_abbr_page,"3000 Inc. (Re), 2006",UNSUPPORTED,no,cross_boundary_invalid,cross_boundary_invalid,no,unverified (overlap only),
SCC,SCC_2010scc56,61675,61695,shape_vol_abbr_page,"3000 Inc. (Re), 2006",UNSUPPORTED,no,cross_boundary_invalid,cross_boundary_invalid,no,unverified (overlap only),
SCC,SCC_2010scc62,12231,12256,shape_vol_abbr_page,"974649 Ontario Inc., 2001",UNSUPPORTED,no,cross_boundary_invalid,cross_boundary_invalid,no,unverified (overlap only),
SCC,SCC_2010scc62,52407,52432,shape_vol_abbr_page,"974649 Ontario Inc., 2001",UNSUPPORTED,no,cross_boundary_invalid,cross_boundary_invalid,no,unverified (overlap only),
SCC,SCC_2010scc22,13029,13054,shape_vol_abbr_page,"974649 Ontario Inc., 2001",UNSUPPORTED,no,cross_boundary_invalid,cross_boundary_invalid,no,unverified (overlap only),
SCC,SCC_2010scc22,20367,20392,shape_vol_abbr_page,"974649 Ontario Inc., 2001",UNSUPPORTED,no,cross_boundary_invalid,cross_boundary_invalid,no,unverified (overlap only),
SCC,SCC_2010scc63,6192,6217,shape_vol_abbr_page,"974649 Ontario Inc., 2001",UNSUPPORTED,no,cross_boundary_invalid,cross_boundary_invalid,no,unverified (overlap only),
SCC,SCC_2010scc63,23411,23436,shape_vol_abbr_page,"974649 Ontario Inc., 2001",UNSUPPORTED,no,cross_boundary_invalid,cross_boundary_invalid,no,unverified (overlap only),
SCC,SCC_2011scc44,17615,17640,shape_vol_abbr_page,"974649 Ontario Inc., 2001",UNSUPPORTED,no,cross_boundary_invalid,cross_boundary_invalid,no,unverified (overlap only),
SCC,SCC_2011scc44,107930,107955,shape_vol_abbr_page,"974649 Ontario Inc., 2001",UNSUPPORTED,no,cross_boundary_invalid,cross_boundary_invalid,no,unverified (overlap only),
SCC,SCC_2011scc27,10624,10649,shape_vol_abbr_page,"3894207 Canada Inc., 2006",UNSUPPORTED,no,cross_boundary_invalid,cross_boundary_invalid,no,unverified (overlap only),
SCC,SCC_2011scc27,13443,13468,shape_vol_abbr_page,"3894207 Canada Inc., 2006",UNSUPPORTED,no,cross_boundary_invalid,cross_boundary_invalid,no,unverified (overlap only),
SCC,SCC_2011scc5,12003,12028,shape_vol_abbr_page,"974649 Ontario Inc., 2001",UNSUPPORTED,no,cross_boundary_invalid,cross_boundary_invalid,no,unverified (overlap only),
SCC,SCC_2011scc5,55396,55421,shape_vol_abbr_page,"974649 Ontario Inc., 2001",UNSUPPORTED,no,cross_boundary_invalid,cross_boundary_invalid,no,unverified (overlap only),
SCC,SCC_2011scc20,50293,50328,shape_vol_abbr_page,"13 B. Ontario Court of Appeal, 2008",UNSUPPORTED,no,cross_boundary_invalid,cross_boundary_invalid,no,unverified (overlap only),
SCC,SCC_2011scc23,19106,19148,shape_vol_abbr_page,"19 A. British Columbia Supreme Court, 2007",UNSUPPORTED,no,cross_boundary_invalid,cross_boundary_invalid,no,unverified (overlap only),
SCC,SCC_2011scc23,19183,19227,shape_vol_abbr_page,"19 B. British Columbia Court of Appeal, 2009",UNSUPPORTED,no,cross_boundary_invalid,cross_boundary_invalid,no,unverified (overlap only),
SCC,SCC_2009scc43,15835,15857,shape_vol_abbr_page,"689720 B.C. Ltd., 2006",UNSUPPORTED,no,cross_boundary_invalid,cross_boundary_invalid,no,unverified (overlap only),
SCC,SCC_2009scc43,83097,83119,shape_vol_abbr_page,"689720 B.C. Ltd., 2006",UNSUPPORTED,no,cross_boundary_invalid,cross_boundary_invalid,no,unverified (overlap only),
SCC,SCC_2009scc48,11500,11525,shape_vol_abbr_page,"3464920 Canada Inc., 2007",UNSUPPORTED,no,cross_boundary_invalid,cross_boundary_invalid,no,unverified (overlap only),
SCC,SCC_2009scc48,37833,37858,shape_vol_abbr_page,"3464920 Canada Inc., 2007",UNSUPPORTED,no,cross_boundary_invalid,cross_boundary_invalid,no,unverified (overlap only),
SCC,SCC_2009scc59,9351,9376,shape_vol_abbr_page,"539938 Ontario Ltd., 2001",UNSUPPORTED,no,cross_boundary_invalid,cross_boundary_invalid,no,unverified (overlap only),
SCC,SCC_2009scc59,55364,55389,shape_vol_abbr_page,"539938 Ontario Ltd., 2001",UNSUPPORTED,no,cross_boundary_invalid,cross_boundary_invalid,no,unverified (overlap only),
SCC,SCC_1924scr605,15681,15694,shape_bracket,[1870] L.R. 6,UNSUPPORTED,no,alternative_dominated_by_support,alternative_dominated_by_support,no,unverified (overlap only),
SCC,SCC_2009scc38,8980,9005,shape_vol_abbr_page,"974649 Ontario Inc., 2001",UNSUPPORTED,no,cross_boundary_invalid,cross_boundary_invalid,no,unverified (overlap only),
SCC,SCC_2009scc38,39128,39153,shape_vol_abbr_page,"974649 Ontario Inc., 2001",UNSUPPORTED,no,cross_boundary_invalid,cross_boundary_invalid,no,unverified (overlap only),
SCC,SCC_19521scr508,30926,30935,shape_vol_abbr_page,7 Q.R. 37,UNSUPPORTED,no,alternative_dominated_by_support,alternative_dominated_by_support,no,unverified (overlap only),
SCC,SCC_19521scr508,30998,31008,shape_vol_abbr_page,10 Q.R. 33,UNSUPPORTED,no,alternative_dominated_by_support,alternative_dominated_by_support,no,unverified (overlap only),
SCC,SCC_19521scr508,31076,31086,shape_vol_abbr_page,13 Q.R. 36,UNSUPPORTED,no,alternative_dominated_by_support,alternative_dominated_by_support,no,unverified (overlap only),
SCC,SCC_19521scr521,119839,119848,shape_vol_abbr_page,5 Q.R. 20,UNSUPPORTED,no,alternative_dominated_by_support,alternative_dominated_by_support,no,unverified (overlap only),
SCC,SCC_19521scr521,120361,120371,shape_vol_abbr_page,29 Q.R. 19,UNSUPPORTED,no,alternative_dominated_by_support,alternative_dominated_by_support,no,unverified (overlap only),
SCC,SCC_19521scr28,159065,159075,shape_vol_abbr_page,12 Q.R. 22,UNSUPPORTED,no,alternative_dominated_by_support,alternative_dominated_by_support,no,unverified (overlap only),
SCC,SCC_19521scr28,159114,159124,shape_vol_abbr_page,"14 Q.R, 64",UNSUPPORTED,no,alternative_dominated_by_support,alternative_dominated_by_support,no,unverified (overlap only),
SCC,SCC_19521scr222,24689,24698,shape_vol_abbr_page,4 Q.R. 23,UNSUPPORTED,no,alternative_dominated_by_support,alternative_dominated_by_support,no,unverified (overlap only),
SCC,SCC_19752scr222,16763,16774,shape_vol_abbr_page,"8 Cir., 102",UNSUPPORTED,no,alternative_dominated_by_support,alternative_dominated_by_support,no,unverified (overlap only),
SCC,SCC_1974scr1286,62879,62890,shape_vol_abbr_page,"2 Cir., 105",UNSUPPORTED,no,alternative_dominated_by_support,alternative_dominated_by_support,no,unverified (overlap only),
SCC,SCC_1974scr1286,63434,63444,shape_vol_abbr_page,"2 Cir., 75",UNSUPPORTED,no,alternative_dominated_by_support,alternative_dominated_by_support,no,unverified (overlap only),
SCC,SCC_192264scr182,44175,44188,shape_bracket,[1871] L.R. 7,UNSUPPORTED,no,alternative_dominated_by_support,alternative_dominated_by_support,no,unverified (overlap only),
SCC,SCC_1971scr101,21865,21876,shape_vol_abbr_page,45 C.R. 401,CA,yes,alternative_contained,overlap_undecided,no,unverified (overlap only),
ONCA,ONCA_2017onca1014,39517,39544,shape_vol_abbr_page,"1976 Debentureholders, 2008",UNSUPPORTED,no,cross_boundary_invalid,cross_boundary_invalid,no,unverified (overlap only),
ONCA,ONCA_2017onca1007,34136,34162,shape_vol_abbr_page,"2281927 Ontario Ltd., 2016",UNSUPPORTED,no,cross_boundary_invalid,cross_boundary_invalid,no,unverified (overlap only),
ONCA,ONCA_2017onca972,3919,3945,shape_vol_abbr_page,"1636891 Ontario Inc., 2012",UNSUPPORTED,no,cross_boundary_invalid,cross_boundary_invalid,no,unverified (overlap only),
ONCA,ONCA_2018onca98,19268,19294,shape_vol_abbr_page,"1232291 Ontario Inc., 2015",UNSUPPORTED,no,cross_boundary_invalid,cross_boundary_invalid,no,unverified (overlap only),
ONCA,ONCA_2018onca62,26341,26367,shape_vol_abbr_page,"2249027 Ontario Inc., 2015",UNSUPPORTED,no,cross_boundary_invalid,cross_boundary_invalid,no,unverified (overlap only),
ONCA,ONCA_2018onca12,13327,13353,shape_vol_abbr_page,"1728106 Ontario Inc., 2017",UNSUPPORTED,no,cross_boundary_invalid,cross_boundary_invalid,no,unverified (overlap only),
ONCA,ONCA_2018onca23,2598,2624,shape_vol_abbr_page,"2057161 Ontario Inc., 2015",UNSUPPORTED,no,cross_boundary_invalid,cross_boundary_invalid,no,unverified (overlap only),
ONCA,ONCA_2017onca827,8491,8517,shape_vol_abbr_page,"1372708 Ontario Inc., 2017",UNSUPPORTED,no,cross_boundary_invalid,cross_boundary_invalid,no,unverified (overlap only),
ONCA,ONCA_2017onca889,28958,28984,shape_vol_abbr_page,"1728106 Ontario Inc., 2017",UNSUPPORTED,no,cross_boundary_invalid,cross_boundary_invalid,no,unverified (overlap only),
ONCA,ONCA_2017onca919,7771,7797,shape_vol_abbr_page,"1636891 Ontario Inc., 2012",UNSUPPORTED,no,cross_boundary_invalid,cross_boundary_invalid,no,unverified (overlap only),
ONCA,ONCA_2017onca769,8819,8845,shape_vol_abbr_page,"2057161 Ontario Inc., 2015",UNSUPPORTED,no,cross_boundary_invalid,cross_boundary_invalid,no,unverified (overlap only),
ONCA,ONCA_2018onca322,9235,9260,shape_vol_abbr_page,"1275729 Ontario Inc., 205",UNSUPPORTED,no,alternative_dominated_by_support,alternative_dominated_by_support,no,unverified (overlap only),
ONCA,ONCA_2018onca412,7559,7585,shape_vol_abbr_page,"1663066 Ontario Inc., 2009",UNSUPPORTED,no,cross_boundary_invalid,cross_boundary_invalid,no,unverified (overlap only),
ONCA,ONCA_2018onca374,25649,25675,shape_vol_abbr_page,"1728106 Ontario Inc., 2017",UNSUPPORTED,no,cross_boundary_invalid,cross_boundary_invalid,no,unverified (overlap only),
ONCA,ONCA_2018onca253,58393,58419,shape_vol_abbr_page,"2012241 Ontario Ltd., 2012",UNSUPPORTED,no,cross_boundary_invalid,cross_boundary_invalid,no,unverified (overlap only),
ONCA,ONCA_2018onca192,15481,15507,shape_vol_abbr_page,"1535709 Ontario Ltd., 2011",UNSUPPORTED,no,cross_boundary_invalid,cross_boundary_invalid,no,unverified (overlap only),
ONCA,ONCA_2017onca320,45720,45747,shape_vol_abbr_page,"1976 Debentureholders, 2008",UNSUPPORTED,no,cross_boundary_invalid,cross_boundary_invalid,no,unverified (overlap only),
ONCA,ONCA_2017onca320,87210,87236,shape_vol_abbr_page,"1214125 Ontario Ltd., 2009",UNSUPPORTED,no,cross_boundary_invalid,cross_boundary_invalid,no,unverified (overlap only),
ONCA,ONCA_2017onca295,3533,3559,shape_vol_abbr_page,"1728106 Ontario Inc., 2017",UNSUPPORTED,no,cross_boundary_invalid,cross_boundary_invalid,no,unverified (overlap only),
ONCA,ONCA_2017onca293,1543,1569,shape_vol_abbr_page,"1728106 Ontario Inc., 2016",UNSUPPORTED,no,cross_boundary_invalid,cross_boundary_invalid,no,unverified (overlap only),
ONCA,ONCA_2017onca293,1687,1713,shape_vol_abbr_page,"1728106 Ontario Inc., 2016",UNSUPPORTED,no,cross_boundary_invalid,cross_boundary_invalid,no,unverified (overlap only),
ONCA,ONCA_2017onca414,16368,16394,shape_vol_abbr_page,"1520658 Ontario Inc., 2011",UNSUPPORTED,no,cross_boundary_invalid,cross_boundary_invalid,no,unverified (overlap only),
ONCA,ONCA_2017onca362,11653,11678,shape_vol_abbr_page,"3464920 Canada Inc., 2007",UNSUPPORTED,no,cross_boundary_invalid,cross_boundary_invalid,no,unverified (overlap only),
ONCA,ONCA_2017onca359,6201,6230,shape_vol_abbr_page,"1100828 Ontario Limited, 2012",UNSUPPORTED,no,cross_boundary_invalid,cross_boundary_invalid,no,unverified (overlap only),
ONCA,ONCA_2017onca145,3748,3773,shape_vol_abbr_page,"814888 Ontario Inc., 2012",UNSUPPORTED,no,cross_boundary_invalid,cross_boundary_invalid,no,unverified (overlap only),
ONCA,ONCA_2017onca142,13625,13653,shape_vol_abbr_page,"407 ETR Concession Co., 2008",UNSUPPORTED,no,cross_boundary_invalid,cross_boundary_invalid,no,unverified (overlap only),
ONCA,ONCA_2017onca184,10051,10073,shape_vol_abbr_page,"465404 B.C. Inc., 1999",UNSUPPORTED,no,cross_boundary_invalid,cross_boundary_invalid,no,unverified (overlap only),
ONCA,ONCA_2017onca184,35981,36014,shape_vol_abbr_page,"1960 Queen Street East Ltd., 2016",UNSUPPORTED,no,cross_boundary_invalid,cross_boundary_invalid,no,unverified (overlap only),
ONCA,ONCA_2017onca218,692,718,shape_vol_abbr_page,"1165996 Ontario Inc., 2017",UNSUPPORTED,no,cross_boundary_invalid,cross_boundary_invalid,no,unverified (overlap only),
ONCA,ONCA_2017onca655,32747,32772,shape_vol_abbr_page,"974649 Ontario Inc., 2001",UNSUPPORTED,no,cross_boundary_invalid,cross_boundary_invalid,no,unverified (overlap only),
ONCA,ONCA_2017onca633,35511,35539,shape_neutral_bare,"1976 Debenture Holders, 2008",UNSUPPORTED,no,cross_boundary_invalid,cross_boundary_invalid,no,unverified (overlap only),
ONCA,ONCA_2017onca719,20591,20615,shape_vol_abbr_page,"121851 Canada Inc., 2015",UNSUPPORTED,no,cross_boundary_invalid,cross_boundary_invalid,no,unverified (overlap only),
ONCA,ONCA_2017onca717,31866,31892,shape_vol_abbr_page,"2014052 Ontario Ltd., 2012",UNSUPPORTED,no,cross_boundary_invalid,cross_boundary_invalid,no,unverified (overlap only),
ONCA,ONCA_2017onca486,6912,6929,shape_vol_abbr_page,"474835 Ltd., 2000",UNSUPPORTED,no,cross_boundary_invalid,cross_boundary_invalid,no,unverified (overlap only),
ONCA,ONCA_2017onca432,45110,45135,shape_vol_abbr_page,"974649 Ontario Inc., 2001",UNSUPPORTED,no,cross_boundary_invalid,cross_boundary_invalid,no,unverified (overlap only),
ONCA,ONCA_2017onca471,5614,5640,shape_vol_abbr_page,"2264145 Ontario Inc., 2014",UNSUPPORTED,no,cross_boundary_invalid,cross_boundary_invalid,no,unverified (overlap only),
ONCA,ONCA_2017onca594,10501,10527,shape_vol_abbr_page,"1728106 Ontario Inc., 2016",UNSUPPORTED,no,cross_boundary_invalid,cross_boundary_invalid,no,unverified (overlap only),
ONCA,ONCA_2017onca594,10604,10630,shape_vol_abbr_page,"1728106 Ontario Inc., 2017",UNSUPPORTED,no,cross_boundary_invalid,cross_boundary_invalid,no,unverified (overlap only),
ONCA,ONCA_2017onca579,11057,11082,shape_vol_abbr_page,"974649 Ontario Inc., 2001",UNSUPPORTED,no,cross_boundary_invalid,cross_boundary_invalid,no,unverified (overlap only),
ONCA,ONCA_2017onca532,19199,19225,shape_vol_abbr_page,"1299781 Ontario Inc., 2017",UNSUPPORTED,no,cross_boundary_invalid,cross_boundary_invalid,no,unverified (overlap only),
ONCA,ONCA_2017onca544,14050,14076,shape_vol_abbr_page,"1728106 Ontario Inc., 2017",UNSUPPORTED,no,cross_boundary_invalid,cross_boundary_invalid,no,unverified (overlap only),
ONCA,ONCA_2017onca544,166143,166168,shape_vol_abbr_page,"3464920 Canada Inc., 2007",UNSUPPORTED,no,cross_boundary_invalid,cross_boundary_invalid,no,unverified (overlap only),
ONCA,ONCA_2019onca286,4216,4242,shape_vol_abbr_page,"1728106 Ontario Inc., 2016",UNSUPPORTED,no,cross_boundary_invalid,cross_boundary_invalid,no,unverified (overlap only),
ONCA,ONCA_2019onca286,20041,20067,shape_vol_abbr_page,"1842259 Ontario Ltd., 2018",UNSUPPORTED,no,cross_boundary_invalid,cross_boundary_invalid,no,unverified (overlap only),
ONCA,ONCA_2019onca286,23253,23279,shape_vol_abbr_page,"1842259 Ontario Ltd., 2018",UNSUPPORTED,no,cross_boundary_invalid,cross_boundary_invalid,no,unverified (overlap only),
ONCA,ONCA_2019onca269,12229,12269,shape_vol_abbr_page,"407 ETR Concession Company Limited, 2012",UNSUPPORTED,no,cross_boundary_invalid,cross_boundary_invalid,no,unverified (overlap only),
ONCA,ONCA_2019onca389,9869,9895,shape_vol_abbr_page,"1165996 Ontario Inc., 2017",UNSUPPORTED,no,cross_boundary_invalid,cross_boundary_invalid,no,unverified (overlap only),
ONCA,ONCA_2019onca134,10224,10250,shape_vol_abbr_page,"1435375 Ontario Ltd., 2013",UNSUPPORTED,no,cross_boundary_invalid,cross_boundary_invalid,no,unverified (overlap only),
ONCA,ONCA_2019onca66,12213,12239,shape_vol_abbr_page,"2261116 Ontario Inc., 2017",UNSUPPORTED,no,cross_boundary_invalid,cross_boundary_invalid,no,unverified (overlap only),
ONCA,ONCA_2019onca213,20041,20067,shape_vol_abbr_page,"2014052 Ontario Ltd., 2012",UNSUPPORTED,no,cross_boundary_invalid,cross_boundary_invalid,no,unverified (overlap only),
ONCA,ONCA_2019onca628,22969,22995,shape_vol_abbr_page,"1728106 Ontario Inc., 2016",UNSUPPORTED,no,cross_boundary_invalid,cross_boundary_invalid,no,unverified (overlap only),
ONCA,ONCA_2019onca616,30344,30370,shape_vol_abbr_page,"2164017 Ontario Ltd., 2016",UNSUPPORTED,no,cross_boundary_invalid,cross_boundary_invalid,no,unverified (overlap only),
ONCA,ONCA_2019onca654,36495,36521,shape_vol_abbr_page,"2453912 Ontario Inc., 2019",UNSUPPORTED,no,cross_boundary_invalid,cross_boundary_invalid,no,unverified (overlap only),
ONCA,ONCA_2019onca746,6484,6510,shape_vol_abbr_page,"2099232 Ontario Inc., 2018",UNSUPPORTED,no,cross_boundary_invalid,cross_boundary_invalid,no,unverified (overlap only),
ONCA,ONCA_2019onca746,6628,6654,shape_vol_abbr_page,"1440254 Ontario Ltd., 2018",UNSUPPORTED,no,cross_boundary_invalid,cross_boundary_invalid,no,unverified (overlap only),
ONCA,ONCA_2019onca733,52305,52329,shape_vol_abbr_page,"24 Gold Group Ltd., 2018",UNSUPPORTED,no,cross_boundary_invalid,cross_boundary_invalid,no,unverified (overlap only),
ONCA,ONCA_2019onca576,4512,4538,shape_vol_abbr_page,"1372708 Ontario Inc., 2017",UNSUPPORTED,no,cross_boundary_invalid,cross_boundary_invalid,no,unverified (overlap only),
ONCA,ONCA_2019onca448,2454,2480,shape_vol_abbr_page,"1657593 Ontario Inc., 2015",UNSUPPORTED,no,cross_boundary_invalid,cross_boundary_invalid,no,unverified (overlap only),
ONCA,ONCA_2019onca449,20207,20233,shape_vol_abbr_page,"1657593 Ontario Inc., 2015",UNSUPPORTED,no,cross_boundary_invalid,cross_boundary_invalid,no,unverified (overlap only),
ONCA,ONCA_2019onca397,6297,6322,shape_vol_abbr_page,"6274013 Canada Ltd., 2012",UNSUPPORTED,no,cross_boundary_invalid,cross_boundary_invalid,no,unverified (overlap only),
ONCA,ONCA_2019onca547,25392,25418,shape_vol_abbr_page,"1728106 Ontario Inc., 2016",UNSUPPORTED,no,cross_boundary_invalid,cross_boundary_invalid,no,unverified (overlap only),
ONCA,ONCA_2019onca581,8401,8427,shape_vol_abbr_page,"8758603 Canada Corp., 2019",UNSUPPORTED,no,cross_boundary_invalid,cross_boundary_invalid,no,unverified (overlap only),
ONCA,ONCA_2019onca508,67076,67102,shape_vol_abbr_page,"2012241 Ontario Ltd., 2012",UNSUPPORTED,no,cross_boundary_invalid,cross_boundary_invalid,no,unverified (overlap only),
ONCA,ONCA_2019onca508,77801,77842,shape_vol_abbr_page,"407 ETR Concession Company Limited., 2013",UNSUPPORTED,no,cross_boundary_invalid,cross_boundary_invalid,no,unverified (overlap only),
ONCA,ONCA_2019onca525,47933,47960,shape_vol_abbr_page,"1976 Debentureholders, 2008",UNSUPPORTED,no,cross_boundary_invalid,cross_boundary_invalid,no,unverified (overlap only),
ONCA,ONCA_2019onca525,89010,89036,shape_vol_abbr_page,"1540957 Ontario Inc., 2011",UNSUPPORTED,no,cross_boundary_invalid,cross_boundary_invalid,no,unverified (overlap only),
ONCA,ONCA_2018onca686,32579,32604,shape_vol_abbr_page,"6711162 Canada Inc., 2014",UNSUPPORTED,no,cross_boundary_invalid,cross_boundary_invalid,no,unverified (overlap only),
ONCA,ONCA_2018onca626,43831,43857,shape_vol_abbr_page,"1682787 Ontario Inc., 2011",UNSUPPORTED,no,cross_boundary_invalid,cross_boundary_invalid,no,unverified (overlap only),
ONCA,ONCA_2018onca649,12401,12427,shape_vol_abbr_page,"1714104 Ontario Inc., 2013",UNSUPPORTED,no,cross_boundary_invalid,cross_boundary_invalid,no,unverified (overlap only),
ONCA,ONCA_2018onca637,37805,37831,shape_vol_abbr_page,"1728106 Ontario Inc., 2016",UNSUPPORTED,no,cross_boundary_invalid,cross_boundary_invalid,no,unverified (overlap only),
ONCA,ONCA_2018onca504,5654,5679,shape_vol_abbr_page,"6274013 Canada Ltd., 2012",UNSUPPORTED,no,cross_boundary_invalid,cross_boundary_invalid,no,unverified (overlap only),
ONCA,ONCA_2018onca521,2447,2473,shape_vol_abbr_page,"1714104 Ontario Inc., 2013",UNSUPPORTED,no,cross_boundary_invalid,cross_boundary_invalid,no,unverified (overlap only),
ONCA,ONCA_2018onca467,6490,6516,shape_vol_abbr_page,"1728106 Ontario Inc., 2016",UNSUPPORTED,no,cross_boundary_invalid,cross_boundary_invalid,no,unverified (overlap only),
ONCA,ONCA_2018onca519,7558,7584,shape_vol_abbr_page,"2063881 Ontario Inc., 2013",UNSUPPORTED,no,cross_boundary_invalid,cross_boundary_invalid,no,unverified (overlap only),
ONCA,ONCA_2018onca571,29511,29537,shape_vol_abbr_page,"1728106 Ontario Inc., 2017",UNSUPPORTED,no,cross_boundary_invalid,cross_boundary_invalid,no,unverified (overlap only),
ONCA,ONCA_2018onca999,33423,33453,shape_vol_abbr_page,"8477 Darlington Crescent, 2011",UNSUPPORTED,no,cross_boundary_invalid,cross_boundary_invalid,no,unverified (overlap only),
ONCA,ONCA_2019onca23,34569,34582,shape_vol_abbr_page,"36 Ltd., 2013",UNSUPPORTED,no,cross_boundary_invalid,cross_boundary_invalid,no,unverified (overlap only),
ONCA,ONCA_2019onca31,24200,24230,shape_vol_abbr_page,"8477 Darlington Crescent, 2011",UNSUPPORTED,no,cross_boundary_invalid,cross_boundary_invalid,no,unverified (overlap only),
ONCA,ONCA_2019onca31,31630,31654,shape_vol_abbr_page,"714 Railton Avenue, 2014",UNSUPPORTED,no,cross_boundary_invalid,cross_boundary_invalid,no,unverified (overlap only),
ONCA,ONCA_2019onca30,34739,34764,shape_vol_abbr_page,"819743 Ontario Inc., 2013",UNSUPPORTED,no,cross_boundary_invalid,cross_boundary_invalid,no,unverified (overlap only),
ONCA,ONCA_2019onca43,11913,11940,shape_vol_abbr_page,"1976 Debentureholders, 2008",UNSUPPORTED,no,cross_boundary_invalid,cross_boundary_invalid,no,unverified (overlap only),
ONCA,ONCA_2019onca26,9440,9465,shape_vol_abbr_page,"814888 Ontario Inc., 2012",UNSUPPORTED,no,cross_boundary_invalid,cross_boundary_invalid,no,unverified (overlap only),
ONCA,ONCA_2018onca954,10020,10045,shape_vol_abbr_page,"605446 Ontario Ltd., 2016",UNSUPPORTED,no,cross_boundary_invalid,cross_boundary_invalid,no,unverified (overlap only),
ONCA,ONCA_2018onca819,22071,22097,shape_vol_abbr_page,"1103919 Alberta Ltd., 2015",UNSUPPORTED,no,cross_boundary_invalid,cross_boundary_invalid,no,unverified (overlap only),
ONCA,ONCA_2018onca848,7452,7478,shape_vol_abbr_page,"1299781 Ontario Inc., 2017",UNSUPPORTED,no,cross_boundary_invalid,cross_boundary_invalid,no,unverified (overlap only),
ONCA,ONCA_2018onca975,13963,13988,shape_vol_abbr_page,"974649 Ontario Inc., 2001",UNSUPPORTED,no,cross_boundary_invalid,cross_boundary_invalid,no,unverified (overlap only),
ONCA,ONCA_2018onca897,8490,8516,shape_vol_abbr_page,"1299781 Ontario Inc., 2017",UNSUPPORTED,no,cross_boundary_invalid,cross_boundary_invalid,no,unverified (overlap only),
ONCA,ONCA_2015onca180,6069,6095,shape_vol_abbr_page,"1610396 Ontario Inc., 2013",UNSUPPORTED,no,cross_boundary_invalid,cross_boundary_invalid,no,unverified (overlap only),
ONCA,ONCA_2015onca233,8286,8312,shape_vol_abbr_page,"1714104 Ontario Inc., 2013",UNSUPPORTED,no,cross_boundary_invalid,cross_boundary_invalid,no,unverified (overlap only),
ONCA,ONCA_2015onca233,31887,31913,shape_vol_abbr_page,"1153696 Alberta Ltd., 2011",UNSUPPORTED,no,cross_boundary_invalid,cross_boundary_invalid,no,unverified (overlap only),
ONCA,ONCA_2015onca173,9546,9571,shape_vol_abbr_page,"6274013 Canada Ltd., 2012",UNSUPPORTED,no,cross_boundary_invalid,cross_boundary_invalid,no,unverified (overlap only),
ONCA,ONCA_2015onca251,6082,6108,shape_vol_abbr_page,"1636891 Ontario Inc., 2012",UNSUPPORTED,no,cross_boundary_invalid,cross_boundary_invalid,no,unverified (overlap only),
ONCA,ONCA_2015onca4,16062,16087,shape_vol_abbr_page,"6274013 Canada Ltd., 2012",UNSUPPORTED,no,cross_boundary_invalid,cross_boundary_invalid,no,unverified (overlap only),
ONCA,ONCA_2014onca871,4289,4314,shape_vol_abbr_page,"6274013 Canada Ltd., 2012",UNSUPPORTED,no,cross_boundary_invalid,cross_boundary_invalid,no,unverified (overlap only),
ONCA,ONCA_2015onca28,12493,12518,shape_vol_abbr_page,"6274013 Canada Ltd., 2012",UNSUPPORTED,no,cross_boundary_invalid,cross_boundary_invalid,no,unverified (overlap only),
ONCA,ONCA_2015onca102,10900,10929,shape_vol_abbr_page,"1707590 Ontario Limited, 2014",UNSUPPORTED,no,cross_boundary_invalid,cross_boundary_invalid,no,unverified (overlap only),
ONCA,ONCA_2015onca56,30467,30493,shape_vol_abbr_page,"1486448 Ontario Inc., 2012",UNSUPPORTED,no,cross_boundary_invalid,cross_boundary_invalid,no,unverified (overlap only),
ONCA,ONCA_2015onca553,12603,12631,shape_vol_abbr_page,"407 ETR Concession Co., 2012",UNSUPPORTED,no,cross_boundary_invalid,cross_boundary_invalid,no,unverified (overlap only),
ONCA,ONCA_2015onca466,5545,5571,shape_vol_abbr_page,"1714104 Ontario Inc., 2013",UNSUPPORTED,no,cross_boundary_invalid,cross_boundary_invalid,no,unverified (overlap only),
ONCA,ONCA_2015onca465,3079,3116,shape_vol_abbr_page,"407 ETR Concession Company Ltd., 2013",UNSUPPORTED,no,cross_boundary_invalid,cross_boundary_invalid,no,unverified (overlap only),
ONCA,ONCA_2015onca592,2514,2539,shape_vol_abbr_page,"6274013 Canada Ltd., 2012",UNSUPPORTED,no,cross_boundary_invalid,cross_boundary_invalid,no,unverified (overlap only),
ONCA,ONCA_2015onca594,913,937,shape_vol_abbr_page,"511825 Ontario Inc., 171",UNSUPPORTED,no,alternative_dominated_by_support,alternative_dominated_by_support,no,unverified (overlap only),
ONCA,ONCA_2015onca317,34944,34969,shape_vol_abbr_page,"974649 Ontario Inc., 2001",UNSUPPORTED,no,cross_boundary_invalid,cross_boundary_invalid,no,unverified (overlap only),
ONCA,ONCA_2015onca317,40144,40169,shape_vol_abbr_page,"974649 Ontario Inc., 2001",UNSUPPORTED,no,cross_boundary_invalid,cross_boundary_invalid,no,unverified (overlap only),
ONCA,ONCA_2015onca331,33090,33115,shape_vol_abbr_page,"395342 Alberta Ltd., 2004",UNSUPPORTED,no,cross_boundary_invalid,cross_boundary_invalid,no,unverified (overlap only),
ONCA,ONCA_2014onca395,2646,2668,shape_vol_abbr_page,"51 Taylor Avenue, 2014",UNSUPPORTED,no,cross_boundary_invalid,cross_boundary_invalid,no,unverified (overlap only),
ONCA,ONCA_2014onca395,2712,2736,shape_vol_abbr_page,"714 Railton Avenue, 2014",UNSUPPORTED,no,cross_boundary_invalid,cross_boundary_invalid,no,unverified (overlap only),
ONCA,ONCA_2014onca395,19783,19813,shape_vol_abbr_page,"8477 Darlington Crescent, 2011",UNSUPPORTED,no,cross_boundary_invalid,cross_boundary_invalid,no,unverified (overlap only),
ONCA,ONCA_2014onca500,16461,16498,shape_vol_abbr_page,"407 ETR Concession Company Ltd., 2013",UNSUPPORTED,no,cross_boundary_invalid,cross_boundary_invalid,no,unverified (overlap only),
ONCA,ONCA_2014onca479,36361,36388,shape_vol_abbr_page,"1976 Debentureholders, 2008",UNSUPPORTED,no,cross_boundary_invalid,cross_boundary_invalid,no,unverified (overlap only),
ONCA,ONCA_2014onca261,37326,37352,shape_vol_abbr_page,"2174112 Ontario Inc., 2013",UNSUPPORTED,no,cross_boundary_invalid,cross_boundary_invalid,no,unverified (overlap only),
ONCA,ONCA_2014onca830,3799,3825,shape_vol_abbr_page,"1372708 Ontario Inc., 2010",UNSUPPORTED,no,cross_boundary_invalid,cross_boundary_invalid,no,unverified (overlap only),
ONCA,ONCA_2014onca538,19991,20018,shape_vol_abbr_page,"1976 Debentureholders, 2008",UNSUPPORTED,no,cross_boundary_invalid,cross_boundary_invalid,no,unverified (overlap only),
ONCA,ONCA_2014onca497,36800,36825,shape_vol_abbr_page,"4253311 Canada Inc., 2013",UNSUPPORTED,no,cross_boundary_invalid,cross_boundary_invalid,no,unverified (overlap only),
ONCA,ONCA_2014onca543,18715,18740,shape_vol_abbr_page,"539938 Ontario Ltd., 2001",UNSUPPORTED,no,cross_boundary_invalid,cross_boundary_invalid,no,unverified (overlap only),
ONCA,ONCA_2014onca667,3198,3224,shape_vol_abbr_page,"1610396 Ontario Inc., 2013",UNSUPPORTED,no,cross_boundary_invalid,cross_boundary_invalid,no,unverified (overlap only),
ONCA,ONCA_2014onca667,3759,3785,shape_vol_abbr_page,"1610396 Ontario Inc., 2013",UNSUPPORTED,no,cross_boundary_invalid,cross_boundary_invalid,no,unverified (overlap only),
ONCA,ONCA_2014onca691,37123,37150,shape_vol_abbr_page,"1976 Debentureholders, 2008",UNSUPPORTED,no,cross_boundary_invalid,cross_boundary_invalid,no,unverified (overlap only),
ONCA,ONCA_2014onca613,13438,13451,shape_vol_abbr_page,"36 Ltd., 2013",UNSUPPORTED,no,cross_boundary_invalid,cross_boundary_invalid,no,unverified (overlap only),
ONCA,ONCA_2016onca625,126552,126574,shape_vol_abbr_page,"1366 Quebec Inc., 2005",UNSUPPORTED,no,cross_boundary_invalid,cross_boundary_invalid,no,unverified (overlap only),
ONCA,ONCA_2016onca641,11817,11841,shape_vol_abbr_page,"121851 Canada Inc., 2015",UNSUPPORTED,no,cross_boundary_invalid,cross_boundary_invalid,no,unverified (overlap only),
ONCA,ONCA_2016onca641,16434,16458,shape_vol_abbr_page,"121851 Canada Inc., 2015",UNSUPPORTED,no,cross_boundary_invalid,cross_boundary_invalid,no,unverified (overlap only),
ONCA,ONCA_2016onca590,3517,3542,shape_vol_abbr_page,"6274013 Canada Ltd., 2012",UNSUPPORTED,no,cross_boundary_invalid,cross_boundary_invalid,no,unverified (overlap only),
ONCA,ONCA_2016onca650,20221,20248,shape_vol_abbr_page,"1976 Debentureholders, 2008",UNSUPPORTED,no,cross_boundary_invalid,cross_boundary_invalid,no,unverified (overlap only),
ONCA,ONCA_2016onca424,1967,1993,shape_vol_abbr_page,"1486448 Ontario Inc., 2012",UNSUPPORTED,no,cross_boundary_invalid,cross_boundary_invalid,no,unverified (overlap only),
ONCA,ONCA_2016onca436,1007,1033,shape_vol_abbr_page,"1728106 Ontario Inc., 2016",UNSUPPORTED,no,cross_boundary_invalid,cross_boundary_invalid,no,unverified (overlap only),
ONCA,ONCA_2016onca407,17037,17063,shape_vol_abbr_page,"1728106 Ontario Inc., 2016",UNSUPPORTED,no,cross_boundary_invalid,cross_boundary_invalid,no,unverified (overlap only),
ONCA,ONCA_2016onca406,31090,31115,shape_vol_abbr_page,"607385 Alberta Ltd., 2013",UNSUPPORTED,no,cross_boundary_invalid,cross_boundary_invalid,no,unverified (overlap only),
ONCA,ONCA_2016onca406,44298,44325,shape_vol_abbr_page,"1976 Debentureholders, 2008",UNSUPPORTED,no,cross_boundary_invalid,cross_boundary_invalid,no,unverified (overlap only),
ONCA,ONCA_2016onca520,15079,15105,shape_vol_abbr_page,"2014052 Ontario Ltd., 2012",UNSUPPORTED,no,cross_boundary_invalid,cross_boundary_invalid,no,unverified (overlap only),
ONCA,ONCA_2016onca520,38804,38829,shape_vol_abbr_page,"783720 Ontario Inc., 2015",UNSUPPORTED,no,cross_boundary_invalid,cross_boundary_invalid,no,unverified (overlap only),
ONCA,ONCA_2016onca520,40174,40194,shape_vol_abbr_page,"680247 Ontario, 2009",UNSUPPORTED,no,cross_boundary_invalid,cross_boundary_invalid,no,unverified (overlap only),
ONCA,ONCA_2016onca459,5260,5285,shape_vol_abbr_page,"752458 Ontario Ltd., 2014",UNSUPPORTED,no,cross_boundary_invalid,cross_boundary_invalid,no,unverified (overlap only),
ONCA,ONCA_2016onca936,6479,6505,shape_vol_abbr_page,"62474013 Canada Ltd., 2012",UNSUPPORTED,no,cross_boundary_invalid,cross_boundary_invalid,no,unverified (overlap only),
ONCA,ONCA_2016onca988,66165,66189,shape_vol_abbr_page,"974649 Ontario Inc, 2001",UNSUPPORTED,no,cross_boundary_invalid,cross_boundary_invalid,no,unverified (overlap only),
ONCA,ONCA_2016onca903,8200,8225,shape_vol_abbr_page,"6470360 Canada Inc., 2014",UNSUPPORTED,no,cross_boundary_invalid,cross_boundary_invalid,no,unverified (overlap only),
ONCA,ONCA_2017onca21,9377,9404,shape_vol_abbr_page,"407 ETR Concession Co, 2008",UNSUPPORTED,no,cross_boundary_invalid,cross_boundary_invalid,no,unverified (overlap only),
ONCA,ONCA_2017onca52,18331,18357,shape_vol_abbr_page,"2164017 Ontario Ltd., 2016",UNSUPPORTED,no,cross_boundary_invalid,cross_boundary_invalid,no,unverified (overlap only),
ONCA,ONCA_2017onca44,12401,12414,shape_vol_abbr_page,"36 Ltd., 2013",UNSUPPORTED,no,cross_boundary_invalid,cross_boundary_invalid,no,unverified (overlap only),
ONCA,ONCA_2017onca49,44416,44442,shape_vol_abbr_page,"2405490 Ontario Inc., 2016",UNSUPPORTED,no,cross_boundary_invalid,cross_boundary_invalid,no,unverified (overlap only),
ONCA,ONCA_2016onca996,7123,7149,shape_vol_abbr_page,"1636891 Ontario Inc., 2012",UNSUPPORTED,no,cross_boundary_invalid,cross_boundary_invalid,no,unverified (overlap only),
ONCA,ONCA_2016onca789,12909,12937,shape_vol_abbr_page,"407 ETR Concession Co., 2008",UNSUPPORTED,no,cross_boundary_invalid,cross_boundary_invalid,no,unverified (overlap only),
ONCA,ONCA_2016onca747,66164,66189,shape_vol_abbr_page,"6470360 Canada Inc., 2014",UNSUPPORTED,no,cross_boundary_invalid,cross_boundary_invalid,no,unverified (overlap only),
ONCA,ONCA_2015onca842,38131,38156,shape_vol_abbr_page,"539938 Ontario Ltd., 2001",UNSUPPORTED,no,cross_boundary_invalid,cross_boundary_invalid,no,unverified (overlap only),
ONCA,ONCA_2016onca22,11508,11532,shape_vol_abbr_page,"121851 Canada Inc., 2015",UNSUPPORTED,no,cross_boundary_invalid,cross_boundary_invalid,no,unverified (overlap only),
ONCA,ONCA_2015onca923,1318,1343,shape_vol_abbr_page,"6274013 Canada Ltd., 2012",UNSUPPORTED,no,cross_boundary_invalid,cross_boundary_invalid,no,unverified (overlap only),
ONCA,ONCA_2015onca909,8222,8251,shape_vol_abbr_page,"1054422 Ontario Limited, 2012",UNSUPPORTED,no,cross_boundary_invalid,cross_boundary_invalid,no,unverified (overlap only),
ONCA,ONCA_2015onca670,2624,2650,shape_vol_abbr_page,"2052761 Ontario Inc., 2012",UNSUPPORTED,no,cross_boundary_invalid,cross_boundary_invalid,no,unverified (overlap only),
ONCA,ONCA_2015onca713,10119,10144,shape_vol_abbr_page,"6274013 Canada Ltd., 2012",UNSUPPORTED,no,cross_boundary_invalid,cross_boundary_invalid,no,unverified (overlap only),
ONCA,ONCA_2015onca756,7821,7846,shape_vol_abbr_page,"814888 Ontario Inc., 2012",UNSUPPORTED,no,cross_boundary_invalid,cross_boundary_invalid,no,unverified (overlap only),
ONCA,ONCA_2015onca764,17415,17441,shape_vol_abbr_page,"1433295 Ontario Ltd., 2013",UNSUPPORTED,no,cross_boundary_invalid,cross_boundary_invalid,no,unverified (overlap only),
ONCA,ONCA_2015onca764,33663,33676,shape_vol_abbr_page,"36 Ltd., 2013",UNSUPPORTED,no,cross_boundary_invalid,cross_boundary_invalid,no,unverified (overlap only),
ONCA,ONCA_2015onca739,2031,2057,shape_vol_abbr_page,"1565627 Ontario Ltd., 2007",UNSUPPORTED,no,cross_boundary_invalid,cross_boundary_invalid,no,unverified (overlap only),
ONCA,ONCA_2016onca287,20728,20757,shape_vol_abbr_page,"1433295 Ontario Limited, 2013",UNSUPPORTED,no,cross_boundary_invalid,cross_boundary_invalid,no,unverified (overlap only),
ONCA,ONCA_2016onca287,26883,26910,shape_vol_abbr_page,"1976 Debentureholders, 2008",UNSUPPORTED,no,cross_boundary_invalid,cross_boundary_invalid,no,unverified (overlap only),
ONCA,ONCA_2016onca269,8402,8432,shape_vol_abbr_page,"8477 Darlington Crescent, 2011",UNSUPPORTED,no,cross_boundary_invalid,cross_boundary_invalid,no,unverified (overlap only),
ONCA,ONCA_2016onca269,16141,16166,shape_vol_abbr_page,"974649 Ontario Inc., 2001",UNSUPPORTED,no,cross_boundary_invalid,cross_boundary_invalid,no,unverified (overlap only),
ONCA,ONCA_2016onca324,22483,22509,shape_vol_abbr_page,"1887401 Ontario Ltd., 2015",UNSUPPORTED,no,cross_boundary_invalid,cross_boundary_invalid,no,unverified (overlap only),
ONCA,ONCA_2016onca98,26229,26254,shape_vol_abbr_page,"171404 Ontario Inc., 2013",UNSUPPORTED,no,cross_boundary_invalid,cross_boundary_invalid,no,unverified (overlap only),
ONCA,ONCA_2016onca210,28994,29016,shape_vol_abbr_page,"1 King West Inc., 2012",UNSUPPORTED,no,cross_boundary_invalid,cross_boundary_invalid,no,unverified (overlap only),
ONCA,ONCA_2016onca187,14190,14215,shape_vol_abbr_page,"6274013 Canada Ltd., 2012",UNSUPPORTED,no,cross_boundary_invalid,cross_boundary_invalid,no,unverified (overlap only),
ONCA,ONCA_2016onca168,13506,13532,shape_vol_abbr_page,"3574423 Ontario Inc., 2011",UNSUPPORTED,no,cross_boundary_invalid,cross_boundary_invalid,no,unverified (overlap only),
ONCA,ONCA_2016onca108,14942,14967,shape_vol_abbr_page,"974649 Ontario Inc., 2001",UNSUPPORTED,no,cross_boundary_invalid,cross_boundary_invalid,no,unverified (overlap only),
ONCA,ONCA_2016onca175,29420,29445,shape_vol_abbr_page,"767269 Ontario Ltd., 2008",UNSUPPORTED,no,cross_boundary_invalid,cross_boundary_invalid,no,unverified (overlap only),
ONCA,ONCA_2016onca164,6650,6688,shape_vol_abbr_page,"40 Finchgate Limited Partnership, 2012",UNSUPPORTED,no,cross_boundary_invalid,cross_boundary_invalid,no,unverified (overlap only),
ONCA,ONCA_2016onca145,17529,17555,shape_vol_abbr_page,"1520658 Ontario Inc., 2011",UNSUPPORTED,no,cross_boundary_invalid,cross_boundary_invalid,no,unverified (overlap only),
ONCA,ONCA_2020onca480,4972,4998,shape_vol_abbr_page,"2321324 Ontario Inc., 2017",UNSUPPORTED,no,cross_boundary_invalid,cross_boundary_invalid,no,unverified (overlap only),
ONCA,ONCA_2020onca499,11592,11618,shape_vol_abbr_page,"2099232 Ontario Inc., 2018",UNSUPPORTED,no,cross_boundary_invalid,cross_boundary_invalid,no,unverified (overlap only),
ONCA,ONCA_2020onca449,6222,6248,shape_vol_abbr_page,"1945086 Ontario Inc., 2019",UNSUPPORTED,no,cross_boundary_invalid,cross_boundary_invalid,no,unverified (overlap only),
ONCA,ONCA_2020onca440,33968,33995,shape_vol_abbr_page,"1976 Debentureholders, 2008",UNSUPPORTED,no,cross_boundary_invalid,cross_boundary_invalid,no,unverified (overlap only),
ONCA,ONCA_2020onca403,21236,21261,shape_vol_abbr_page,"3574423 Canada Inc., 2012",UNSUPPORTED,no,cross_boundary_invalid,cross_boundary_invalid,no,unverified (overlap only),
ONCA,ONCA_2020onca465,3680,3706,shape_vol_abbr_page,"1682787 Ontario Inc., 2011",UNSUPPORTED,no,cross_boundary_invalid,cross_boundary_invalid,no,unverified (overlap only),
ONCA,ONCA_2020onca585,4932,4958,shape_vol_abbr_page,"2321197 Ontario Inc., 2019",UNSUPPORTED,no,cross_boundary_invalid,cross_boundary_invalid,no,unverified (overlap only),
ONCA,ONCA_2020onca560,30666,30691,shape_vol_abbr_page,"603418 Ontario Inc., 2018",UNSUPPORTED,no,cross_boundary_invalid,cross_boundary_invalid,no,unverified (overlap only),
ONCA,ONCA_2020onca503,34542,34569,shape_vol_abbr_page,"1976 Debentureholders, 2008",UNSUPPORTED,no,cross_boundary_invalid,cross_boundary_invalid,no,unverified (overlap only),
ONCA,ONCA_2020onca545,3880,3906,shape_vol_abbr_page,"2088556 Ontario Inc., 2020",UNSUPPORTED,no,cross_boundary_invalid,cross_boundary_invalid,no,unverified (overlap only),
ONCA,ONCA_2020onca333,148707,148729,shape_vol_abbr_page,"1366 Quebec Inc., 2005",UNSUPPORTED,no,cross_boundary_invalid,cross_boundary_invalid,no,unverified (overlap only),
ONCA,ONCA_2020onca310,8751,8777,shape_vol_abbr_page,"2480375 Ontario Inc., 2017",UNSUPPORTED,no,cross_boundary_invalid,cross_boundary_invalid,no,unverified (overlap only),
ONCA,ONCA_2020onca303,2777,2802,shape_vol_abbr_page,"974649 Ontario Inc., 2001",UNSUPPORTED,no,cross_boundary_invalid,cross_boundary_invalid,no,unverified (overlap only),
ONCA,ONCA_2020onca436,20991,21016,shape_vol_abbr_page,"974649 Ontario Inc., 2001",UNSUPPORTED,no,cross_boundary_invalid,cross_boundary_invalid,no,unverified (overlap only),
ONCA,ONCA_2020onca408,8782,8810,shape_vol_abbr_page,"6274013 Canada Limited, 2012",UNSUPPORTED,no,cross_boundary_invalid,cross_boundary_invalid,no,unverified (overlap only),
ONCA,ONCA_2020onca355,11137,11159,shape_vol_abbr_page,"1 King West Inc., 2010",UNSUPPORTED,no,cross_boundary_invalid,cross_boundary_invalid,no,unverified (overlap only),
ONCA,ONCA_2020onca387,10183,10209,shape_vol_abbr_page,"1372708 Ontario Inc., 2017",UNSUPPORTED,no,cross_boundary_invalid,cross_boundary_invalid,no,unverified (overlap only),
ONCA,ONCA_2020onca387,11953,11979,shape_vol_abbr_page,"1336365 Alberta Ltd., 2019",UNSUPPORTED,no,cross_boundary_invalid,cross_boundary_invalid,no,unverified (overlap only),
ONCA,ONCA_2019onca964,22452,22475,shape_vol_abbr_page,"000 CDN. (In Rem), 2013",UNSUPPORTED,no,cross_boundary_invalid,cross_boundary_invalid,no,unverified (overlap only),
ONCA,ONCA_c34506,34466,34491,shape_vol_abbr_page,"539938 Ontario Ltd., 2001",UNSUPPORTED,no,cross_boundary_invalid,cross_boundary_invalid,no,unverified (overlap only),
ONCA,ONCA_2020onca46,9210,9237,shape_vol_abbr_page,"1976 Debentureholders, 2008",UNSUPPORTED,no,cross_boundary_invalid,cross_boundary_invalid,no,unverified (overlap only),
ONCA,ONCA_2020onca63,18284,18306,shape_vol_abbr_page,"1 King West Inc., 2012",UNSUPPORTED,no,cross_boundary_invalid,cross_boundary_invalid,no,unverified (overlap only),
ONCA,ONCA_2019onca787,2574,2603,shape_vol_abbr_page,"1504413 Ontario Limited, 2008",UNSUPPORTED,no,cross_boundary_invalid,cross_boundary_invalid,no,unverified (overlap only),
ONCA,ONCA_2019onca761,26236,26261,shape_vol_abbr_page,"838116 Ontario Inc., 2015",UNSUPPORTED,no,cross_boundary_invalid,cross_boundary_invalid,no,unverified (overlap only),
ONCA,ONCA_2019onca820,11721,11747,shape_vol_abbr_page,"2099232 Ontario Inc., 2018",UNSUPPORTED,no,cross_boundary_invalid,cross_boundary_invalid,no,unverified (overlap only),
ONCA,ONCA_2019onca820,20308,20334,shape_vol_abbr_page,"2453912 Ontario Inc., 2019",UNSUPPORTED,no,cross_boundary_invalid,cross_boundary_invalid,no,unverified (overlap only),
ONCA,ONCA_2020onca282,75880,75906,shape_vol_abbr_page,"1336365 Alberta Ltd., 2019",UNSUPPORTED,no,cross_boundary_invalid,cross_boundary_invalid,no,unverified (overlap only),
ONCA,ONCA_2020onca273,36091,36125,shape_vol_abbr_page,"568295 British Columbia Ltd., 2013",UNSUPPORTED,no,cross_boundary_invalid,cross_boundary_invalid,no,unverified (overlap only),
ONCA,ONCA_2020onca273,36270,36296,shape_vol_abbr_page,"1435375 Ontario Ltd., 2013",UNSUPPORTED,no,cross_boundary_invalid,cross_boundary_invalid,no,unverified (overlap only),
ONCA,ONCA_2020onca288,34672,34697,shape_vol_abbr_page,"3464920 Canada Inc., 2007",UNSUPPORTED,no,cross_boundary_invalid,cross_boundary_invalid,no,unverified (overlap only),
ONCA,ONCA_2020onca55,2395,2421,shape_vol_abbr_page,"1835923 Ontario Ltd., 2020",UNSUPPORTED,no,cross_boundary_invalid,cross_boundary_invalid,no,unverified (overlap only),
ONCA,ONCA_2020onca121,23244,23271,shape_vol_abbr_page,"1976 Debentureholders, 2008",UNSUPPORTED,no,cross_boundary_invalid,cross_boundary_invalid,no,unverified (overlap only),
ONCA,ONCA_2020onca110,15393,15419,shape_vol_abbr_page,"1714104 Ontario Inc., 2013",UNSUPPORTED,no,cross_boundary_invalid,cross_boundary_invalid,no,unverified (overlap only),
ONCA,ONCA_2020onca238,27682,27708,shape_vol_abbr_page,"2062277 Ontario Inc., 2012",UNSUPPORTED,no,cross_boundary_invalid,cross_boundary_invalid,no,unverified (overlap only),
ONCA,ONCA_2020onca185,3631,3657,shape_vol_abbr_page,"2321197 Ontario Inc., 2019",UNSUPPORTED,no,cross_boundary_invalid,cross_boundary_invalid,no,unverified (overlap only),
ONCA,ONCA_2009onca77,9625,9650,shape_vol_abbr_page,"767269 Ontario Ltd., 2008",UNSUPPORTED,no,cross_boundary_invalid,cross_boundary_invalid,no,unverified (overlap only),
ONCA,ONCA_2009onca3,66804,66829,shape_vol_abbr_page,"738675 Alberta Ltd., 2006",UNSUPPORTED,no,cross_boundary_invalid,cross_boundary_invalid,no,unverified (overlap only),
ONCA,ONCA_2025onca292,18164,18191,shape_vol_abbr_page,"1976 Debentureholders, 2008",UNSUPPORTED,no,cross_boundary_invalid,cross_boundary_invalid,no,unverified (overlap only),
ONCA,ONCA_2025onca251,13614,13634,shape_vol_abbr_page,"2 GP Inc. (Re), 2020",UNSUPPORTED,no,cross_boundary_invalid,cross_boundary_invalid,no,unverified (overlap only),
ONCA,ONCA_2025onca321,8590,8615,shape_vol_abbr_page,"998614 Ontario Inc., 2016",UNSUPPORTED,no,cross_boundary_invalid,cross_boundary_invalid,no,unverified (overlap only),
ONCA,ONCA_2025onca159,9917,9943,shape_vol_abbr_page,"1835923 Ontario Ltd., 2020",UNSUPPORTED,no,cross_boundary_invalid,cross_boundary_invalid,no,unverified (overlap only),
ONCA,ONCA_2025onca447,63031,63070,shape_vol_abbr_page,"100 Bloor Street West Corporation, 2022",UNSUPPORTED,no,cross_boundary_invalid,cross_boundary_invalid,no,unverified (overlap only),
ONCA,ONCA_2025onca447,63118,63157,shape_vol_abbr_page,"100 Bloor Street West Corporation, 2022",UNSUPPORTED,no,cross_boundary_invalid,cross_boundary_invalid,no,unverified (overlap only),
ONCA,ONCA_2025onca374,12224,12253,shape_vol_abbr_page,"1000093910 Ontario Inc., 2024",UNSUPPORTED,no,cross_boundary_invalid,cross_boundary_invalid,no,unverified (overlap only),
ONCA,ONCA_2025onca378,9613,9639,shape_vol_abbr_page,"1728106 Ontario Inc., 2017",UNSUPPORTED,no,cross_boundary_invalid,cross_boundary_invalid,no,unverified (overlap only),
ONCA,ONCA_2024onca877,10620,10646,shape_vol_abbr_page,"2099232 Ontario Inc., 2018",UNSUPPORTED,no,cross_boundary_invalid,cross_boundary_invalid,no,unverified (overlap only),
ONCA,ONCA_2024onca877,13183,13205,shape_vol_abbr_page,"656527 B.C. Ltd., 2004",UNSUPPORTED,no,cross_boundary_invalid,cross_boundary_invalid,no,unverified (overlap only),
ONCA,ONCA_2024onca859,12668,12694,shape_vol_abbr_page,"2088556 Ontario Inc., 2020",UNSUPPORTED,no,cross_boundary_invalid,cross_boundary_invalid,no,unverified (overlap only),
ONCA,ONCA_2024onca904,3060,3085,shape_vol_abbr_page,"6274013 Canada Ltd., 2012",UNSUPPORTED,no,cross_boundary_invalid,cross_boundary_invalid,no,unverified (overlap only),
ONCA,ONCA_2024onca853,1898,1924,shape_vol_abbr_page,"1073650 Ontario Inc., 2024",UNSUPPORTED,no,cross_boundary_invalid,cross_boundary_invalid,no,unverified (overlap only),
ONCA,ONCA_2024onca799,12522,12549,shape_vol_abbr_page,"1976 Debentureholders, 2008",UNSUPPORTED,no,cross_boundary_invalid,cross_boundary_invalid,no,unverified (overlap only),
ONCA,ONCA_2024onca774,9798,9824,shape_vol_abbr_page,"11037315 Canada Inc., 2022",UNSUPPORTED,no,cross_boundary_invalid,cross_boundary_invalid,no,unverified (overlap only),
ONCA,ONCA_2024onca810,1597,1622,shape_vol_abbr_page,"7084421 Canada Ltd., 2022",UNSUPPORTED,no,cross_boundary_invalid,cross_boundary_invalid,no,unverified (overlap only),
ONCA,ONCA_2025onca109,20258,20283,shape_vol_abbr_page,"9706151 Canada Ltd., 2024",UNSUPPORTED,no,cross_boundary_invalid,cross_boundary_invalid,no,unverified (overlap only),
ONCA,ONCA_2025onca109,20324,20350,shape_vol_abbr_page,"11037315 Canada Inc., 2022",UNSUPPORTED,no,cross_boundary_invalid,cross_boundary_invalid,no,unverified (overlap only),
ONCA,ONCA_2025onca109,22156,22182,shape_vol_abbr_page,"2670082 Ontario Corp, 2024",UNSUPPORTED,no,cross_boundary_invalid,cross_boundary_invalid,no,unverified (overlap only),
ONCA,ONCA_2025onca108,5363,5389,shape_vol_abbr_page,"2528061 Ontario Inc., 2023",UNSUPPORTED,no,cross_boundary_invalid,cross_boundary_invalid,no,unverified (overlap only),
ONCA,ONCA_2025onca124,3099,3125,shape_vol_abbr_page,"2407553 Ontario Inc., 2021",UNSUPPORTED,no,cross_boundary_invalid,cross_boundary_invalid,no,unverified (overlap only),
ONCA,ONCA_2025onca141,23138,23163,shape_vol_abbr_page,"1902408 Ontario Ltd, 2022",UNSUPPORTED,no,cross_boundary_invalid,cross_boundary_invalid,no,unverified (overlap only),
ONCA,ONCA_2025onca156,4561,4587,shape_vol_abbr_page,"2099232 Ontario Inc., 2018",UNSUPPORTED,no,cross_boundary_invalid,cross_boundary_invalid,no,unverified (overlap only),
ONCA,ONCA_2025onca156,6456,6482,shape_vol_abbr_page,"1723766 Ontario Ltd., 2020",UNSUPPORTED,no,cross_boundary_invalid,cross_boundary_invalid,no,unverified (overlap only),
ONCA,ONCA_2024onca940,2274,2300,shape_vol_abbr_page,"2698874 Ontario Inc., 2023",UNSUPPORTED,no,cross_boundary_invalid,cross_boundary_invalid,no,unverified (overlap only),
ONCA,ONCA_2025onca22,40782,40807,shape_vol_abbr_page,"729171 Alberta Inc., 2016",UNSUPPORTED,no,cross_boundary_invalid,cross_boundary_invalid,no,unverified (overlap only),
ONCA,ONCA_2025onca24,24986,25012,shape_vol_abbr_page,"2490918 Ontario Inc., 2023",UNSUPPORTED,no,cross_boundary_invalid,cross_boundary_invalid,no,unverified (overlap only),
ONCA,ONCA_2024onca932,15888,15914,shape_vol_abbr_page,"11054660 Canada Inc., 2021",UNSUPPORTED,no,cross_boundary_invalid,cross_boundary_invalid,no,unverified (overlap only),
ONCA,ONCA_2024onca946,34531,34557,shape_vol_abbr_page,"1721789 Ontario Inc., 2010",UNSUPPORTED,no,cross_boundary_invalid,cross_boundary_invalid,no,unverified (overlap only),
ONCA,ONCA_2025onca1,16156,16182,shape_vol_abbr_page,"2528061 Ontario Inc., 2023",UNSUPPORTED,no,cross_boundary_invalid,cross_boundary_invalid,no,unverified (overlap only),
ONCA,ONCA_2025onca54,30914,30940,shape_vol_abbr_page,"11180673 Canada Inc., 2021",UNSUPPORTED,no,cross_boundary_invalid,cross_boundary_invalid,no,unverified (overlap only),
ONCA,ONCA_2025onca44,1559,1585,shape_vol_abbr_page,"11037315 Canada Inc., 2022",UNSUPPORTED,no,cross_boundary_invalid,cross_boundary_invalid,no,unverified (overlap only),
ONCA,ONCA_2025onca44,7585,7611,shape_vol_abbr_page,"11037315 Canada Inc., 2020",UNSUPPORTED,no,cross_boundary_invalid,cross_boundary_invalid,no,unverified (overlap only),
ONCA,ONCA_2025onca45,4823,4849,shape_vol_abbr_page,"2099232 Ontario Inc., 2018",UNSUPPORTED,no,cross_boundary_invalid,cross_boundary_invalid,no,unverified (overlap only),
ONCA,ONCA_2026onca77,14458,14484,shape_vol_abbr_page,"2407553 Ontario Inc., 2021",UNSUPPORTED,no,cross_boundary_invalid,cross_boundary_invalid,no,unverified (overlap only),
ONCA,ONCA_2026onca34,15643,15669,shape_vol_abbr_page,"1073650 Ontario Inc., 2024",UNSUPPORTED,no,cross_boundary_invalid,cross_boundary_invalid,no,unverified (overlap only),
ONCA,ONCA_2026onca84,2748,2774,shape_vol_abbr_page,"285 Spadina SPV Inc., 2022",UNSUPPORTED,no,cross_boundary_invalid,cross_boundary_invalid,no,unverified (overlap only),
ONCA,ONCA_2026onca84,2811,2837,shape_vol_abbr_page,"285 Spadina SPV Inc., 2022",UNSUPPORTED,no,cross_boundary_invalid,cross_boundary_invalid,no,unverified (overlap only),
ONCA,ONCA_2026onca84,3170,3196,shape_vol_abbr_page,"285 Spadina SPV Inc., 2022",UNSUPPORTED,no,cross_boundary_invalid,cross_boundary_invalid,no,unverified (overlap only),
ONCA,ONCA_2026onca84,4205,4222,shape_vol_abbr_page,"285 Spadina, 2023",UNSUPPORTED,no,cross_boundary_invalid,cross_boundary_invalid,no,unverified (overlap only),
ONCA,ONCA_2026onca84,4400,4426,shape_vol_abbr_page,"285 Spadina SPV Inc., 2023",UNSUPPORTED,no,cross_boundary_invalid,cross_boundary_invalid,no,unverified (overlap only),
ONCA,ONCA_2026onca84,7188,7214,shape_vol_abbr_page,"285 Spadina SPV Inc., 2026",UNSUPPORTED,no,cross_boundary_invalid,cross_boundary_invalid,no,unverified (overlap only),
ONCA,ONCA_2025onca883,7054,7080,shape_vol_abbr_page,"1643937 Ontario Inc., 2021",UNSUPPORTED,no,cross_boundary_invalid,cross_boundary_invalid,no,unverified (overlap only),
ONCA,ONCA_2025onca891,7038,7065,shape_vol_abbr_page,"1976 Debentureholders, 2008",UNSUPPORTED,no,cross_boundary_invalid,cross_boundary_invalid,no,unverified (overlap only),
ONCA,ONCA_2026onca221,10862,10891,shape_vol_abbr_page,"1260539 Ontario Limited, 2007",UNSUPPORTED,no,cross_boundary_invalid,cross_boundary_invalid,no,unverified (overlap only),
ONCA,ONCA_2026onca271,1789,1815,shape_vol_abbr_page,"2049080 Ontario Inc., 2012",UNSUPPORTED,no,cross_boundary_invalid,cross_boundary_invalid,no,unverified (overlap only),
ONCA,ONCA_2026onca248,22976,23001,shape_vol_abbr_page,"261109 Ontario Inc., 2025",UNSUPPORTED,no,cross_boundary_invalid,cross_boundary_invalid,no,unverified (overlap only),
ONCA,ONCA_2026onca145,13098,13131,shape_vol_abbr_page,"102007987 Saskatchewan Ltd., 2024",UNSUPPORTED,no,cross_boundary_invalid,cross_boundary_invalid,no,unverified (overlap only),
ONCA,ONCA_2026onca120,8322,8350,shape_neutral_bare,"1976 Debenture Holders, 2008",UNSUPPORTED,no,cross_boundary_invalid,cross_boundary_invalid,no,unverified (overlap only),
ONCA,ONCA_2025onca606,39212,39236,shape_vol_abbr_page,"121851 Canada Inc., 2015",UNSUPPORTED,no,cross_boundary_invalid,cross_boundary_invalid,no,unverified (overlap only),
ONCA,ONCA_2025onca607,15197,15223,shape_vol_abbr_page,"1714176 Ontario Ltd., 2014",UNSUPPORTED,no,cross_boundary_invalid,cross_boundary_invalid,no,unverified (overlap only),
ONCA,ONCA_2025onca607,15851,15877,shape_vol_abbr_page,"2145401 Ontario Inc., 2019",UNSUPPORTED,no,cross_boundary_invalid,cross_boundary_invalid,no,unverified (overlap only),
ONCA,ONCA_2025onca648,1363,1389,shape_vol_abbr_page,"11037315 Canada Inc., 2022",UNSUPPORTED,no,cross_boundary_invalid,cross_boundary_invalid,no,unverified (overlap only),
ONCA,ONCA_2025onca648,1538,1564,shape_vol_abbr_page,"2670082 Ontario Corp, 2024",UNSUPPORTED,no,cross_boundary_invalid,cross_boundary_invalid,no,unverified (overlap only),
ONCA,ONCA_2025onca591,13995,14025,shape_vol_abbr_page,"8640025 Canada Inc. (Re), 2018",UNSUPPORTED,no,cross_boundary_invalid,cross_boundary_invalid,no,unverified (overlap only),
ONCA,ONCA_2025onca591,44013,44038,shape_vol_abbr_page,"252801 Ontario Inc., 2023",UNSUPPORTED,no,cross_boundary_invalid,cross_boundary_invalid,no,unverified (overlap only),
ONCA,ONCA_2025onca563,11559,11596,shape_vol_abbr_page,"407 ETR Concession Company Ltd., 2012",UNSUPPORTED,no,cross_boundary_invalid,cross_boundary_invalid,no,unverified (overlap only),
ONCA,ONCA_2025onca563,19831,19860,shape_vol_abbr_page,"1000093910 Ontario Inc., 2024",UNSUPPORTED,no,cross_boundary_invalid,cross_boundary_invalid,no,unverified (overlap only),
ONCA,ONCA_2025onca563,20040,20070,shape_vol_abbr_page,"30 Roe Investments Corp., 2022",UNSUPPORTED,no,cross_boundary_invalid,cross_boundary_invalid,no,unverified (overlap only),
ONCA,ONCA_2025onca563,21813,21847,shape_vol_abbr_page,"33 Yorkville Residences Inc., 2023",UNSUPPORTED,no,cross_boundary_invalid,cross_boundary_invalid,no,unverified (overlap only),
ONCA,ONCA_2025onca563,22289,22314,shape_vol_abbr_page,"1951584 Ontario Inc, 2018",UNSUPPORTED,no,cross_boundary_invalid,cross_boundary_invalid,no,unverified (overlap only),
ONCA,ONCA_2025onca563,24080,24109,shape_vol_abbr_page,"1000162497 Ontario Inc., 2024",UNSUPPORTED,no,cross_boundary_invalid,cross_boundary_invalid,no,unverified (overlap only),
ONCA,ONCA_2025onca563,33468,33493,shape_vol_abbr_page,"767269 Ontario Ltd., 2008",UNSUPPORTED,no,cross_boundary_invalid,cross_boundary_invalid,no,unverified (overlap only),
ONCA,ONCA_2025onca559,5443,5469,shape_vol_abbr_page,"2088556 Ontario Inc., 2020",UNSUPPORTED,no,cross_boundary_invalid,cross_boundary_invalid,no,unverified (overlap only),
ONCA,ONCA_2025onca765,39828,39866,shape_vol_abbr_page,"170 Willowdale Investments Corp., 2025",UNSUPPORTED,no,cross_boundary_invalid,cross_boundary_invalid,no,unverified (overlap only),
ONCA,ONCA_2025onca770,32965,32990,shape_vol_abbr_page,"974649 Ontario Inc., 2001",UNSUPPORTED,no,cross_boundary_invalid,cross_boundary_invalid,no,unverified (overlap only),
ONCA,ONCA_2025onca796,2201,2228,shape_vol_abbr_page,"1388020 Ontario Corp., 2017",UNSUPPORTED,no,cross_boundary_invalid,cross_boundary_invalid,no,unverified (overlap only),
ONCA,ONCA_2025onca796,14470,14497,shape_vol_abbr_page,"1976 Debentureholders, 2008",UNSUPPORTED,no,cross_boundary_invalid,cross_boundary_invalid,no,unverified (overlap only),
ONCA,ONCA_2025onca784,4102,4128,shape_vol_abbr_page,"2088556 Ontario Inc., 2020",UNSUPPORTED,no,cross_boundary_invalid,cross_boundary_invalid,no,unverified (overlap only),
ONCA,ONCA_2025onca809,2757,2783,shape_vol_abbr_page,"1570710 Ontario Ltd., 2010",UNSUPPORTED,no,cross_boundary_invalid,cross_boundary_invalid,no,unverified (overlap only),
ONCA,ONCA_2025onca832,20791,20817,shape_vol_abbr_page,"2442931 Ontario Inc., 2025",UNSUPPORTED,no,cross_boundary_invalid,cross_boundary_invalid,no,unverified (overlap only),
ONCA,ONCA_2025onca832,21127,21156,shape_vol_abbr_page,"1000162497 Ontario Inc., 2024",UNSUPPORTED,no,cross_boundary_invalid,cross_boundary_invalid,no,unverified (overlap only),
ONCA,ONCA_2025onca694,3505,3530,shape_vol_abbr_page,"1041977 Ontario Inc., 188",UNSUPPORTED,no,alternative_dominated_by_support,alternative_dominated_by_support,no,unverified (overlap only),
ONCA,ONCA_2025onca731,6153,6179,shape_vol_abbr_page,"2083878 Alberta Ltd., 2019",UNSUPPORTED,no,cross_boundary_invalid,cross_boundary_invalid,no,unverified (overlap only),
ONCA,ONCA_2025onca732,12434,12460,shape_vol_abbr_page,"2407553 Ontario Inc., 2021",UNSUPPORTED,no,cross_boundary_invalid,cross_boundary_invalid,no,unverified (overlap only),
ONCA,ONCA_2025onca732,21450,21479,shape_vol_abbr_page,"1000093910 Ontario Inc., 2024",UNSUPPORTED,no,cross_boundary_invalid,cross_boundary_invalid,no,unverified (overlap only),
ONCA,ONCA_2024onca26,6467,6492,shape_vol_abbr_page,"994697 Ontario Inc., 2023",UNSUPPORTED,no,cross_boundary_invalid,cross_boundary_invalid,no,unverified (overlap only),
ONCA,ONCA_2024onca5,5990,6015,shape_vol_abbr_page,"767269 Ontario Ltd., 2008",UNSUPPORTED,no,cross_boundary_invalid,cross_boundary_invalid,no,unverified (overlap only),
ONCA,ONCA_2024onca6,11405,11431,shape_vol_abbr_page,"1728106 Ontario Inc., 2017",UNSUPPORTED,no,cross_boundary_invalid,cross_boundary_invalid,no,unverified (overlap only),
ONCA,ONCA_2024onca6,13500,13526,shape_vol_abbr_page,"2099232 Ontario Inc., 2018",UNSUPPORTED,no,cross_boundary_invalid,cross_boundary_invalid,no,unverified (overlap only),
ONCA,ONCA_2024onca53,6093,6119,shape_vol_abbr_page,"2088556 Ontario Inc., 2020",UNSUPPORTED,no,cross_boundary_invalid,cross_boundary_invalid,no,unverified (overlap only),
ONCA,ONCA_2023onca814,18033,18059,shape_vol_abbr_page,"2099232 Ontario Inc., 2018",UNSUPPORTED,no,cross_boundary_invalid,cross_boundary_invalid,no,unverified (overlap only),
ONCA,ONCA_2023onca814,29035,29061,shape_vol_abbr_page,"2436196 Ontario Inc., 2022",UNSUPPORTED,no,cross_boundary_invalid,cross_boundary_invalid,no,unverified (overlap only),
ONCA,ONCA_2023onca814,35501,35527,shape_vol_abbr_page,"2296608 Ontario Inc., 2017",UNSUPPORTED,no,cross_boundary_invalid,cross_boundary_invalid,no,unverified (overlap only),
ONCA,ONCA_2023onca814,35803,35828,shape_vol_abbr_page,"3697584 Canada Inc., 2012",UNSUPPORTED,no,cross_boundary_invalid,cross_boundary_invalid,no,unverified (overlap only),
ONCA,ONCA_2023onca827,2433,2460,shape_vol_abbr_page,"11534599 Canada Corp., 2022",UNSUPPORTED,no,cross_boundary_invalid,cross_boundary_invalid,no,unverified (overlap only),
ONCA,ONCA_2023onca727,3677,3707,shape_vol_abbr_page,"30 Roe Investments Corp., 2023",UNSUPPORTED,no,cross_boundary_invalid,cross_boundary_invalid,no,unverified (overlap only),
ONCA,ONCA_2023onca730,2937,2967,shape_vol_abbr_page,"30 Roe Investments Corp., 2023",UNSUPPORTED,no,cross_boundary_invalid,cross_boundary_invalid,no,unverified (overlap only),
ONCA,ONCA_2023onca663,25257,25283,shape_vol_abbr_page,"1976 Debetureholders, 2008",UNSUPPORTED,no,cross_boundary_invalid,cross_boundary_invalid,no,unverified (overlap only),
ONCA,ONCA_2023onca631,7697,7723,shape_vol_abbr_page,"1728106 Ontario Inc., 2017",UNSUPPORTED,no,cross_boundary_invalid,cross_boundary_invalid,no,unverified (overlap only),
ONCA,ONCA_2023onca708,8500,8526,shape_vol_abbr_page,"1728106 Ontario Inc., 2017",UNSUPPORTED,no,cross_boundary_invalid,cross_boundary_invalid,no,unverified (overlap only),
ONCA,ONCA_2023onca681,26583,26598,shape_vol_abbr_page,"2011 Ltd., 2020",UNSUPPORTED,no,cross_boundary_invalid,cross_boundary_invalid,no,unverified (overlap only),
ONCA,ONCA_2023onca682,14985,15012,shape_vol_abbr_page,"1976 Debentureholders, 2008",UNSUPPORTED,no,cross_boundary_invalid,cross_boundary_invalid,no,unverified (overlap only),
ONCA,ONCA_2024onca540,3113,3139,shape_vol_abbr_page,"1165996 Ontario Inc., 2017",UNSUPPORTED,no,cross_boundary_invalid,cross_boundary_invalid,no,unverified (overlap only),
ONCA,ONCA_2024onca520,14203,14215,shape_vol_abbr_page,"2 Inc., 2016",UNSUPPORTED,no,cross_boundary_invalid,cross_boundary_invalid,no,unverified (overlap only),
ONCA,ONCA_2024onca558,29154,29180,shape_vol_abbr_page,"33 Hawarden Crescent, 2024",UNSUPPORTED,no,cross_boundary_invalid,cross_boundary_invalid,no,unverified (overlap only),
ONCA,ONCA_2024onca445,36872,36897,shape_vol_abbr_page,"4358376 Canada Inc., 2014",UNSUPPORTED,no,cross_boundary_invalid,cross_boundary_invalid,no,unverified (overlap only),
ONCA,ONCA_2024onca445,46289,46314,shape_vol_abbr_page,"4 Developments Ltd., 2014",UNSUPPORTED,no,cross_boundary_invalid,cross_boundary_invalid,no,unverified (overlap only),
ONCA,ONCA_2024onca460,10019,10045,shape_vol_abbr_page,"2436196 Ontario Inc., 2022",UNSUPPORTED,no,cross_boundary_invalid,cross_boundary_invalid,no,unverified (overlap only),
ONCA,ONCA_2024onca460,10118,10144,shape_vol_abbr_page,"2528061 Ontario Inc., 2023",UNSUPPORTED,no,cross_boundary_invalid,cross_boundary_invalid,no,unverified (overlap only),
ONCA,ONCA_2024onca476,11917,11943,shape_vol_abbr_page,"1842259 Ontario Ltd., 2018",UNSUPPORTED,no,cross_boundary_invalid,cross_boundary_invalid,no,unverified (overlap only),
ONCA,ONCA_2024onca476,16727,16753,shape_vol_abbr_page,"1728106 Ontario Inc., 2016",UNSUPPORTED,no,cross_boundary_invalid,cross_boundary_invalid,no,unverified (overlap only),
ONCA,ONCA_2024onca713,6748,6808,shape_vol_abbr_page,"1704604 Ontario Ltd. V. Pointes Protection Association, 2020",UNSUPPORTED,no,cross_boundary_invalid,cross_boundary_invalid,no,unverified (overlap only),
ONCA,ONCA_2024onca682,13470,13496,shape_vol_abbr_page,"1324789 Ontario Inc., 2021",UNSUPPORTED,no,cross_boundary_invalid,cross_boundary_invalid,no,unverified (overlap only),
ONCA,ONCA_2024onca685,20879,20904,shape_vol_abbr_page,11037315 Canada Inc. 2021,UNSUPPORTED,no,cross_boundary_invalid,cross_boundary_invalid,no,unverified (overlap only),
ONCA,ONCA_2024onca684,4949,4975,shape_vol_abbr_page,"11180673 Canada Inc., 2021",UNSUPPORTED,no,cross_boundary_invalid,cross_boundary_invalid,no,unverified (overlap only),
ONCA,ONCA_2024onca764,12862,12891,shape_vol_abbr_page,"1000093910 Ontario Inc., 2024",UNSUPPORTED,no,cross_boundary_invalid,cross_boundary_invalid,no,unverified (overlap only),
ONCA,ONCA_2024onca639,10462,10491,shape_vol_abbr_page,"1000093910 Ontario Inc., 2024",UNSUPPORTED,no,cross_boundary_invalid,cross_boundary_invalid,no,unverified (overlap only),
ONCA,ONCA_2024onca634,14604,14630,shape_vol_abbr_page,"1054422 Ontario Ltd., 2012",UNSUPPORTED,no,cross_boundary_invalid,cross_boundary_invalid,no,unverified (overlap only),
ONCA,ONCA_2024onca648,74967,74989,shape_vol_abbr_page,"1366 Quebec Inc., 2005",UNSUPPORTED,no,cross_boundary_invalid,cross_boundary_invalid,no,unverified (overlap only),
ONCA,ONCA_2024onca186,4215,4243,shape_vol_abbr_page,"6274013 Canada Limited, 2012",UNSUPPORTED,no,cross_boundary_invalid,cross_boundary_invalid,no,unverified (overlap only),
ONCA,ONCA_2024onca236,3988,4014,shape_vol_abbr_page,"1165996 Ontario Inc., 2017",UNSUPPORTED,no,cross_boundary_invalid,cross_boundary_invalid,no,unverified (overlap only),
ONCA,ONCA_2024onca236,8540,8566,shape_vol_abbr_page,"2099232 Ontario Inc., 2018",UNSUPPORTED,no,cross_boundary_invalid,cross_boundary_invalid,no,unverified (overlap only),
ONCA,ONCA_2024onca206,6412,6438,shape_vol_abbr_page,"2436196 Ontario Inc., 2022",UNSUPPORTED,no,cross_boundary_invalid,cross_boundary_invalid,no,unverified (overlap only),
ONCA,ONCA_2024onca206,6561,6587,shape_vol_abbr_page,"2528061 Ontario Inc., 2023",UNSUPPORTED,no,cross_boundary_invalid,cross_boundary_invalid,no,unverified (overlap only),
ONCA,ONCA_2024onca220,43908,43933,shape_vol_abbr_page,"470433 Alberta Ltd., 2000",UNSUPPORTED,no,cross_boundary_invalid,cross_boundary_invalid,no,unverified (overlap only),
ONCA,ONCA_2024onca105,13931,13955,shape_vol_abbr_page,"121851 Canada Inc., 2015",UNSUPPORTED,no,cross_boundary_invalid,cross_boundary_invalid,no,unverified (overlap only),
ONCA,ONCA_2024onca75,4143,4169,shape_vol_abbr_page,"1842259 Ontario Ltd., 2018",UNSUPPORTED,no,cross_boundary_invalid,cross_boundary_invalid,no,unverified (overlap only),
ONCA,ONCA_2024onca145,33474,33496,shape_vol_abbr_page,"328354 B.C. Ltd., 2012",UNSUPPORTED,no,cross_boundary_invalid,cross_boundary_invalid,no,unverified (overlap only),
ONCA,ONCA_2024onca145,59541,59569,shape_vol_abbr_page,"539938 Ontario Limited, 2001",UNSUPPORTED,no,cross_boundary_invalid,cross_boundary_invalid,no,unverified (overlap only),
ONCA,ONCA_2024onca145,103289,103319,shape_vol_abbr_page,"8477 Darlington Crescent, 2011",UNSUPPORTED,no,cross_boundary_invalid,cross_boundary_invalid,no,unverified (overlap only),
ONCA,ONCA_2024onca147,5764,5789,shape_vol_abbr_page,"974649 Ontario Inc., 2001",UNSUPPORTED,no,cross_boundary_invalid,cross_boundary_invalid,no,unverified (overlap only),
ONCA,ONCA_2024onca128,14888,14913,shape_vol_abbr_page,"1581518 Ontario Ltd., 252",UNSUPPORTED,no,alternative_dominated_by_support,alternative_dominated_by_support,no,unverified (overlap only),
ONCA,ONCA_2024onca124,25295,25321,shape_vol_abbr_page,"1945086 Ontario Inc., 2019",UNSUPPORTED,no,cross_boundary_invalid,cross_boundary_invalid,no,unverified (overlap only),
ONCA,ONCA_2024onca383,2193,2222,shape_vol_abbr_page,"2426483 Ontario Limited, 2020",UNSUPPORTED,no,cross_boundary_invalid,cross_boundary_invalid,no,unverified (overlap only),
ONCA,ONCA_2024onca405,6320,6343,shape_vol_abbr_page,"686234 Ontario Ltd., 62",UNSUPPORTED,no,alternative_dominated_by_support,alternative_dominated_by_support,no,unverified (overlap only),
ONCA,ONCA_2024onca261,2665,2691,shape_vol_abbr_page,"2407553 Ontario Inc., 2021",UNSUPPORTED,no,cross_boundary_invalid,cross_boundary_invalid,no,unverified (overlap only),
ONCA,ONCA_2024onca262,6764,6790,shape_vol_abbr_page,"1714104 Ontario Inc., 2013",UNSUPPORTED,no,cross_boundary_invalid,cross_boundary_invalid,no,unverified (overlap only),
ONCA,ONCA_2024onca262,15273,15299,shape_vol_abbr_page,"1394734 Ontario Inc., 2007",UNSUPPORTED,no,cross_boundary_invalid,cross_boundary_invalid,no,unverified (overlap only),
ONCA,ONCA_2024onca315,35785,35811,shape_vol_abbr_page,"11180673 Canada Inc., 2021",UNSUPPORTED,no,cross_boundary_invalid,cross_boundary_invalid,no,unverified (overlap only),
ONCA,ONCA_2026onca370,18269,18294,shape_vol_abbr_page,"767269 Ontario Ltd., 2008",UNSUPPORTED,no,cross_boundary_invalid,cross_boundary_invalid,no,unverified (overlap only),
ONCA,ONCA_2026onca431,2268,2294,shape_vol_abbr_page,"2528061 Ontario Inc., 2023",UNSUPPORTED,no,cross_boundary_invalid,cross_boundary_invalid,no,unverified (overlap only),
ONCA,ONCA_2026onca431,23367,23393,shape_vol_abbr_page,"2436196 Ontario Inc., 2022",UNSUPPORTED,no,cross_boundary_invalid,cross_boundary_invalid,no,unverified (overlap only),
ONCA,ONCA_2026onca431,32076,32101,shape_vol_abbr_page,"3697584 Canada Inc., 2012",UNSUPPORTED,no,cross_boundary_invalid,cross_boundary_invalid,no,unverified (overlap only),
ONCA,ONCA_2026onca453,8613,8639,shape_vol_abbr_page,"1103919 Alberta Ltd., 2015",UNSUPPORTED,no,cross_boundary_invalid,cross_boundary_invalid,no,unverified (overlap only),
ONCA,ONCA_2026onca310,17709,17735,shape_vol_abbr_page,"2480375 Ontario Inc., 2020",UNSUPPORTED,no,cross_boundary_invalid,cross_boundary_invalid,no,unverified (overlap only),
ONCA,ONCA_2026onca288,6372,6432,shape_vol_abbr_page,"1704604 Ontario Ltd. V. Pointes Protection Association, 2018",UNSUPPORTED,no,cross_boundary_invalid,cross_boundary_invalid,no,unverified (overlap only),
ONCA,ONCA_2026onca352,100082,100108,shape_vol_abbr_page,"1979927 Alberta Ltd., 2024",UNSUPPORTED,no,cross_boundary_invalid,cross_boundary_invalid,no,unverified (overlap only),
ONCA,ONCA_2026onca352,100803,100838,shape_vol_abbr_page,"520 Steeles Developments Inc., 2020",UNSUPPORTED,no,cross_boundary_invalid,cross_boundary_invalid,no,unverified (overlap only),
ONCA,ONCA_2026onca362,4800,4826,shape_vol_abbr_page,"11037315 Canada Inc., 2025",UNSUPPORTED,no,cross_boundary_invalid,cross_boundary_invalid,no,unverified (overlap only),
ONCA,ONCA_2026onca334,26330,26355,shape_vol_abbr_page,"539938 Ontario Ltd., 2001",UNSUPPORTED,no,cross_boundary_invalid,cross_boundary_invalid,no,unverified (overlap only),
ONCA,ONCA_2026onca572,46635,46660,shape_vol_abbr_page,"195612 Ontario Inc., 2024",UNSUPPORTED,no,cross_boundary_invalid,cross_boundary_invalid,no,unverified (overlap only),
ONCA,ONCA_2026onca571,18643,18664,shape_vol_abbr_page,"0694813 BC Ltd., 2023",UNSUPPORTED,no,cross_boundary_invalid,cross_boundary_invalid,no,unverified (overlap only),
ONCA,ONCA_2026onca577,14012,14037,shape_vol_abbr_page,"2774046 Canada Inc., 2006",UNSUPPORTED,no,cross_boundary_invalid,cross_boundary_invalid,no,unverified (overlap only),
ONCA,ONCA_2026onca555,11480,11506,shape_vol_abbr_page,"1463096 Ontario Inc., 2018",UNSUPPORTED,no,cross_boundary_invalid,cross_boundary_invalid,no,unverified (overlap only),
ONCA,ONCA_2026onca553,8923,8948,shape_vol_abbr_page,"943240 Alberta Ltd., 2013",UNSUPPORTED,no,cross_boundary_invalid,cross_boundary_invalid,no,unverified (overlap only),
ONCA,ONCA_2026onca606,67095,67119,shape_vol_abbr_page,"121851 Canada Inc., 2015",UNSUPPORTED,no,cross_boundary_invalid,cross_boundary_invalid,no,unverified (overlap only),
ONCA,ONCA_2026onca545,37733,37752,shape_vol_abbr_page,"11386 NL Inc., 2026",UNSUPPORTED,no,cross_boundary_invalid,cross_boundary_invalid,no,unverified (overlap only),
ONCA,ONCA_2026onca544,16962,16991,shape_vol_abbr_page,"1000162497 Ontario Inc., 2024",UNSUPPORTED,no,cross_boundary_invalid,cross_boundary_invalid,no,unverified (overlap only),
ONCA,ONCA_2026onca544,23997,24023,shape_vol_abbr_page,"11977636 Canada Inc., 2025",UNSUPPORTED,no,cross_boundary_invalid,cross_boundary_invalid,no,unverified (overlap only),
ONCA,ONCA_2026onca481,46485,46511,shape_vol_abbr_page,"1435375 Ontario Ltd., 2013",UNSUPPORTED,no,cross_boundary_invalid,cross_boundary_invalid,no,unverified (overlap only),
ONCA,ONCA_c37565m28156,67545,67570,shape_vol_abbr_page,"974649 Ontario Inc., 2001",UNSUPPORTED,no,cross_boundary_invalid,cross_boundary_invalid,no,unverified (overlap only),
ONCA,ONCA_2026onca468,8042,8068,shape_vol_abbr_page,"1165996 Ontario Inc., 2017",UNSUPPORTED,no,cross_boundary_invalid,cross_boundary_invalid,no,unverified (overlap only),
ONCA,ONCA_2026onca468,13253,13280,shape_vol_abbr_page,"1976 Debentureholders, 2008",UNSUPPORTED,no,cross_boundary_invalid,cross_boundary_invalid,no,unverified (overlap only),
ONCA,ONCA_2026onca478,1364,1384,shape_vol_abbr_page,"2015 Inc. (Re), 2026",UNSUPPORTED,no,cross_boundary_invalid,cross_boundary_invalid,no,unverified (overlap only),
ONCA,ONCA_2026onca500,24319,24345,shape_vol_abbr_page,"1372708 Ontario Inc., 2017",UNSUPPORTED,no,cross_boundary_invalid,cross_boundary_invalid,no,unverified (overlap only),
ONCA,ONCA_2026onca500,25527,25553,shape_vol_abbr_page,"1398796 Ontario Inc., 2015",UNSUPPORTED,no,cross_boundary_invalid,cross_boundary_invalid,no,unverified (overlap only),
ONCA,ONCA_2026onca512,14871,14905,shape_vol_abbr_page,"33 Yorkville Residences Inc., 2023",UNSUPPORTED,no,cross_boundary_invalid,cross_boundary_invalid,no,unverified (overlap only),
ONCA,ONCA_c36802,8916,8940,shape_vol_abbr_page,539938 Ontario Ltd. 2001,UNSUPPORTED,no,cross_boundary_invalid,cross_boundary_invalid,no,unverified (overlap only),
ONCA,ONCA_c37160,12159,12184,shape_vol_abbr_page,"539938 Ontario Ltd., 2001",UNSUPPORTED,no,cross_boundary_invalid,cross_boundary_invalid,no,unverified (overlap only),
ONCA,ONCA_2012onca32,49633,49660,shape_vol_abbr_page,"5470 Investments Ltd., 2008",UNSUPPORTED,no,cross_boundary_invalid,cross_boundary_invalid,no,unverified (overlap only),
ONCA,ONCA_2011onca645,13971,13999,shape_vol_abbr_page,"407 ETR Concession Co., 2008",UNSUPPORTED,no,cross_boundary_invalid,cross_boundary_invalid,no,unverified (overlap only),
ONCA,ONCA_2011onca667,4020,4047,shape_vol_abbr_page,"1976 Debentureholders, 2008",UNSUPPORTED,no,cross_boundary_invalid,cross_boundary_invalid,no,unverified (overlap only),
ONCA,ONCA_2011onca771,1598,1628,shape_vol_abbr_page,"8477 Darlington Crescent, 2011",UNSUPPORTED,no,cross_boundary_invalid,cross_boundary_invalid,no,unverified (overlap only),
ONCA,ONCA_2012onca341,22428,22453,shape_vol_abbr_page,"539938 Ontario Ltd., 2001",UNSUPPORTED,no,cross_boundary_invalid,cross_boundary_invalid,no,unverified (overlap only),
ONCA,ONCA_2012onca326,8370,8395,shape_vol_abbr_page,"974649 Ontario Inc., 2001",UNSUPPORTED,no,cross_boundary_invalid,cross_boundary_invalid,no,unverified (overlap only),
ONCA,ONCA_2012onca444,38345,38371,shape_vol_abbr_page,"2038724 Ontario Ltd., 2010",UNSUPPORTED,no,cross_boundary_invalid,cross_boundary_invalid,no,unverified (overlap only),
ONCA,ONCA_2012onca134,21564,21589,shape_vol_abbr_page,"3464920 Canada Inc., 2007",UNSUPPORTED,no,cross_boundary_invalid,cross_boundary_invalid,no,unverified (overlap only),
ONCA,ONCA_2012onca249,20777,20797,shape_vol_abbr_page,"3000 Inc. (Re), 2006",UNSUPPORTED,no,cross_boundary_invalid,cross_boundary_invalid,no,unverified (overlap only),
ONCA,ONCA_2011onca224,2285,2306,shape_year_vol_page,"(2000), 2007 ONCA 743",UNSUPPORTED,no,alternative_dominated_by_support,alternative_dominated_by_support,no,unverified (overlap only),
ONCA,ONCA_2013onca576,9071,9097,shape_vol_abbr_page,"2195002 Ontario Inc., 2012",UNSUPPORTED,no,cross_boundary_invalid,cross_boundary_invalid,no,unverified (overlap only),
ONCA,ONCA_2013onca378,25144,25168,shape_vol_abbr_page,"851791 N.W.T. Ltd., 2004",UNSUPPORTED,no,cross_boundary_invalid,cross_boundary_invalid,no,unverified (overlap only),
ONCA,ONCA_2013onca375,8555,8570,shape_neutral_bare,"2011 ONCA, 2011",ON,yes,cross_boundary_invalid,cross_boundary_invalid,no,unverified (overlap only),
ONCA,ONCA_2013onca361,9560,9586,shape_vol_abbr_page,"1037598 Ontario Ltd., 2011",UNSUPPORTED,no,cross_boundary_invalid,cross_boundary_invalid,no,unverified (overlap only),
ONCA,ONCA_2013onca361,9829,9854,shape_vol_abbr_page,"6274013 Canada Ltd., 2012",UNSUPPORTED,no,cross_boundary_invalid,cross_boundary_invalid,no,unverified (overlap only),
ONCA,ONCA_2013onca360,13754,13779,shape_vol_abbr_page,"6274013 Canada Ltd., 2012",UNSUPPORTED,no,cross_boundary_invalid,cross_boundary_invalid,no,unverified (overlap only),
ONCA,ONCA_2013onca788,43470,43496,shape_vol_abbr_page,"1435375 Ontario Ltd., 2013",UNSUPPORTED,no,cross_boundary_invalid,cross_boundary_invalid,no,unverified (overlap only),
ONCA,ONCA_2014onca130,13329,13359,shape_vol_abbr_page,"8477 Darlington Crescent, 2011",UNSUPPORTED,no,cross_boundary_invalid,cross_boundary_invalid,no,unverified (overlap only),
ONCA,ONCA_2014onca101,28064,28082,shape_year_vol_page,"(2003), 2004 SCC 9",UNSUPPORTED,no,alternative_dominated_by_support,alternative_dominated_by_support,no,unverified (overlap only),
ONCA,ONCA_2013onca669,70397,70423,shape_vol_abbr_page,"1260539 Ontario Ltd., 2007",UNSUPPORTED,no,cross_boundary_invalid,cross_boundary_invalid,no,unverified (overlap only),
ONCA,ONCA_2013onca644,2273,2298,shape_vol_abbr_page,"171404 Ontario Inc., 2013",UNSUPPORTED,no,cross_boundary_invalid,cross_boundary_invalid,no,unverified (overlap only),
ONCA,ONCA_2013onca782,7093,7118,shape_vol_abbr_page,"974649 Ontario Inc., 2001",UNSUPPORTED,no,cross_boundary_invalid,cross_boundary_invalid,no,unverified (overlap only),
ONCA,ONCA_2012onca642,36574,36600,shape_vol_abbr_page,"1226071 Ontario Inc., 2009",UNSUPPORTED,no,cross_boundary_invalid,cross_boundary_invalid,no,unverified (overlap only),
ONCA,ONCA_2013onca120,3402,3427,shape_vol_abbr_page,"6274013 Canada Ltd., 2012",UNSUPPORTED,no,cross_boundary_invalid,cross_boundary_invalid,no,unverified (overlap only),
ONCA,ONCA_2013onca158,89799,89824,shape_vol_abbr_page,"974649 Ontario Inc., 2001",UNSUPPORTED,no,cross_boundary_invalid,cross_boundary_invalid,no,unverified (overlap only),
ONCA,ONCA_2013onca115,2301,2326,shape_vol_abbr_page,"6274013 Canada Ltd., 2012",UNSUPPORTED,no,cross_boundary_invalid,cross_boundary_invalid,no,unverified (overlap only),
ONCA,ONCA_2013onca258,37989,38014,shape_vol_abbr_page,"3464920 Canada Inc., 2007",UNSUPPORTED,no,cross_boundary_invalid,cross_boundary_invalid,no,unverified (overlap only),
ONCA,ONCA_2013onca246,60763,60789,shape_vol_abbr_page,"1431633 Ontario Inc., 2010",UNSUPPORTED,no,cross_boundary_invalid,cross_boundary_invalid,no,unverified (overlap only),
ONCA,ONCA_2012onca798,56020,56045,shape_vol_abbr_page,"974649 Ontario Inc., 2001",UNSUPPORTED,no,cross_boundary_invalid,cross_boundary_invalid,no,unverified (overlap only),
ONCA,ONCA_2012onca851,6415,6440,shape_vol_abbr_page,"973976 Ontario Ltd., 2010",UNSUPPORTED,no,cross_boundary_invalid,cross_boundary_invalid,no,unverified (overlap only),
ONCA,ONCA_2012onca838,25874,25900,shape_vol_abbr_page,"1504413 Ontario Ltd., 2008",UNSUPPORTED,no,cross_boundary_invalid,cross_boundary_invalid,no,unverified (overlap only),
ONCA,ONCA_2022onca635,17217,17242,shape_vol_abbr_page,"2471256 Canada Inc., 2016",UNSUPPORTED,no,cross_boundary_invalid,cross_boundary_invalid,no,unverified (overlap only),
ONCA,ONCA_2022onca607,13615,13641,shape_vol_abbr_page,"2407553 Ontario Inc., 2021",UNSUPPORTED,no,cross_boundary_invalid,cross_boundary_invalid,no,unverified (overlap only),
ONCA,ONCA_2022onca663,26657,26681,shape_vol_abbr_page,"121851 Canada Inc., 2015",UNSUPPORTED,no,cross_boundary_invalid,cross_boundary_invalid,no,unverified (overlap only),
ONCA,ONCA_2022onca670,13616,13646,shape_vol_abbr_page,"30 Roe Investments Corp., 2022",UNSUPPORTED,no,cross_boundary_invalid,cross_boundary_invalid,no,unverified (overlap only),
ONCA,ONCA_2022onca670,13858,13884,shape_vol_abbr_page,"2321197 Ontario Inc., 2019",UNSUPPORTED,no,cross_boundary_invalid,cross_boundary_invalid,no,unverified (overlap only),
ONCA,ONCA_2022onca670,19737,19763,shape_vol_abbr_page,"1324789 Ontario Inc., 2021",UNSUPPORTED,no,cross_boundary_invalid,cross_boundary_invalid,no,unverified (overlap only),
ONCA,ONCA_2022onca549,81109,81133,shape_vol_abbr_page,"121851 Canada Inc., 2015",UNSUPPORTED,no,cross_boundary_invalid,cross_boundary_invalid,no,unverified (overlap only),
ONCA,ONCA_2022onca529,10989,11015,shape_vol_abbr_page,"1463096 Ontario Inc., 2018",UNSUPPORTED,no,cross_boundary_invalid,cross_boundary_invalid,no,unverified (overlap only),
ONCA,ONCA_2022onca504,43504,43530,shape_vol_abbr_page,"2281165 Ontario Ltd., 2018",UNSUPPORTED,no,cross_boundary_invalid,cross_boundary_invalid,no,unverified (overlap only),
ONCA,ONCA_2022onca504,48273,48299,shape_vol_abbr_page,"1565627 Ontario Ltd., 2007",UNSUPPORTED,no,cross_boundary_invalid,cross_boundary_invalid,no,unverified (overlap only),
ONCA,ONCA_2022onca575,11794,11821,shape_vol_abbr_page,"11534599 Canada Corp., 2021",UNSUPPORTED,no,cross_boundary_invalid,cross_boundary_invalid,no,unverified (overlap only),
ONCA,ONCA_2022onca575,45901,45926,shape_vol_abbr_page,"1923159 Ontario Inc, 2022",UNSUPPORTED,no,cross_boundary_invalid,cross_boundary_invalid,no,unverified (overlap only),
ONCA,ONCA_2022onca585,17158,17184,shape_vol_abbr_page,"2410077 Ontario Ltd., 2020",UNSUPPORTED,no,cross_boundary_invalid,cross_boundary_invalid,no,unverified (overlap only),
ONCA,ONCA_2022onca585,17613,17643,shape_vol_abbr_page,"8477 Darlington Crescent, 2011",UNSUPPORTED,no,cross_boundary_invalid,cross_boundary_invalid,no,unverified (overlap only),
ONCA,ONCA_2022onca567,176104,176126,shape_vol_abbr_page,"420413 B.C. Ltd., 2009",UNSUPPORTED,no,cross_boundary_invalid,cross_boundary_invalid,no,unverified (overlap only),
ONCA,ONCA_2022onca573,12124,12150,shape_vol_abbr_page,"1497601 Ontario Ltd., 2012",UNSUPPORTED,no,cross_boundary_invalid,cross_boundary_invalid,no,unverified (overlap only),
ONCA,ONCA_2022onca589,21416,21445,shape_vol_abbr_page,"1839563 Ontario Limited, 2020",UNSUPPORTED,no,cross_boundary_invalid,cross_boundary_invalid,no,unverified (overlap only),
ONCA,ONCA_2022onca788,19252,19278,shape_vol_abbr_page,"1633092 Ontario Ltd., 2019",UNSUPPORTED,no,cross_boundary_invalid,cross_boundary_invalid,no,unverified (overlap only),
ONCA,ONCA_2022onca745,7774,7800,shape_vol_abbr_page,"1643937 Ontario Inc., 2021",UNSUPPORTED,no,cross_boundary_invalid,cross_boundary_invalid,no,unverified (overlap only),
ONCA,ONCA_2022onca276,11988,12014,shape_vol_abbr_page,"1299781 Ontario Inc., 2017",UNSUPPORTED,no,cross_boundary_invalid,cross_boundary_invalid,no,unverified (overlap only),
ONCA,ONCA_2022onca322,6734,6759,shape_vol_abbr_page,"6706037 Canada Inc., 2019",UNSUPPORTED,no,cross_boundary_invalid,cross_boundary_invalid,no,unverified (overlap only),
ONCA,ONCA_2022onca322,29173,29199,shape_vol_abbr_page,"2174112 Ontario Inc., 2013",UNSUPPORTED,no,cross_boundary_invalid,cross_boundary_invalid,no,unverified (overlap only),
ONCA,ONCA_2022onca322,67696,67721,shape_vol_abbr_page,"9706151 Canada Ltd., 2019",UNSUPPORTED,no,cross_boundary_invalid,cross_boundary_invalid,no,unverified (overlap only),
ONCA,ONCA_2022onca320,9555,9581,shape_vol_abbr_page,"1047535 Ontario Ltd., 2021",UNSUPPORTED,no,cross_boundary_invalid,cross_boundary_invalid,no,unverified (overlap only),
ONCA,ONCA_2022onca320,10019,10045,shape_vol_abbr_page,"1047535 Ontario Ltd., 2021",UNSUPPORTED,no,cross_boundary_invalid,cross_boundary_invalid,no,unverified (overlap only),
ONCA,ONCA_2022onca321,10805,10844,shape_vol_abbr_page,"100 Investment Limited Partnership, 355",UNSUPPORTED,no,alternative_dominated_by_support,alternative_dominated_by_support,no,unverified (overlap only),
ONCA,ONCA_2022onca202,72105,72130,shape_vol_abbr_page,"2026998 Alberta Ltd, 2021",UNSUPPORTED,no,cross_boundary_invalid,cross_boundary_invalid,no,unverified (overlap only),
ONCA,ONCA_2022onca453,10207,10233,shape_vol_abbr_page,"2082100 Ontario Inc., 2021",UNSUPPORTED,no,cross_boundary_invalid,cross_boundary_invalid,no,unverified (overlap only),
ONCA,ONCA_2022onca479,6358,6384,shape_vol_abbr_page,"2321197 Ontario Inc., 2019",UNSUPPORTED,no,cross_boundary_invalid,cross_boundary_invalid,no,unverified (overlap only),
ONCA,ONCA_2022onca494,7656,7682,shape_vol_abbr_page,"2088556 Ontario Inc., 2020",UNSUPPORTED,no,cross_boundary_invalid,cross_boundary_invalid,no,unverified (overlap only),
ONCA,ONCA_2023onca377,7611,7637,shape_vol_abbr_page,"2745206 Ontario Inc., 2022",UNSUPPORTED,no,cross_boundary_invalid,cross_boundary_invalid,no,unverified (overlap only),
ONCA,ONCA_2023onca377,17855,17880,shape_vol_abbr_page,"9660143 Canada Inc., 2022",UNSUPPORTED,no,cross_boundary_invalid,cross_boundary_invalid,no,unverified (overlap only),
ONCA,ONCA_2023onca391,21603,21629,shape_vol_abbr_page,"2394762 Ontario Inc., 2022",UNSUPPORTED,no,cross_boundary_invalid,cross_boundary_invalid,no,unverified (overlap only),
ONCA,ONCA_2023onca391,21654,21680,shape_vol_abbr_page,"11037315 Canada Inc., 2022",UNSUPPORTED,no,cross_boundary_invalid,cross_boundary_invalid,no,unverified (overlap only),
ONCA,ONCA_2023onca450,27246,27272,shape_vol_abbr_page,"1714104 Ontario Inc., 2013",UNSUPPORTED,no,cross_boundary_invalid,cross_boundary_invalid,no,unverified (overlap only),
ONCA,ONCA_2023onca450,67948,67974,shape_vol_abbr_page,"1299781 Ontario Inc., 2017",UNSUPPORTED,no,cross_boundary_invalid,cross_boundary_invalid,no,unverified (overlap only),
ONCA,ONCA_2023onca451,4843,4870,shape_vol_abbr_page,"1976 Debentureholders, 2008",UNSUPPORTED,no,cross_boundary_invalid,cross_boundary_invalid,no,unverified (overlap only),
ONCA,ONCA_2023onca319,20959,20981,shape_vol_abbr_page,"0941187 B.C. Ltd, 2015",UNSUPPORTED,no,cross_boundary_invalid,cross_boundary_invalid,no,unverified (overlap only),
ONCA,ONCA_2023onca322,16534,16560,shape_vol_abbr_page,"1565627 Ontario Ltd., 2007",UNSUPPORTED,no,cross_boundary_invalid,cross_boundary_invalid,no,unverified (overlap only),
ONCA,ONCA_2023onca360,34720,34744,shape_vol_abbr_page,"121851 Canada Inc., 2015",UNSUPPORTED,no,cross_boundary_invalid,cross_boundary_invalid,no,unverified (overlap only),
ONCA,ONCA_2023onca359,21529,21553,shape_vol_abbr_page,"121851 Canada Inc., 2015",UNSUPPORTED,no,cross_boundary_invalid,cross_boundary_invalid,no,unverified (overlap only),
ONCA,ONCA_2023onca566,7239,7265,shape_vol_abbr_page,"1643937 Ontario Inc., 2021",UNSUPPORTED,no,cross_boundary_invalid,cross_boundary_invalid,no,unverified (overlap only),
ONCA,ONCA_2023onca475,9391,9417,shape_vol_abbr_page,"2436196 Ontario Inc., 2022",UNSUPPORTED,no,cross_boundary_invalid,cross_boundary_invalid,no,unverified (overlap only),
ONCA,ONCA_2023onca528,18441,18463,shape_vol_abbr_page,"1 King West Inc., 2010",UNSUPPORTED,no,cross_boundary_invalid,cross_boundary_invalid,no,unverified (overlap only),
ONCA,ONCA_2023onca528,22119,22148,shape_vol_abbr_page,"1529439 Ontario Limited, 2021",UNSUPPORTED,no,cross_boundary_invalid,cross_boundary_invalid,no,unverified (overlap only),
ONCA,ONCA_2023onca527,8166,8192,shape_vol_abbr_page,"2099232 Ontario Inc., 2018",UNSUPPORTED,no,cross_boundary_invalid,cross_boundary_invalid,no,unverified (overlap only),
ONCA,ONCA_2023onca519,8142,8167,shape_vol_abbr_page,"6706037 Canada Inc., 2019",UNSUPPORTED,no,cross_boundary_invalid,cross_boundary_invalid,no,unverified (overlap only),
ONCA,ONCA_2023onca522,20146,20172,shape_vol_abbr_page,"2453912 Ontario Inc., 2019",UNSUPPORTED,no,cross_boundary_invalid,cross_boundary_invalid,no,unverified (overlap only),
ONCA,ONCA_2023onca92,16276,16301,shape_vol_abbr_page,"3966305 Canada Inc., 2020",UNSUPPORTED,no,cross_boundary_invalid,cross_boundary_invalid,no,unverified (overlap only),
ONCA,ONCA_2023onca92,23472,23499,shape_vol_abbr_page,"1976 Debentureholders, 2008",UNSUPPORTED,no,cross_boundary_invalid,cross_boundary_invalid,no,unverified (overlap only),
ONCA,ONCA_2023onca34,9760,9786,shape_vol_abbr_page,"2453913 Ontario Inc., 2019",UNSUPPORTED,no,cross_boundary_invalid,cross_boundary_invalid,no,unverified (overlap only),
ONCA,ONCA_2023onca255,17539,17565,shape_vol_abbr_page,"1845035 Ontario Inc., 2020",UNSUPPORTED,no,cross_boundary_invalid,cross_boundary_invalid,no,unverified (overlap only),
ONCA,ONCA_2023onca135,59801,59827,shape_vol_abbr_page,"1324789 Ontario Inc., 2022",UNSUPPORTED,no,cross_boundary_invalid,cross_boundary_invalid,no,unverified (overlap only),
ONCA,ONCA_2023onca190,4731,4758,shape_vol_abbr_page,"11534599 Canada Corp., 2021",UNSUPPORTED,no,cross_boundary_invalid,cross_boundary_invalid,no,unverified (overlap only),
ONCA,ONCA_2023onca190,5046,5073,shape_vol_abbr_page,"11534599 Canada Corp., 2022",UNSUPPORTED,no,cross_boundary_invalid,cross_boundary_invalid,no,unverified (overlap only),
ONCA,ONCA_2023onca189,7171,7197,shape_vol_abbr_page,"1636891 Ontario Inc., 2012",UNSUPPORTED,no,cross_boundary_invalid,cross_boundary_invalid,no,unverified (overlap only),
ONCA,ONCA_2021onca155,7883,7909,shape_vol_abbr_page,"1728106 Ontario Inc., 2017",UNSUPPORTED,no,cross_boundary_invalid,cross_boundary_invalid,no,unverified (overlap only),
ONCA,ONCA_2021onca190,22005,22030,shape_vol_abbr_page,"974649 Ontario Inc., 2001",UNSUPPORTED,no,cross_boundary_invalid,cross_boundary_invalid,no,unverified (overlap only),
ONCA,ONCA_2021onca159,28597,28622,shape_vol_abbr_page,"539938 Ontario Ltd., 2001",UNSUPPORTED,no,cross_boundary_invalid,cross_boundary_invalid,no,unverified (overlap only),
ONCA,ONCA_2021onca159,38663,38689,shape_vol_abbr_page,"1319273 Ontario Ltd., 2008",UNSUPPORTED,no,cross_boundary_invalid,cross_boundary_invalid,no,unverified (overlap only),
ONCA,ONCA_2021onca151,18591,18617,shape_vol_abbr_page,"2088556 Ontario Inc., 2020",UNSUPPORTED,no,cross_boundary_invalid,cross_boundary_invalid,no,unverified (overlap only),
ONCA,ONCA_2021onca229,5518,5544,shape_vol_abbr_page,"1728106 Ontario Inc., 2017",UNSUPPORTED,no,cross_boundary_invalid,cross_boundary_invalid,no,unverified (overlap only),
ONCA,ONCA_2021onca215,21071,21097,shape_vol_abbr_page,"1570710 Ontario Ltd., 2010",UNSUPPORTED,no,cross_boundary_invalid,cross_boundary_invalid,no,unverified (overlap only),
ONCA,ONCA_2021onca201,147264,147290,shape_vol_abbr_page,"2099232 Ontario Inc., 2018",UNSUPPORTED,no,cross_boundary_invalid,cross_boundary_invalid,no,unverified (overlap only),
ONCA,ONCA_2021onca201,246714,246740,shape_vol_abbr_page,"2099232 Ontario Inc., 2018",UNSUPPORTED,no,cross_boundary_invalid,cross_boundary_invalid,no,unverified (overlap only),
ONCA,ONCA_2021onca143,28279,28302,shape_vol_abbr_page,"1 Consulting Inc., 2019",UNSUPPORTED,no,cross_boundary_invalid,cross_boundary_invalid,no,unverified (overlap only),
ONCA,ONCA_2021onca95,48249,48275,shape_vol_abbr_page,"1165996 Ontario Inc., 2017",UNSUPPORTED,no,cross_boundary_invalid,cross_boundary_invalid,no,unverified (overlap only),
ONCA,ONCA_2021onca104,20905,20929,shape_vol_abbr_page,"121851 Canada Inc., 2015",UNSUPPORTED,no,cross_boundary_invalid,cross_boundary_invalid,no,unverified (overlap only),
ONCA,ONCA_2021onca385,18519,18546,shape_vol_abbr_page,"1976 Debentureholders, 2008",UNSUPPORTED,no,cross_boundary_invalid,cross_boundary_invalid,no,unverified (overlap only),
ONCA,ONCA_2021onca364,33513,33538,shape_vol_abbr_page,"1905393 Alberta Ltd, 2019",UNSUPPORTED,no,cross_boundary_invalid,cross_boundary_invalid,no,unverified (overlap only),
ONCA,ONCA_2021onca364,40495,40521,shape_vol_abbr_page,"2321197 Ontario Inc., 2019",UNSUPPORTED,no,cross_boundary_invalid,cross_boundary_invalid,no,unverified (overlap only),
ONCA,ONCA_2021onca364,40595,40621,shape_vol_abbr_page,"2026998 Alberta Ltd., 2020",UNSUPPORTED,no,cross_boundary_invalid,cross_boundary_invalid,no,unverified (overlap only),
ONCA,ONCA_2021onca364,40954,40980,shape_vol_abbr_page,"1951584 Ontario Inc., 2018",UNSUPPORTED,no,cross_boundary_invalid,cross_boundary_invalid,no,unverified (overlap only),
ONCA,ONCA_2021onca279,29199,29225,shape_vol_abbr_page,"2088556 Ontario Inc., 2020",UNSUPPORTED,no,cross_boundary_invalid,cross_boundary_invalid,no,unverified (overlap only),
ONCA,ONCA_2021onca279,32037,32062,shape_vol_abbr_page,"4358376 Canada Inc., 2014",UNSUPPORTED,no,cross_boundary_invalid,cross_boundary_invalid,no,unverified (overlap only),
ONCA,ONCA_2021onca245,7636,7651,shape_vol_abbr_page,"2011 Ltd., 2020",UNSUPPORTED,no,cross_boundary_invalid,cross_boundary_invalid,no,unverified (overlap only),
ONCA,ONCA_2021onca250,2590,2616,shape_vol_abbr_page,"2321324 Ontario Inc., 2017",UNSUPPORTED,no,cross_boundary_invalid,cross_boundary_invalid,no,unverified (overlap only),
ONCA,ONCA_2021onca250,2637,2663,shape_vol_abbr_page,"2321324 Ontario Inc., 2020",UNSUPPORTED,no,cross_boundary_invalid,cross_boundary_invalid,no,unverified (overlap only),
ONCA,ONCA_2021onca52,38999,39025,shape_vol_abbr_page,"2099232 Ontario Inc., 2018",UNSUPPORTED,no,cross_boundary_invalid,cross_boundary_invalid,no,unverified (overlap only),
ONCA,ONCA_2021onca52,39300,39326,shape_vol_abbr_page,"1766998 Ontario Inc., 2014",UNSUPPORTED,no,cross_boundary_invalid,cross_boundary_invalid,no,unverified (overlap only),
ONCA,ONCA_2021onca52,58597,58623,shape_vol_abbr_page,"2099232 Ontario Inc., 2018",UNSUPPORTED,no,cross_boundary_invalid,cross_boundary_invalid,no,unverified (overlap only),
ONCA,ONCA_2020onca681,8472,8497,shape_vol_abbr_page,"7636156 Canada Inc., 2018",UNSUPPORTED,no,cross_boundary_invalid,cross_boundary_invalid,no,unverified (overlap only),
ONCA,ONCA_2020onca720,16756,16781,shape_vol_abbr_page,"974649 Ontario Inc., 2001",UNSUPPORTED,no,cross_boundary_invalid,cross_boundary_invalid,no,unverified (overlap only),
ONCA,ONCA_2020onca714,25038,25064,shape_vol_abbr_page,"2099232 Ontario Inc., 2018",UNSUPPORTED,no,cross_boundary_invalid,cross_boundary_invalid,no,unverified (overlap only),
ONCA,ONCA_2020onca645,8678,8713,shape_vol_abbr_page,"260 Wellesley Residences Inc., 2017",UNSUPPORTED,no,cross_boundary_invalid,cross_boundary_invalid,no,unverified (overlap only),
ONCA,ONCA_2020onca625,10939,10965,shape_vol_abbr_page,"1165996 Ontario Inc., 2017",UNSUPPORTED,no,cross_boundary_invalid,cross_boundary_invalid,no,unverified (overlap only),
ONCA,ONCA_2020onca622,71983,72008,shape_vol_abbr_page,"3464920 Canada Inc., 2007",UNSUPPORTED,no,cross_boundary_invalid,cross_boundary_invalid,no,unverified (overlap only),
ONCA,ONCA_2020onca631,7611,7636,shape_vol_abbr_page,"814888 Ontario Inc., 2012",UNSUPPORTED,no,cross_boundary_invalid,cross_boundary_invalid,no,unverified (overlap only),
ONCA,ONCA_2020onca812,22014,22039,shape_vol_abbr_page,"6706037 Canada Inc., 2019",UNSUPPORTED,no,cross_boundary_invalid,cross_boundary_invalid,no,unverified (overlap only),
ONCA,ONCA_2021onca57,21943,21969,shape_vol_abbr_page,"1887401 Ontario Ltd., 2015",UNSUPPORTED,no,cross_boundary_invalid,cross_boundary_invalid,no,unverified (overlap only),
ONCA,ONCA_2021onca45,27535,27562,shape_vol_abbr_page,"1976 Debentureholders, 2008",UNSUPPORTED,no,cross_boundary_invalid,cross_boundary_invalid,no,unverified (overlap only),
ONCA,ONCA_2021onca830,4286,4312,shape_vol_abbr_page,"1667038 Ontario Inc., 2012",UNSUPPORTED,no,cross_boundary_invalid,cross_boundary_invalid,no,unverified (overlap only),
ONCA,ONCA_2021onca853,75241,75266,shape_vol_abbr_page,"3464920 Canada Inc., 2007",UNSUPPORTED,no,cross_boundary_invalid,cross_boundary_invalid,no,unverified (overlap only),
ONCA,ONCA_2021onca847,24479,24505,shape_vol_abbr_page,"1728106 Ontario Inc., 2016",UNSUPPORTED,no,cross_boundary_invalid,cross_boundary_invalid,no,unverified (overlap only),
ONCA,ONCA_2021onca886,9951,9979,shape_vol_abbr_page,"798839 Ontario Limited, 2020",UNSUPPORTED,no,cross_boundary_invalid,cross_boundary_invalid,no,unverified (overlap only),
ONCA,ONCA_2021onca768,3447,3473,shape_vol_abbr_page,"2057161 Ontario Inc., 2015",UNSUPPORTED,no,cross_boundary_invalid,cross_boundary_invalid,no,unverified (overlap only),
ONCA,ONCA_2021onca722,5816,5843,shape_vol_abbr_page,"24803375 Ontario Inc., 2019",UNSUPPORTED,no,cross_boundary_invalid,cross_boundary_invalid,no,unverified (overlap only),
ONCA,ONCA_2022onca105,4536,4561,shape_vol_abbr_page,"6274013 Canada Ltd., 2012",UNSUPPORTED,no,cross_boundary_invalid,cross_boundary_invalid,no,unverified (overlap only),
ONCA,ONCA_2022onca89,20290,20315,shape_vol_abbr_page,"9706151 Canada Ltd., 2019",UNSUPPORTED,no,cross_boundary_invalid,cross_boundary_invalid,no,unverified (overlap only),
ONCA,ONCA_2022onca90,5434,5460,shape_vol_abbr_page,"1643937 Ontario Inc., 2021",UNSUPPORTED,no,cross_boundary_invalid,cross_boundary_invalid,no,unverified (overlap only),
ONCA,ONCA_2022onca150,7606,7632,shape_vol_abbr_page,"1324789 Ontario Inc., 2021",UNSUPPORTED,no,cross_boundary_invalid,cross_boundary_invalid,no,unverified (overlap only),
ONCA,ONCA_2022onca10,17809,17835,shape_vol_abbr_page,"1842259 Ontario Ltd., 2018",UNSUPPORTED,no,cross_boundary_invalid,cross_boundary_invalid,no,unverified (overlap only),
ONCA,ONCA_2022onca10,20180,20206,shape_vol_abbr_page,"1728106 Ontario Inc., 2017",UNSUPPORTED,no,cross_boundary_invalid,cross_boundary_invalid,no,unverified (overlap only),
ONCA,ONCA_2021onca549,3954,3980,shape_vol_abbr_page,"2088556 Ontario Inc., 2020",UNSUPPORTED,no,cross_boundary_invalid,cross_boundary_invalid,no,unverified (overlap only),
ONCA,ONCA_2021onca581,19415,19441,shape_vol_abbr_page,"2407553 Ontario Inc., 2021",UNSUPPORTED,no,cross_boundary_invalid,cross_boundary_invalid,no,unverified (overlap only),
ONCA,ONCA_2021onca551,42189,42215,shape_vol_abbr_page,"2453912 Ontario Inc., 2019",UNSUPPORTED,no,cross_boundary_invalid,cross_boundary_invalid,no,unverified (overlap only),
ONCA,ONCA_2021onca519,10259,10280,shape_year_vol_page,"(2012), 2013 ONCJ 160",UNSUPPORTED,no,alternative_dominated_by_support,alternative_dominated_by_support,no,unverified (overlap only),
ONCA,ONCA_2021onca537,6764,6790,shape_vol_abbr_page,"2088556 Ontario Inc., 2020",UNSUPPORTED,no,cross_boundary_invalid,cross_boundary_invalid,no,unverified (overlap only),
ONCA,ONCA_2021onca424,17278,17305,shape_vol_abbr_page,"1976 Debentureholders, 2008",UNSUPPORTED,no,cross_boundary_invalid,cross_boundary_invalid,no,unverified (overlap only),
ONCA,ONCA_2021onca746,6632,6657,shape_vol_abbr_page,"767269 Ontario Ltd., 2008",UNSUPPORTED,no,cross_boundary_invalid,cross_boundary_invalid,no,unverified (overlap only),
ONCA,ONCA_2021onca425,2970,3010,shape_vol_abbr_page,"407 ETR Concession Company Limited, 2012",UNSUPPORTED,no,cross_boundary_invalid,cross_boundary_invalid,no,unverified (overlap only),
ONCA,ONCA_2021onca425,3442,3468,shape_vol_abbr_page,"1951484 Ontario Inc., 2018",UNSUPPORTED,no,cross_boundary_invalid,cross_boundary_invalid,no,unverified (overlap only),
ONCA,ONCA_2021onca445,14605,14631,shape_vol_abbr_page,"1643937 Ontario Inc., 2021",UNSUPPORTED,no,cross_boundary_invalid,cross_boundary_invalid,no,unverified (overlap only),
ONCA,ONCA_2021onca458,3551,3577,shape_vol_abbr_page,"1728106 Ontario Inc., 2017",UNSUPPORTED,no,cross_boundary_invalid,cross_boundary_invalid,no,unverified (overlap only),
ONCA,ONCA_2021onca613,9315,9341,shape_vol_abbr_page,"2407553 Ontario Inc., 2021",UNSUPPORTED,no,cross_boundary_invalid,cross_boundary_invalid,no,unverified (overlap only),
ONCA,ONCA_2021onca589,9289,9315,shape_vol_abbr_page,"1324789 Ontario Inc., 2019",UNSUPPORTED,no,cross_boundary_invalid,cross_boundary_invalid,no,unverified (overlap only),
ONCA,ONCA_2021onca589,20332,20358,shape_vol_abbr_page,"1324789 Ontario Inc., 2020",UNSUPPORTED,no,cross_boundary_invalid,cross_boundary_invalid,no,unverified (overlap only),
ONCA,ONCA_2021onca589,44166,44192,shape_vol_abbr_page,"1324789 Ontario Inc., 2020",UNSUPPORTED,no,cross_boundary_invalid,cross_boundary_invalid,no,unverified (overlap only),
ONCA,ONCA_2021onca589,44923,44949,shape_vol_abbr_page,"1324789 Ontario Inc., 2019",UNSUPPORTED,no,cross_boundary_invalid,cross_boundary_invalid,no,unverified (overlap only),
ONCA,ONCA_2021onca589,63164,63190,shape_vol_abbr_page,"2496110 Ontario Inc., 2020",UNSUPPORTED,no,cross_boundary_invalid,cross_boundary_invalid,no,unverified (overlap only),
