abbreviation,normalized_key,jurisdiction,vol_range_start,vol_range_end,year_range_start,year_range_end,confidence,verification_level,source,source_locator,added_date,notes,old_value,new_value,evidence_quote
S.C.R.,scr,CA,,,,,estimated,verified_research_agent,Cardiff Index to Legal Abbreviations,https://legalabbrevs.cardiff.ac.uk/record/supreme-court-reports-canada/ ; https://legalabbrevs.cardiff.ac.uk/record/canada-law-reports-supreme-court/ ; https://legalabbrevs.cardiff.ac.uk/record/canada-supreme-court-reports/,2026-09-09,"Canada Supreme Court Reports；债4核实提案 2026-09-15：Cardiff 记录与现判定一致（verified_research_agent；research agent，not human-reviewed）；Cardiff: Supreme Court Reports, Canada（Period 1876-1922；Jurisdiction Canada）；Cardiff: Canada Law Reports, Supreme Court（Period 1923-1969；Jurisdiction Canada）；Cardiff: Canada Supreme Court Reports（Period 1970-；Jurisdiction Canada）",CA,CA,"Supreme Court Reports, Canada || Preferred Abbreviation || S.C.R. || Alternative Abbreviations || Can.S.C., Can.S.C.R., Can.S.C.Rep., Can.S.Ct., Can.Sup.Ct., Duv.(Can.), Duval, Mast., S.C.R. || Period || 1876-1922 || Jurisdiction || Canada || Canada Law Reports, Supreme Court || Preferred Abbreviation || S.C.R or R.C.S. || Alternative Abbreviations || Can.S.Ct., R.C.S., S.C.R or R.C.S., S.C.R., S.C.R. or R.C.S., SCR || Period || 1923-1969 || Jurisdiction || Canada || Canada Supreme Court Reports || Preferred Abbreviation || S.C.R or R.C.S. || Alternative Abbreviations || R.C.S., S.C.R or R.C.S., S.C.R., S.C.R. or R.C.S. || Period || 1970- || Jurisdiction || Canada"
C.C.C.,ccc,CA,,,,,estimated,verified_research_agent,Cardiff Index to Legal Abbreviations,https://legalabbrevs.cardiff.ac.uk/record/canadian-criminal-cases/,2026-09-09,Canadian Criminal Cases；债4核实提案 2026-09-15：Cardiff 记录与现判定一致（verified_research_agent；research agent，not human-reviewed）；Cardiff: Canadian Criminal Cases（Period 1893-1970；Jurisdiction Canada）,CA,CA,"Canadian Criminal Cases || Preferred Abbreviation || C.C.C. || Alternative Abbreviations || C.& C.C., C.C.C., Can.Cr.Cas., Can.Crim.Cas., CCC || Period || 1893-1970 || Jurisdiction || Canada"
O.R.,or,ON,,,,,estimated,verified_research_agent,Cardiff Index to Legal Abbreviations,https://legalabbrevs.cardiff.ac.uk/record/ontario-reports/,2026-09-09,"Ontario Reports；债4核实提案 2026-09-15：Cardiff 记录与现判定一致（verified_research_agent；research agent，not human-reviewed）；Cardiff: Ontario Reports（Period 1882-1900；Jurisdiction Canada, Ontario）",ON,ON,"Ontario Reports || Preferred Abbreviation || — || Alternative Abbreviations || O.R., Ont.R., OR || Period || 1882-1900 || Jurisdiction || Canada, Ontario"
D.L.R.,dlr,CA,,,,,estimated,verified_research_agent,Cardiff Index to Legal Abbreviations,https://legalabbrevs.cardiff.ac.uk/record/dominion-law-reports/,2026-09-09,Dominion Law Reports（全国性）；债4核实提案 2026-09-15：Cardiff 记录与现判定一致（verified_research_agent；research agent，not human-reviewed）；Cardiff: Dominion Law Reports（Period 1912-1955；Jurisdiction Canada）,CA,CA,"Dominion Law Reports || Preferred Abbreviation || D.L.R. || Alternative Abbreviations || D.L.R., DLR, Dom.L.R. || Period || 1912-1955 || Jurisdiction || Canada"
A.C.,ac,GB,,,,,estimated,verified_research_agent,Cardiff Index to Legal Abbreviations,https://legalabbrevs.cardiff.ac.uk/record/law-reports-appeal-cases-third-series/ ; https://legalabbrevs.cardiff.ac.uk/record/law-reports-appeal-cases-second-series/,2026-09-09,"Appeal Cases（英国 Law Reports，1891- ）。枢密院案件亦印于此，案件真实来源地属 case_origin.csv 辖区，与本列不必相等；债4核实提案 2026-09-15：Cardiff 记录与现判定一致（verified_research_agent；research agent，not human-reviewed）；Cardiff: Law Reports, Appeal Cases (Third Series)（Period 1891-；Jurisdiction England & Wales）；Cardiff: Law Reports, Appeal Cases (Second Series)（Period 1875-1890；Jurisdiction England & Wales）",GB,GB,"Law Reports, Appeal Cases (Third Series) || Preferred Abbreviation || AC || Alternative Abbreviations || A.C., AC, App., App.Cas. || Period || 1891- || Jurisdiction || England & Wales || Law Reports, Appeal Cases (Second Series) || Preferred Abbreviation || App.Cas. || Alternative Abbreviations || App.Cas., L.R.A.C., L.R.App., L.R.App.Cas., Law Rep.App.Cas. || Period || 1875-1890 || Jurisdiction || England & Wales"
Can. S.C.R.,canscr,CA,,,,,estimated,verified_research_agent,Cardiff Index to Legal Abbreviations,https://legalabbrevs.cardiff.ac.uk/record/canada-law-reports-supreme-court/ ; https://legalabbrevs.cardiff.ac.uk/record/canada-supreme-court-reports/,2026-09-09,"Canada Supreme Court Reports 的另一印刷形（归一族 canscr）；债4核实提案 2026-09-15：Cardiff 记录与现判定一致（verified_research_agent；research agent，not human-reviewed）；Cardiff: Canada Law Reports, Supreme Court（Period 1923-1969；Jurisdiction Canada）；Cardiff: Canada Supreme Court Reports（Period 1970-；Jurisdiction Canada）",CA,CA,"Canada Law Reports, Supreme Court || Preferred Abbreviation || S.C.R or R.C.S. || Alternative Abbreviations || Can.S.Ct., R.C.S., S.C.R or R.C.S., S.C.R., S.C.R. or R.C.S., SCR || Period || 1923-1969 || Jurisdiction || Canada || Canada Supreme Court Reports || Preferred Abbreviation || S.C.R or R.C.S. || Alternative Abbreviations || R.C.S., S.C.R or R.C.S., S.C.R., S.C.R. or R.C.S. || Period || 1970- || Jurisdiction || Canada"
O.J.,oj,ON,,,,,estimated,name_inference,临时推断（未核实）,本轮填表者据缩写全称推断，未核对任何权威源；语料实测归一族 oj：6628 行 / 3482 份判决印此缩写（约束七的键锚）,2026-09-09,Ontario Judgments（电子汇编）；债4核实提案 2026-09-15：NOT_VERIFIED——可采源未取得，保持 estimated（未核清单与理由见一页摘要）；已证实 [年] O.J. No. n 是 Quicklaw 判决引用格式（出版方文档）；O.J.=Ontario Judgments 的展开义未在可采源找到，法域 ON 维持推断、保持 estimated；已证实 [年] O.J. No. n 是 Quicklaw 判决引用格式（出版方文档）；O.J.=Ontario Judgments 的展开义未在可采源找到，法域 ON 维持推断、保持 estimated,ON,ON,"to find [1997] O.J. No. 4806, you can enter any of the following: 1997 OJ No. 4806 / 1997 OJ No 4806 / 1997 oj no 4806 / 1997ojno4806 / 1997oj4806"
W.W.R.,wwr,CA,,,,,estimated,verified_research_agent,Cardiff Index to Legal Abbreviations,https://legalabbrevs.cardiff.ac.uk/record/western-weekly-reports/,2026-09-09,Western Weekly Reports —— **区域性，横跨 AB/BC/SK/MB**；本列单值装不下，取国别粒度。已知口径缺陷，须复核；债4核实提案 2026-09-15：Cardiff 记录与现判定一致（verified_research_agent；research agent，not human-reviewed）；Cardiff: Western Weekly Reports（Period 1911-；Jurisdiction Canada）,CA,CA,"Western Weekly Reports || Preferred Abbreviation || — || Alternative Abbreviations || W.W.R., W.W.R.(N.S.), West.Week.(Can.), West.Week.N.S.(Can.), West.Week.Rep., WWR || Period || 1911- || Jurisdiction || Canada"
O.A.C.,oac,ON,,,,,estimated,verified_research_agent,Cardiff Index to Legal Abbreviations,https://legalabbrevs.cardiff.ac.uk/record/ontario-appeal-cases/,2026-09-09,"Ontario Appeal Cases；债4核实提案 2026-09-15：Cardiff 记录与现判定一致（verified_research_agent；research agent，not human-reviewed）；Cardiff: Ontario Appeal Cases（Period 1984-；Jurisdiction Canada, Ontario）",ON,ON,"Ontario Appeal Cases || Preferred Abbreviation || — || Alternative Abbreviations || O.A.C., OAC || Period || 1984- || Jurisdiction || Canada, Ontario"
S.C.C.A.,scca,CA,,,,,estimated,name_inference,临时推断（未核实）,本轮填表者据缩写全称推断，未核对任何权威源；语料实测归一族 scca：4688 行 / 2448 份判决印此缩写（约束七的键锚）,2026-09-09,Supreme Court of Canada Applications（上诉许可申请）；债4核实提案 2026-09-15：NOT_VERIFIED——可采源未取得，保持 estimated（未核清单与理由见一页摘要）；可采源未取得（Cardiff 未收录或站内搜索未命中），保持 estimated,CA,CA,
C.R.,cr,CA,,,,,estimated,verified_research_agent,Cardiff Index to Legal Abbreviations,https://legalabbrevs.cardiff.ac.uk/record/criminal-reports-canada/ ; https://legalabbrevs.cardiff.ac.uk/record/criminal-reports-new-series/,2026-09-09,"Criminal Reports；债4核实提案 2026-09-15：Cardiff 记录与现判定一致（verified_research_agent；research agent，not human-reviewed）；Cardiff: Criminal Reports, Canada（Period 1946-1967；Jurisdiction Canada）；Cardiff: Criminal Reports, New Series（Period 1967-1978；Jurisdiction Canada）",CA,CA,"Criminal Reports, Canada || Preferred Abbreviation || C.R. || Alternative Abbreviations || C.& R., C.R., Can.Cr.R., Can.Crim., Can.Crim.Cas.(N.S.), Can.Crim.Cas.Ann., CR || Period || 1946-1967 || Jurisdiction || Canada || Criminal Reports, New Series || Preferred Abbreviation || C.R.N.S. || Alternative Abbreviations || C.R.N.S., CR (2d), CR (NS) || Period || 1967-1978 || Jurisdiction || Canada"
All E.R.,aller,GB,,,,,estimated,verified_research_agent,Cardiff Index to Legal Abbreviations,https://legalabbrevs.cardiff.ac.uk/record/all-england-law-reports/,2026-09-09,All England Law Reports；债4核实提案 2026-09-15：Cardiff 记录与现判定一致（verified_research_agent；research agent，not human-reviewed）；Cardiff: All England Law Reports（Period 1936-；Jurisdiction England & Wales）,GB,GB,"All England Law Reports || Preferred Abbreviation || All ER || Alternative Abbreviations || A.E.L.R., A.E.R., All E.R., All Eng., All ER || Period || 1936- || Jurisdiction || England & Wales"
App. Cas.,appcas,GB,,,,,estimated,verified_research_agent,Cardiff Index to Legal Abbreviations,https://legalabbrevs.cardiff.ac.uk/record/law-reports-appeal-cases-second-series/ ; https://legalabbrevs.cardiff.ac.uk/record/law-reports-appeal-cases-third-series/,2026-09-09,"Appeal Cases（英国 Law Reports 1875-1890，A.C. 前身）；债4核实提案 2026-09-15：Cardiff 记录与现判定一致（verified_research_agent；research agent，not human-reviewed）；Cardiff: Law Reports, Appeal Cases (Second Series)（Period 1875-1890；Jurisdiction England & Wales）；Cardiff: Law Reports, Appeal Cases (Third Series)（Period 1891-；Jurisdiction England & Wales）",GB,GB,"Law Reports, Appeal Cases (Second Series) || Preferred Abbreviation || App.Cas. || Alternative Abbreviations || App.Cas., L.R.A.C., L.R.App., L.R.App.Cas., Law Rep.App.Cas. || Period || 1875-1890 || Jurisdiction || England & Wales || Law Reports, Appeal Cases (Third Series) || Preferred Abbreviation || AC || Alternative Abbreviations || A.C., AC, App., App.Cas. || Period || 1891- || Jurisdiction || England & Wales"
U.S.,us,US,,,,,estimated,verified_research_agent,Cardiff Index to Legal Abbreviations,https://legalabbrevs.cardiff.ac.uk/record/united-states-supreme-court-reports/,2026-09-09,United States Reports；债4核实提案 2026-09-15：Cardiff 记录与现判定一致（verified_research_agent；research agent，not human-reviewed）；Cardiff: United States Supreme Court Reports（Period 1790-；Jurisdiction United States）,US,US,"United States Supreme Court Reports || Preferred Abbreviation || U.S. || Alternative Abbreviations || U.S., U.S.S.C.Rep., USSCR || Period || 1790- || Jurisdiction || United States"
B.C.L.R.,bclr,BC,,,,,estimated,verified_research_agent,Cardiff Index to Legal Abbreviations,https://legalabbrevs.cardiff.ac.uk/record/british-columbia-law-reports/,2026-09-09,"British Columbia Law Reports；债4核实提案 2026-09-15：Cardiff 记录与现判定一致（verified_research_agent；research agent，not human-reviewed）；Cardiff: British Columbia Law Reports（Period 1977-1986；Jurisdiction Canada, British Columbia）",BC,BC,"British Columbia Law Reports || Preferred Abbreviation || B.C.L.R. || Alternative Abbreviations || B.C.L.R., BCLR || Period || 1977-1986 || Jurisdiction || Canada, British Columbia"
F.C.,fc,CA,,,,,estimated,verified_research_agent,Cardiff Index to Legal Abbreviations,https://legalabbrevs.cardiff.ac.uk/record/canada-federal-court-reports/,2026-09-09,Federal Court Reports。**本行入表会激活 §8.2 两表并查**：[1979] 1 F.C. 103 将同时命中中立码 FC 与本行，判 table_conflict 交人裁，正是 PROBLEMS #36 残留的既定解法；债4核实提案 2026-09-15：Cardiff 记录与现判定一致（verified_research_agent；research agent，not human-reviewed）；Cardiff: Canada Federal Court Reports（Period 1971-；Jurisdiction Canada）,CA,CA,"Canada Federal Court Reports || Preferred Abbreviation || F.C. or C.F. || Alternative Abbreviations || C.F., F.C., F.C. or C.F., F.C.R. || Period || 1971- || Jurisdiction || Canada"
R.F.L.,rfl,CA,,,,,estimated,verified_research_agent,Cardiff Index to Legal Abbreviations,https://legalabbrevs.cardiff.ac.uk/record/reports-of-family-law/,2026-09-09,Reports of Family Law；债4核实提案 2026-09-15：Cardiff 记录与现判定一致（verified_research_agent；research agent，not human-reviewed）；Cardiff: Reports of Family Law（Period 1971-1978；Jurisdiction Canada）,CA,CA,Reports of Family Law || Preferred Abbreviation || R.F.L. || Alternative Abbreviations || R.F.L. || Period || 1971-1978 || Jurisdiction || Canada
R.J.Q.,rjq,QC,,,,,estimated,verified_research_agent,Cardiff Index to Legal Abbreviations,https://legalabbrevs.cardiff.ac.uk/record/les-recueils-de-jurisprudence-de-quebec-cour-dappel/,2026-09-09,"Recueils de jurisprudence du Québec；债4核实提案 2026-09-15：Cardiff 记录与现判定一致（verified_research_agent；research agent，not human-reviewed）；Cardiff: Les Recueils de Jurisprudence de Quebec, Cour d'Appel（Period 1970-1985；Jurisdiction Canada, Quebec）",QC,QC,"Les Recueils de Jurisprudence de Quebec, Cour d'Appel || Preferred Abbreviation || — || Alternative Abbreviations || R.J.Q. || Period || 1970-1985 || Jurisdiction || Canada, Quebec"
A.R.,ar,AB,,,,,estimated,verified_research_agent,Cardiff Index to Legal Abbreviations,https://legalabbrevs.cardiff.ac.uk/record/alberta-reports/,2026-09-09,"Alberta Reports；债4核实提案 2026-09-15：Cardiff 记录与现判定一致（verified_research_agent；research agent，not human-reviewed）；Cardiff: Alberta Reports（Period 1977-；Jurisdiction Canada, Alberta）",AB,AB,"Alberta Reports || Preferred Abbreviation || — || Alternative Abbreviations || A.R., AR || Period || 1977- || Jurisdiction || Canada, Alberta"
Ch. D.,chd,GB,,,,,estimated,verified_research_agent,Cardiff Index to Legal Abbreviations,https://legalabbrevs.cardiff.ac.uk/record/law-reports-chancery-division/,2026-09-09,"Chancery Division（英国 Law Reports 1875-1890）；债4核实提案 2026-09-15：Cardiff 记录与现判定一致（verified_research_agent；research agent，not human-reviewed）；Cardiff: Law Reports, Chancery Division (2nd Series)（Period 1875-1890；Jurisdiction England & Wales）",GB,GB,"Law Reports, Chancery Division (2nd Series) || Preferred Abbreviation || Ch.D. || Alternative Abbreviations || Ch.D., L.R.Ch.D., Law Rep.Ch.D. || Period || 1875-1890 || Jurisdiction || England & Wales"
E.R.,er,GB,,,,,estimated,verified_research_agent,Cardiff Index to Legal Abbreviations,https://legalabbrevs.cardiff.ac.uk/record/english-reports/,2026-09-09,English Reports（旧 nominate reports 重印集）；债4核实提案 2026-09-15：Cardiff 记录与现判定一致（verified_research_agent；research agent，not human-reviewed）；Cardiff: English Reports（Period 1210-1865；Jurisdiction England & Wales）,GB,GB,"English Reports || Preferred Abbreviation || E.R. || Alternative Abbreviations || E.R., Eng.Rep., Eng.Rep.R., Eng.Rep.Re., ER || Period || 1210-1865 || Jurisdiction || England & Wales"
Ch.,ch,GB,,,,,estimated,verified_research_agent,Cardiff Index to Legal Abbreviations,https://legalabbrevs.cardiff.ac.uk/record/law-reports-chancery-division-3rd-series/,2026-09-09,"Chancery（英国 Law Reports 1891- ）；债4核实提案 2026-09-15：Cardiff 记录与现判定一致（verified_research_agent；research agent，not human-reviewed）；Cardiff: Law Reports, Chancery Division (3rd Series)（Period 1890-；Jurisdiction England & Wales）",GB,GB,"Law Reports, Chancery Division (3rd Series) || Preferred Abbreviation || Ch || Alternative Abbreviations || Ch, Ch., L.R.Ch., Law Rep.Ch. || Period || 1890- || Jurisdiction || England & Wales"
Alta. L.R.,altalr,AB,,,,,estimated,verified_research_agent,Cardiff Index to Legal Abbreviations,https://legalabbrevs.cardiff.ac.uk/record/alberta-law-reports/,2026-09-09,"Alberta Law Reports；债4核实提案 2026-09-15：Cardiff 记录与现判定一致（verified_research_agent；research agent，not human-reviewed）；Cardiff: Alberta Law Reports（Period 1908-1932；Jurisdiction Canada, Alberta）",AB,AB,"Alberta Law Reports || Preferred Abbreviation || Alta.L.R. || Alternative Abbreviations || A.L.R., Alb.L.R., Alberta L., Alta LR, Alta., Alta.L., Alta.L.R. || Period || 1908-1932 || Jurisdiction || Canada, Alberta"
C.B.R.,cbr,CA,,,,,estimated,verified_research_agent,Cardiff Index to Legal Abbreviations,https://legalabbrevs.cardiff.ac.uk/record/canadian-bankruptcy-reports/,2026-09-09,Canadian Bankruptcy Reports；债4核实提案 2026-09-15：Cardiff 记录与现判定一致（verified_research_agent；research agent，not human-reviewed）；Cardiff: Canadian Bankruptcy Reports（Period 1920-1960；Jurisdiction Canada）,CA,CA,"Canadian Bankruptcy Reports || Preferred Abbreviation || C.B.R. || Alternative Abbreviations || C.B.R., Can.Bank.R., Can.Bankr., Can.Bankr.Ann. || Period || 1920-1960 || Jurisdiction || Canada"
Ex. C.R.,excr,CA,,,,,estimated,verified_research_agent,Cardiff Index to Legal Abbreviations,https://legalabbrevs.cardiff.ac.uk/record/canada-exchequer-court-reports/,2026-09-09,Exchequer Court Reports（1971 年由联邦法院取代）；债4核实提案 2026-09-15：Cardiff 记录与现判定一致（verified_research_agent；research agent，not human-reviewed）；Cardiff: Canada Exchequer Court Reports（Period 1875-1922；Jurisdiction Canada）,CA,CA,"Canada Exchequer Court Reports || Preferred Abbreviation || — || Alternative Abbreviations || Can.Ex.C.R., Can.Ex.R., Can.Exch., Ex.C.R., Morse Exch.Rep. || Period || 1875-1922 || Jurisdiction || Canada"
Q.B.D.,qbd,GB,,,,,estimated,verified_research_agent,Cardiff Index to Legal Abbreviations,https://legalabbrevs.cardiff.ac.uk/record/law-reports-queens-bench-division/,2026-09-09,"Queen's Bench Division（英国 Law Reports 1875-1890）。与裸 Q.B. 不同，本形只指英国系列，故单行；债4核实提案 2026-09-15：Cardiff 记录与现判定一致（verified_research_agent；research agent，not human-reviewed）；Cardiff: Law Reports, Queen's Bench Division（Period 1875-1890；Jurisdiction England & Wales）",GB,GB,"Law Reports, Queen's Bench Division || Preferred Abbreviation || Q.B.D. || Alternative Abbreviations || L.R.Q.B.D., L.R.Q.B.Div., Law Rep.Q.B.D., Q.B.D. || Period || 1875-1890 || Jurisdiction || England & Wales"
C.R.R.,crr,CA,,,,,estimated,verified_research_agent,Cardiff Index to Legal Abbreviations,https://legalabbrevs.cardiff.ac.uk/record/canadian-rights-reporter/,2026-09-09,Canadian Rights Reporter；债4核实提案 2026-09-15：Cardiff 记录与现判定一致（verified_research_agent；research agent，not human-reviewed）；Cardiff: Canadian Rights Reporter（Period 1982-1991；Jurisdiction Canada）,CA,CA,"Canadian Rights Reporter || Preferred Abbreviation || C.R.R. || Alternative Abbreviations || C.R.R., CRR || Period || 1982-1991 || Jurisdiction || Canada"
Man. R.,manr,MB,,,,,estimated,verified_research_agent,Cardiff Index to Legal Abbreviations,https://legalabbrevs.cardiff.ac.uk/record/manitoba-reports/,2026-09-09,"Manitoba Reports；债4核实提案 2026-09-15：Cardiff 记录与现判定一致（verified_research_agent；research agent，not human-reviewed）；Cardiff: Manitoba Reports（Period 1891-1963；Jurisdiction Canada, Manitoba）",MB,MB,"Manitoba Reports || Preferred Abbreviation || — || Alternative Abbreviations || Man R, Man.R., Manitoba, Manitoba L.(Can.) || Period || 1891-1963 || Jurisdiction || Canada, Manitoba"
N.S.R.,nsr,NS,,,,,estimated,verified_research_agent,Cardiff Index to Legal Abbreviations,https://legalabbrevs.cardiff.ac.uk/record/nova-scotia-reports/,2026-09-09,"Nova Scotia Reports；债4核实提案 2026-09-15：Cardiff 记录与现判定一致（verified_research_agent；research agent，not human-reviewed）；Cardiff: Nova Scotia Reports（Period 1834-1929；Jurisdiction Canada, Nova Scotia）",NS,NS,"Nova Scotia Reports || Preferred Abbreviation || — || Alternative Abbreviations || N.S., N.S.L.R., N.S.R., N.S.Rep., N.Sc.L.R., Nov.Sc.L.R., NSR || Period || 1834-1929 || Jurisdiction || Canada, Nova Scotia"
F.,f,US,,,,,estimated,verified_research_agent,Cardiff Index to Legal Abbreviations,https://legalabbrevs.cardiff.ac.uk/record/federal-reporter/,2026-09-09,Federal Reporter（F./F.2d/F.3d，序数在 series 槽）；债4核实提案 2026-09-15：Cardiff 记录与现判定一致（verified_research_agent；research agent，not human-reviewed）；Cardiff: Federal Reporter（Period 1880-1924；Jurisdiction United States）,US,US,"Federal Reporter || Preferred Abbreviation || F. || Alternative Abbreviations || F, F., Fed.R., Fed.Rep. || Period || 1880-1924 || Jurisdiction || United States"
B.C.A.C.,bcac,BC,,,,,estimated,verified_research_agent,Cardiff Index to Legal Abbreviations,https://legalabbrevs.cardiff.ac.uk/record/british-columbia-appeal-cases/,2026-09-09,"British Columbia Appeal Cases；债4核实提案 2026-09-15：Cardiff 记录与现判定一致（verified_research_agent；research agent，not human-reviewed）；Cardiff: British Columbia Appeal Cases（Period 1991-；Jurisdiction Canada, British Columbia）",BC,BC,"British Columbia Appeal Cases || Preferred Abbreviation || — || Alternative Abbreviations || B.C.A.C. || Period || 1991- || Jurisdiction || Canada, British Columbia"
C.P.C.,cpc,CA,,,,,estimated,name_inference,临时推断（未核实）,本轮填表者据缩写全称推断，未核对任何权威源；语料实测归一族 cpc：1366 行 / 785 份判决印此缩写（约束七的键锚）,2026-09-09,Carswell's Practice Cases；债4核实提案 2026-09-15：NOT_VERIFIED——可采源未取得，保持 estimated（未核清单与理由见一页摘要）；可采源未取得（Cardiff 未收录或站内搜索未命中），保持 estimated,CA,CA,
Ont. L.R.,ontlr,ON,,,,,estimated,verified_research_agent,Cardiff Index to Legal Abbreviations,https://legalabbrevs.cardiff.ac.uk/record/ontario-law-reports/,2026-09-09,"Ontario Law Reports；债4核实提案 2026-09-15：Cardiff 记录与现判定一致（verified_research_agent；research agent，not human-reviewed）；Cardiff: Ontario Law Reports（Period 1901-1931；Jurisdiction Canada, Ontario）",ON,ON,"Ontario Law Reports || Preferred Abbreviation || — || Alternative Abbreviations || O.L.R., Ont.L., Ont.L.R., Ont.L.Rep. || Period || 1901-1931 || Jurisdiction || Canada, Ontario"
B.C.J.,bcj,BC,,,,,estimated,name_inference,临时推断（未核实）,本轮填表者据缩写全称推断，未核对任何权威源；语料实测归一族 bcj：1283 行 / 646 份判决印此缩写（约束七的键锚）,2026-09-09,British Columbia Judgments（电子汇编）；债4核实提案 2026-09-15：NOT_VERIFIED——可采源未取得，保持 estimated（未核清单与理由见一页摘要）；可采源未取得（Cardiff 未收录或站内搜索未命中），保持 estimated,BC,BC,
D.T.C.,dtc,CA,,,,,estimated,verified_research_agent,Cardiff Index to Legal Abbreviations,https://legalabbrevs.cardiff.ac.uk/record/dominion-tax-cases/,2026-09-09,Dominion Tax Cases；债4核实提案 2026-09-15：Cardiff 记录与现判定一致（verified_research_agent；research agent，not human-reviewed）；Cardiff: Dominion Tax Cases（Period 1920-；Jurisdiction Canada）,CA,CA,Dominion Tax Cases || Preferred Abbreviation || D.T.C. || Alternative Abbreviations || D.T.C. || Period || 1920- || Jurisdiction || Canada
O.L.R.,olr,ON,,,,,estimated,verified_research_agent,Cardiff Index to Legal Abbreviations,https://legalabbrevs.cardiff.ac.uk/record/ontario-law-reports/,2026-09-09,"Ontario Law Reports 的另一印刷形（归一族 olr）；债4核实提案 2026-09-15：Cardiff 记录与现判定一致（verified_research_agent；research agent，not human-reviewed）；Cardiff: Ontario Law Reports（Period 1901-1931；Jurisdiction Canada, Ontario）",ON,ON,"Ontario Law Reports || Preferred Abbreviation || — || Alternative Abbreviations || O.L.R., Ont.L., Ont.L.R., Ont.L.Rep. || Period || 1901-1931 || Jurisdiction || Canada, Ontario"
N.B.R.,nbr,NB,,,,,estimated,verified_research_agent,Cardiff Index to Legal Abbreviations,https://legalabbrevs.cardiff.ac.uk/record/new-brunswick-reports/ ; https://legalabbrevs.cardiff.ac.uk/record/new-brunswick-reports-2nd-series/,2026-09-09,"New Brunswick Reports；债4核实提案 2026-09-15：Cardiff 记录与现判定一致（verified_research_agent；research agent，not human-reviewed）；Cardiff: New Brunswick Reports（Period 1825-1929；Jurisdiction Canada, New Brunswick）；Cardiff: New Brunswick Reports, 2nd Series（Period 1969-；Jurisdiction Canada, New Brunswick）",NB,NB,"New Brunswick Reports || Preferred Abbreviation || — || Alternative Abbreviations || N.B., N.B.R., N.B.Rep., N.Bruns., NBR, New Br., New Br.R. || Period || 1825-1929 || Jurisdiction || Canada, New Brunswick || New Brunswick Reports, 2nd Series || Preferred Abbreviation || — || Alternative Abbreviations || N.B.2d., N.B.R.(2d), N.B.R.2d., R.N.-B.(2e) || Period || 1969- || Jurisdiction || Canada, New Brunswick"
C.A.,ca,QC,,,,,estimated,verified_research_agent,Cardiff Index to Legal Abbreviations,https://legalabbrevs.cardiff.ac.uk/record/quebec-official-reports-court-of-appeal/,2026-09-09,"Cour d'appel（魁北克上诉法院判例集，R.J.Q. 前身）。**存疑**：亦可能是英文 Court of Appeal 的标注词，须复核；债4核实提案 2026-09-15：Cardiff 记录与现判定一致（verified_research_agent；research agent，not human-reviewed）；Cardiff: Quebec Official Reports, Court of Appeal（Period 1970-1985；Jurisdiction Canada）",QC,QC,"Quebec Official Reports, Court of Appeal || Preferred Abbreviation || — || Alternative Abbreviations || C.A., Que.C.A. || Period || 1970-1985 || Jurisdiction || Canada"
Sask. R.,saskr,SK,,,,,estimated,verified_research_agent,Cardiff Index to Legal Abbreviations,https://legalabbrevs.cardiff.ac.uk/record/saskatchewan-reports/,2026-09-09,"Saskatchewan Reports；债4核实提案 2026-09-15：Cardiff 记录与现判定一致（verified_research_agent；research agent，not human-reviewed）；Cardiff: Saskatchewan Reports（Period 1980-；Jurisdiction Canada, Saskatchewan）",SK,SK,"Saskatchewan Reports || Preferred Abbreviation || — || Alternative Abbreviations || S.R., Sask R, Sask.R., Sask.R., S.R. || Period || 1980- || Jurisdiction || Canada, Saskatchewan"
N.R.,nr,CA,,,,,estimated,verified_research_agent,Cardiff Index to Legal Abbreviations,https://legalabbrevs.cardiff.ac.uk/record/national-reporter/,2026-09-09,National Reporter；债4核实提案 2026-09-15：Cardiff 记录与现判定一致（verified_research_agent；research agent，not human-reviewed）；Cardiff: National Reporter（Period 1974-；Jurisdiction Canada）,CA,CA,National Reporter || Preferred Abbreviation || — || Alternative Abbreviations || N.R. || Period || 1974- || Jurisdiction || Canada
C.P.R.,cpr,CA,,,,,estimated,verified_research_agent,Cardiff Index to Legal Abbreviations,https://legalabbrevs.cardiff.ac.uk/record/canadian-patent-reporter/,2026-09-09,Canadian Patent Reporter；债4核实提案 2026-09-15：Cardiff 记录与现判定一致（verified_research_agent；research agent，not human-reviewed）；Cardiff: Canadian Patent Reporter（Period 1941-1971；Jurisdiction Canada）,CA,CA,"Canadian Patent Reporter || Preferred Abbreviation || C.P.R. || Alternative Abbreviations || C.P.R., Can.P.R. || Period || 1941-1971 || Jurisdiction || Canada"
C.T.C.,ctc,CA,,,,,estimated,name_inference,临时推断（未核实）,本轮填表者据缩写全称推断，未核对任何权威源；语料实测归一族 ctc：927 行 / 283 份判决印此缩写（约束七的键锚）,2026-09-09,Canada Tax Cases；债4核实提案 2026-09-15：NOT_VERIFIED——可采源未取得，保持 estimated（未核清单与理由见一页摘要）；可采源未取得（Cardiff 未收录或站内搜索未命中），保持 estimated,CA,CA,
Ont. App. R.,ontappr,ON,,,,,estimated,verified_research_agent,Cardiff Index to Legal Abbreviations,https://legalabbrevs.cardiff.ac.uk/record/ontario-appeal-reports/,2026-09-09,"Ontario Appeal Reports；债4核实提案 2026-09-15：Cardiff 记录与现判定一致（verified_research_agent；research agent，not human-reviewed）；Cardiff: Ontario Appeal Reports（Period 1876-1900；Jurisdiction Canada, Ontario）",ON,ON,"Ontario Appeal Reports || Preferred Abbreviation || O.A.R. || Alternative Abbreviations || A.R., A.R.Ont., App.Rep., App.Rep.Ont., O.A.R., Ont.A., Ont.App., Tup.App., Tupp., Tupper || Period || 1876-1900 || Jurisdiction || Canada, Ontario"
Que. Q.B.,queqb,QC,,,,,estimated,verified_research_agent,Cardiff Index to Legal Abbreviations,https://legalabbrevs.cardiff.ac.uk/record/quebec-official-reports-kings-bench/,2026-09-09,"Quebec Queen's Bench；债4核实提案 2026-09-15：Cardiff 记录与现判定一致（verified_research_agent；research agent，not human-reviewed）；Cardiff: Quebec Official Reports, King's Bench（Period 1892-1969；Jurisdiction Canada, Quebec）",QC,QC,"Quebec Official Reports, King's Bench || Preferred Abbreviation || Que.K.B. or Que.Q.B. || Alternative Abbreviations || B.R., L.R.K.B., L.R.Q.B., Q.S.C., Que.K.B., Que.K.B. or Que.Q.B., Que.Q.B., Queb.K.B., Queb.Q.B. || Period || 1892-1969 || Jurisdiction || Canada, Quebec"
Nfld. & P.E.I.R.,nfldpeir,NL,,,,,estimated,verified_research_agent,Cardiff Index to Legal Abbreviations,https://legalabbrevs.cardiff.ac.uk/record/newfoundland-prince-edward-island-reports/,2026-09-09,"Newfoundland & Prince Edward Island Reports —— **横跨两省**，并列两行交 §8.6 判；债4核实提案 2026-09-15：Cardiff 记录与现判定一致（verified_research_agent；research agent，not human-reviewed）；Cardiff: Newfoundland & Prince Edward Island Reports（Period 1971-；Jurisdiction Canada, Newfoundland）",NL,NL,"Newfoundland & Prince Edward Island Reports || Preferred Abbreviation || — || Alternative Abbreviations || Nfld & PEIR, Nfld.& P.E.I.R. || Period || 1971- || Jurisdiction || Canada, Newfoundland"
Nfld. & P.E.I.R.,nfldpeir,PE,,,,,estimated,verified_research_agent,Cardiff Index to Legal Abbreviations,https://legalabbrevs.cardiff.ac.uk/record/newfoundland-prince-edward-island-reports/,2026-09-09,"同上一行，横跨 NL 与 PE；债4核实提案 2026-09-15：Cardiff 记录与现判定一致（verified_research_agent；research agent，not human-reviewed）；Cardiff: Newfoundland & Prince Edward Island Reports（Period 1971-；Jurisdiction Canada, Newfoundland）",PE,PE,"Newfoundland & Prince Edward Island Reports || Preferred Abbreviation || — || Alternative Abbreviations || Nfld & PEIR, Nfld.& P.E.I.R. || Period || 1971- || Jurisdiction || Canada, Newfoundland"
B.L.R.,blr,CA,,,,,estimated,name_inference,临时推断（未核实）,本轮填表者据缩写全称推断，未核对任何权威源；语料实测归一族 blr：866 行 / 435 份判决印此缩写（约束七的键锚）,2026-09-09,Business Law Reports；债4核实提案 2026-09-15：NOT_VERIFIED——可采源未取得，保持 estimated（未核清单与理由见一页摘要）；可采源未取得（Cardiff 未收录或站内搜索未命中），保持 estimated,CA,CA,
Q.J.,qj,QC,,,,,estimated,name_inference,临时推断（未核实）,本轮填表者据缩写全称推断，未核对任何权威源；语料实测归一族 qj：807 行 / 313 份判决印此缩写（约束七的键锚）,2026-09-09,Quebec Judgments（电子汇编）；债4核实提案 2026-09-15：NOT_VERIFIED——可采源未取得，保持 estimated（未核清单与理由见一页摘要）；可采源未取得（Cardiff 未收录或站内搜索未命中），保持 estimated,QC,QC,
U.C.Q.B.,ucqb,ON,,,,,estimated,verified_research_agent,Cardiff Index to Legal Abbreviations,https://legalabbrevs.cardiff.ac.uk/record/upper-canada-queens-bench-reports-new-series/,2026-09-09,"Upper Canada Queen's Bench（上加拿大，今安大略）；债4核实提案 2026-09-15：Cardiff 记录与现判定一致（verified_research_agent；research agent，not human-reviewed）；Cardiff: Upper Canada Queen's Bench Reports, New Series（Period 1844-1882；Jurisdiction Canada, Ontario）",ON,ON,"Upper Canada Queen's Bench Reports, New Series || Preferred Abbreviation || — || Alternative Abbreviations || Q.B.U.C., Rob., Rob.Ont., Rob.U.C., Robinson, U.C.Q.B., U.C.R. || Period || 1844-1882 || Jurisdiction || Canada, Ontario"
F.C.R.,fcr,CA,,,,,estimated,verified_research_agent,Cardiff Index to Legal Abbreviations,https://legalabbrevs.cardiff.ac.uk/record/canada-federal-court-reports/,2026-09-09,Federal Courts Reports（2003 年起的名称）；债4核实提案 2026-09-15：Cardiff 记录与现判定一致（verified_research_agent；research agent，not human-reviewed）；Cardiff: Canada Federal Court Reports（Period 1971-；Jurisdiction Canada）,CA,CA,"Canada Federal Court Reports || Preferred Abbreviation || F.C. or C.F. || Alternative Abbreviations || C.F., F.C., F.C. or C.F., F.C.R. || Period || 1971- || Jurisdiction || Canada"
O.W.N.,own,ON,,,,,estimated,verified_research_agent,Cardiff Index to Legal Abbreviations,https://legalabbrevs.cardiff.ac.uk/record/ontario-weekly-notes/,2026-09-09,"Ontario Weekly Notes；债4核实提案 2026-09-15：Cardiff 记录与现判定一致（verified_research_agent；research agent，not human-reviewed）；Cardiff: Ontario Weekly Notes（Period 1909-1962；Jurisdiction Canada, Ontario）",ON,ON,"Ontario Weekly Notes || Preferred Abbreviation || — || Alternative Abbreviations || O.W.N., Ont.W.N., Ont.Week.N., Ont.Wkly.N. || Period || 1909-1962 || Jurisdiction || Canada, Ontario"
Cr. App. R.,crappr,GB,,,,,estimated,verified_research_agent,Cardiff Index to Legal Abbreviations,https://legalabbrevs.cardiff.ac.uk/record/criminal-appeal-reports/,2026-09-09,Criminal Appeal Reports（英国）；债4核实提案 2026-09-15：Cardiff 记录与现判定一致（verified_research_agent；research agent，not human-reviewed）；Cardiff: Criminal Appeal Reports（Period 1908-；Jurisdiction England & Wales）,GB,GB,"Criminal Appeal Reports || Preferred Abbreviation || Cr.App.R. || Alternative Abbreviations || C.A.R., C.App.R., Cr App R, Cr.App.R., Cr.App.Rep., Crim.App. || Period || 1908- || Jurisdiction || England & Wales"
W.A.C.,wac,CA,,,,,estimated,verified_research_agent,Cardiff Index to Legal Abbreviations,https://legalabbrevs.cardiff.ac.uk/record/western-appeal-cases/,2026-09-09,Western Appeal Cases；债4核实提案 2026-09-15：Cardiff 记录与现判定一致（verified_research_agent；research agent，not human-reviewed）；Cardiff: Western Appeal Cases（Period 1991-；Jurisdiction Canada）,CA,CA,Western Appeal Cases || Preferred Abbreviation || — || Alternative Abbreviations || W.A.C. || Period || 1991- || Jurisdiction || Canada
M.V.R.,mvr,CA,,,,,estimated,verified_research_agent,Cardiff Index to Legal Abbreviations,https://legalabbrevs.cardiff.ac.uk/record/motor-vehicle-reports-canada/,2026-09-09,Motor Vehicle Reports；债4核实提案 2026-09-15：Cardiff 记录与现判定一致（verified_research_agent；research agent，not human-reviewed）；Cardiff: Motor Vehicle Reports (Canada)（Period 1978-1988；Jurisdiction Canada）,CA,CA,Motor Vehicle Reports (Canada) || Preferred Abbreviation || — || Alternative Abbreviations || M.V.R. || Period || 1978-1988 || Jurisdiction || Canada
C.C.L.I.,ccli,CA,,,,,estimated,verified_research_agent,Cardiff Index to Legal Abbreviations,https://legalabbrevs.cardiff.ac.uk/record/canadian-cases-on-the-law-of-insurance/,2026-09-09,Canadian Cases on the Law of Insurance；债4核实提案 2026-09-15：Cardiff 记录与现判定一致（verified_research_agent；research agent，not human-reviewed）；Cardiff: Canadian Cases on the Law of Insurance（Period 1983-1991；Jurisdiction Canada）,CA,CA,"Canadian Cases on the Law of Insurance || Preferred Abbreviation || C.C.L.I. || Alternative Abbreviations || C.C.L.I., CCLI || Period || 1983-1991 || Jurisdiction || Canada"
C.C.E.L.,ccel,CA,,,,,estimated,verified_research_agent,Cardiff Index to Legal Abbreviations,https://legalabbrevs.cardiff.ac.uk/record/canadian-cases-on-employment-law/,2026-09-09,Canadian Cases on Employment Law；债4核实提案 2026-09-15：Cardiff 记录与现判定一致（verified_research_agent；research agent，not human-reviewed）；Cardiff: Canadian Cases on Employment Law（Period 1983-1994；Jurisdiction Canada）,CA,CA,"Canadian Cases on Employment Law || Preferred Abbreviation || C.C.E.L. || Alternative Abbreviations || C.C.E.L., CCEL || Period || 1983-1994 || Jurisdiction || Canada"
C.S.,cs,QC,,,,,estimated,verified_research_agent,Cardiff Index to Legal Abbreviations,https://legalabbrevs.cardiff.ac.uk/record/quebec-official-reports-superior-court/ ; https://legalabbrevs.cardiff.ac.uk/record/quebec-official-reports-superior-court-2/,2026-09-09,"Cour supérieure（魁北克高等法院）；债4核实提案 2026-09-15：Cardiff 记录与现判定一致（verified_research_agent；research agent，not human-reviewed）；Cardiff: Quebec Official Reports, Superior Court（Period 1892-1966；Jurisdiction Canada, Quebec）；Cardiff: Quebec Official Reports, Superior Court（Period 1967-1985；Jurisdiction Canada, Quebec）",QC,QC,"Quebec Official Reports, Superior Court || Preferred Abbreviation || Que.S.C. or C.S. || Alternative Abbreviations || C.S., Que.S.C., Que.S.C. or C.S. || Period || 1892-1966 || Jurisdiction || Canada, Quebec || Quebec Official Reports, Superior Court || Preferred Abbreviation || Que.S.C. or C.S. || Alternative Abbreviations || C.S., Que.S.C., Que.S.C. or C.S. || Period || 1967-1985 || Jurisdiction || Canada, Quebec"
R.P.R.,rpr,CA,,,,,estimated,verified_research_agent,Cardiff Index to Legal Abbreviations,https://legalabbrevs.cardiff.ac.uk/record/real-property-reports/,2026-09-09,Real Property Reports；债4核实提案 2026-09-15：Cardiff 记录与现判定一致（verified_research_agent；research agent，not human-reviewed）；Cardiff: Real Property Reports（Period 1977-1989；Jurisdiction Canada）,CA,CA,Real Property Reports || Preferred Abbreviation || — || Alternative Abbreviations || R.P.R. || Period || 1977-1989 || Jurisdiction || Canada
F.T.R.,ftr,CA,,,,,estimated,verified_research_agent,Cardiff Index to Legal Abbreviations,https://legalabbrevs.cardiff.ac.uk/record/federal-trial-reports/,2026-09-09,Federal Trial Reports；债4核实提案 2026-09-15：Cardiff 记录与现判定一致（verified_research_agent；research agent，not human-reviewed）；Cardiff: Federal Trial Reports（Period 1986-；Jurisdiction Canada）,CA,CA,Federal Trial Reports || Preferred Abbreviation || F.T.R. || Alternative Abbreviations || F.T.R. || Period || 1986- || Jurisdiction || Canada
L.T.,lt,GB,,,,,estimated,verified_research_agent,Cardiff Index to Legal Abbreviations,https://legalabbrevs.cardiff.ac.uk/record/law-times-reports/,2026-09-09,Law Times Reports（英国）；债4核实提案 2026-09-15：Cardiff 记录与现判定一致（verified_research_agent；research agent，not human-reviewed）；Cardiff: Law Times Reports（Period 1859-1947；Jurisdiction England & Wales）,GB,GB,"Law Times Reports || Preferred Abbreviation || L.T. || Alternative Abbreviations || L.T., L.T.N.S., L.T.R., L.T.R.N.S., L.T.Rep.N.S., Law T.N.S., Law T.Rep.N.S. || Period || 1859-1947 || Jurisdiction || England & Wales"
M.P.L.R.,mplr,CA,,,,,estimated,verified_research_agent,Cardiff Index to Legal Abbreviations,https://legalabbrevs.cardiff.ac.uk/record/municipal-and-planning-law-reports/,2026-09-09,Municipal and Planning Law Reports；债4核实提案 2026-09-15：Cardiff 记录与现判定一致（verified_research_agent；research agent，not human-reviewed）；Cardiff: Municipal and Planning Law Reports（Period 1976-1990；Jurisdiction Canada）,CA,CA,Municipal and Planning Law Reports || Preferred Abbreviation || — || Alternative Abbreviations || M.P.L.R. || Period || 1976-1990 || Jurisdiction || Canada
A.J.,aj,AB,,,,,estimated,name_inference,临时推断（未核实）,本轮填表者据缩写全称推断，未核对任何权威源；语料实测归一族 aj：543 行 / 341 份判决印此缩写（约束七的键锚）,2026-09-09,Alberta Judgments（电子汇编）；债4核实提案 2026-09-15：NOT_VERIFIED——可采源未取得，保持 estimated（未核清单与理由见一页摘要）；可采源未取得（Cardiff 未收录或站内搜索未命中），保持 estimated,AB,AB,
C.C.L.T.,cclt,CA,,,,,estimated,verified_research_agent,Cardiff Index to Legal Abbreviations,https://legalabbrevs.cardiff.ac.uk/record/canadian-cases-on-the-law-of-torts/,2026-09-09,Canadian Cases on the Law of Torts；债4核实提案 2026-09-15：Cardiff 记录与现判定一致（verified_research_agent；research agent，not human-reviewed）；Cardiff: Canadian Cases on the Law of Torts（Period 1976-1990；Jurisdiction Canada）,CA,CA,Canadian Cases on the Law of Torts || Preferred Abbreviation || C.C.L.T. || Alternative Abbreviations || C.C.L.T. || Period || 1976-1990 || Jurisdiction || Canada
M. & W.,mw,GB,,,,,estimated,verified_research_agent,Cardiff Index to Legal Abbreviations,https://legalabbrevs.cardiff.ac.uk/record/meeson-welsbys-exchequer-reports/,2026-09-09,Meeson & Welsby（英国 nominate reports）；债4核实提案 2026-09-15：Cardiff 记录与现判定一致（verified_research_agent；research agent，not human-reviewed）；Cardiff: Meeson & Welsby's Exchequer Reports（Period 1836-1847；Jurisdiction England & Wales）,GB,GB,"Meeson & Welsby's Exchequer Reports || Preferred Abbreviation || M.& W. || Alternative Abbreviations || M.& W., M.W., Mees.& W., Mees.& Wels. || Period || 1836-1847 || Jurisdiction || England & Wales"
R.P.C.,rpc,GB,,,,,estimated,verified_research_agent,Cardiff Index to Legal Abbreviations,https://legalabbrevs.cardiff.ac.uk/record/reports-of-patent-design-and-trade-mark-cases/,2026-09-09,"Reports of Patent Cases（英国）；债4核实提案 2026-09-15：Cardiff 记录与现判定一致（verified_research_agent；research agent，not human-reviewed）；Cardiff: Reports of Patent, Design and Trade Mark Cases（Period 1884-；Jurisdiction United Kingdom）",GB,GB,"Reports of Patent, Design and Trade Mark Cases || Preferred Abbreviation || R.P.C. || Alternative Abbreviations || Cut.Pat.Cas., Cutler, R.P.C., R.Pat.Cas., Rep.Pat.Cas., Rep.Pat.Des.& Tr.Cas., RPC || Period || 1884- || Jurisdiction || United Kingdom"
L. C. Jur.,lcjur,QC,,,,,estimated,verified_research_agent,Cardiff Index to Legal Abbreviations,https://legalabbrevs.cardiff.ac.uk/record/lower-canada-jurist/,2026-09-09,"Lower Canada Jurist；债4核实提案 2026-09-15：Cardiff 记录与现判定一致（verified_research_agent；research agent，not human-reviewed）；Cardiff: Lower Canada Jurist（Period 1848-1891；Jurisdiction Canada, Quebec）",QC,QC,"Lower Canada Jurist || Preferred Abbreviation || — || Alternative Abbreviations || L.C.J., L.C.Jur., Low.Can.Jur., Lower Can.Jur. || Period || 1848-1891 || Jurisdiction || Canada, Quebec"
A.P.R.,apr,CA,,,,,estimated,verified_research_agent,Cardiff Index to Legal Abbreviations,https://legalabbrevs.cardiff.ac.uk/record/atlantic-provinces-reports/,2026-09-09,Atlantic Provinces Reports —— **区域性，横跨 NB/NS/NL/PE**；取国别粒度，同 W.W.R.；债4核实提案 2026-09-15：Cardiff 记录与现判定一致（verified_research_agent；research agent，not human-reviewed）；Cardiff: Atlantic Provinces Reports（Period 1975-；Jurisdiction Canada）,CA,CA,"Atlantic Provinces Reports || Preferred Abbreviation || — || Alternative Abbreviations || A.P.R., APR || Period || 1975- || Jurisdiction || Canada"
C.R.N.S.,crns,CA,,,,,estimated,verified_research_agent,Cardiff Index to Legal Abbreviations,https://legalabbrevs.cardiff.ac.uk/record/criminal-reports-new-series/,2026-09-09,"Criminal Reports New Series；债4核实提案 2026-09-15：Cardiff 记录与现判定一致（verified_research_agent；research agent，not human-reviewed）；Cardiff: Criminal Reports, New Series（Period 1967-1978；Jurisdiction Canada）",CA,CA,"Criminal Reports, New Series || Preferred Abbreviation || C.R.N.S. || Alternative Abbreviations || C.R.N.S., CR (2d), CR (NS) || Period || 1967-1978 || Jurisdiction || Canada"
U.C.C.P.,uccp,ON,,,,,estimated,verified_research_agent,Cardiff Index to Legal Abbreviations,https://legalabbrevs.cardiff.ac.uk/record/upper-canada-common-pleas-reports/,2026-09-09,"Upper Canada Common Pleas；债4核实提案 2026-09-15：Cardiff 记录与现判定一致（verified_research_agent；research agent，not human-reviewed）；Cardiff: Upper Canada Common Pleas Reports（Period 1850-1882；Jurisdiction Canada, Ontario）",ON,ON,"Upper Canada Common Pleas Reports || Preferred Abbreviation || — || Alternative Abbreviations || U.C.C.P., U.C.C.P.(Can.) || Period || 1850-1882 || Jurisdiction || Canada, Ontario"
B.C. Rep.,bcrep,BC,,,,,estimated,verified_research_agent,Cardiff Index to Legal Abbreviations,https://legalabbrevs.cardiff.ac.uk/record/british-columbia-reports/,2026-09-09,"British Columbia Reports；债4核实提案 2026-09-15：Cardiff 记录与现判定一致（verified_research_agent；research agent，not human-reviewed）；Cardiff: British Columbia Reports（Period 1867-1947；Jurisdiction Canada, British Columbia）",BC,BC,"British Columbia Reports || Preferred Abbreviation || B.C.R. || Alternative Abbreviations || B.& C.R., B.C.R., B.C.Rep., BCR || Period || 1867-1947 || Jurisdiction || Canada, British Columbia"
Ch. App.,chapp,GB,,,,,estimated,verified_research_agent,Cardiff Index to Legal Abbreviations,https://legalabbrevs.cardiff.ac.uk/record/law-reports-chancery-appeal-cases/,2026-09-09,"Chancery Appeals（英国 Law Reports 1865-1875）；债4核实提案 2026-09-15：Cardiff 记录与现判定一致（verified_research_agent；research agent，not human-reviewed）；Cardiff: Law Reports, Chancery Appeal Cases（Period 1865-1875；Jurisdiction England & Wales）",GB,GB,"Law Reports, Chancery Appeal Cases || Preferred Abbreviation || L.R.Ch.App. || Alternative Abbreviations || Ch.App., Ch.App.Cas., Cha.App., L.R.Ch.App., Law Rep.Ch.App. || Period || 1865-1875 || Jurisdiction || England & Wales"
F.C.J.,fcj,CA,,,,,estimated,name_inference,临时推断（未核实）,本轮填表者据缩写全称推断，未核对任何权威源；语料实测归一族 fcj：457 行 / 253 份判决印此缩写（约束七的键锚）,2026-09-09,Federal Court Judgments（电子汇编）；债4核实提案 2026-09-15：NOT_VERIFIED——可采源未取得，保持 estimated（未核清单与理由见一页摘要）；可采源未取得（Cardiff 未收录或站内搜索未命中），保持 estimated,CA,CA,
C.N.L.R.,cnlr,CA,,,,,estimated,verified_research_agent,Cardiff Index to Legal Abbreviations,https://legalabbrevs.cardiff.ac.uk/record/canadian-native-law-reporter/,2026-09-09,Canadian Native Law Reporter；债4核实提案 2026-09-15：Cardiff 记录与现判定一致（verified_research_agent；research agent，not human-reviewed）；Cardiff: Canadian Native Law Reporter（Period 1979-；Jurisdiction Canada）,CA,CA,"Canadian Native Law Reporter || Preferred Abbreviation || C.N.L.R. || Alternative Abbreviations || C.N.L.R., Can.Native L.Rep., CNLR || Period || 1979- || Jurisdiction || Canada"
E.T.R.,etr,CA,,,,,estimated,verified_research_agent,Cardiff Index to Legal Abbreviations,https://legalabbrevs.cardiff.ac.uk/record/estates-trusts-reports/,2026-09-09,Estates and Trusts Reports；债4核实提案 2026-09-15：Cardiff 记录与现判定一致（verified_research_agent；research agent，not human-reviewed）；Cardiff: Estates & Trusts Reports（Period 1977-1994；Jurisdiction Canada）,CA,CA,Estates & Trusts Reports || Preferred Abbreviation || E.T.R. || Alternative Abbreviations || E.T.R. || Period || 1977-1994 || Jurisdiction || Canada
J.Q.,jq,QC,,,,,estimated,name_inference,临时推断（未核实）,本轮填表者据缩写全称推断，未核对任何权威源；语料实测归一族 jq：425 行 / 205 份判决印此缩写（约束七的键锚）,2026-09-09,Jugements du Québec（电子汇编）；债4核实提案 2026-09-15：NOT_VERIFIED——可采源未取得，保持 estimated（未核清单与理由见一页摘要）；可采源未取得（Cardiff 未收录或站内搜索未命中），保持 estimated,QC,QC,
Admin. L.R.,adminlr,CA,,,,,estimated,verified_research_agent,Cardiff Index to Legal Abbreviations,https://legalabbrevs.cardiff.ac.uk/record/administrative-law-reports-fourth-series-canada/,2026-09-09,"Administrative Law Reports；债4核实提案 2026-09-15：Cardiff 记录与现判定一致（verified_research_agent；research agent，not human-reviewed）；Cardiff: Administrative Law Reports, Fourth Series (Canada)（Period 2003-；Jurisdiction Canada）",CA,CA,"Administrative Law Reports, Fourth Series (Canada) || Preferred Abbreviation || — || Alternative Abbreviations || Admin LR (4th), Admin.L.R.(4d), R.J.D.A.(4e) || Period || 2003- || Jurisdiction || Canada"
Beav.,beav,GB,,,,,estimated,verified_research_agent,Cardiff Index to Legal Abbreviations,https://legalabbrevs.cardiff.ac.uk/record/beavans-rolls-court-reports/,2026-09-09,Beavan（英国 nominate reports）；债4核实提案 2026-09-15：Cardiff 记录与现判定一致（verified_research_agent；research agent，not human-reviewed）；Cardiff: Beavan's Rolls Court Reports（Period 1838-1866；Jurisdiction England & Wales）,GB,GB,"Beavan's Rolls Court Reports || Preferred Abbreviation || Beav. || Alternative Abbreviations || B., Bea., Beav., Beavan Ch. || Period || 1838-1866 || Jurisdiction || England & Wales"
C.H.R.R.,chrr,CA,,,,,estimated,verified_research_agent,Cardiff Index to Legal Abbreviations,https://legalabbrevs.cardiff.ac.uk/record/canadian-human-rights-reporter/,2026-09-09,Canadian Human Rights Reporter；债4核实提案 2026-09-15：Cardiff 记录与现判定一致（verified_research_agent；research agent，not human-reviewed）；Cardiff: Canadian Human Rights Reporter（Period 1980-；Jurisdiction Canada）,CA,CA,Canadian Human Rights Reporter || Preferred Abbreviation || C.H.R.R. || Alternative Abbreviations || C.H.R.R. || Period || 1980- || Jurisdiction || Canada
Gr.,gr,ON,,,,,estimated,verified_research_agent,Cardiff Index to Legal Abbreviations,https://legalabbrevs.cardiff.ac.uk/record/grants-upper-canada-chancery-reports/,2026-09-09,"Grant's Chancery Reports（上加拿大）；债4核实提案 2026-09-15：Cardiff 记录与现判定一致（verified_research_agent；research agent，not human-reviewed）；Cardiff: Grant's Upper Canada Chancery Reports（Period 1849-1882；Jurisdiction Canada, Ontario）",ON,ON,"Grant's Upper Canada Chancery Reports || Preferred Abbreviation || — || Alternative Abbreviations || Gr., Grant, Grant Ch., Grant Ch.(Can.), Grant U.C., U.C.Ch., U.C.Ch.(Can.), U.C.Chan. || Period || 1849-1882 || Jurisdiction || Canada, Ontario"
W.C.B.,wcb,CA,,,,,estimated,verified_research_agent,Cardiff Index to Legal Abbreviations,https://legalabbrevs.cardiff.ac.uk/record/weekly-criminal-bulletin/,2026-09-09,Weekly Criminal Bulletin；债4核实提案 2026-09-15：Cardiff 记录与现判定一致（verified_research_agent；research agent，not human-reviewed）；Cardiff: Weekly Criminal Bulletin（Period 1976-；Jurisdiction Canada）,CA,CA,Weekly Criminal Bulletin || Preferred Abbreviation || — || Alternative Abbreviations || W.C.B. || Period || 1976- || Jurisdiction || Canada
Q.L.R.,qlr,QC,,,,,estimated,verified_research_agent,Cardiff Index to Legal Abbreviations,https://legalabbrevs.cardiff.ac.uk/record/quebec-law-reports/,2026-09-09,"Quebec Law Reports；债4核实提案 2026-09-15：Cardiff 记录与现判定一致（verified_research_agent；research agent，not human-reviewed）；Cardiff: Quebec Law Reports（Period 1874-1891；Jurisdiction Canada, Quebec）",QC,QC,"Quebec Law Reports || Preferred Abbreviation || — || Alternative Abbreviations || Q.L.R., Que.L.R., Quebec L.(Can.), R.J.Q. || Period || 1874-1891 || Jurisdiction || Canada, Quebec"
Que. K.B.,quekb,QC,,,,,estimated,verified_research_agent,Cardiff Index to Legal Abbreviations,https://legalabbrevs.cardiff.ac.uk/record/quebec-official-reports-kings-bench/,2026-09-09,"Quebec King's Bench；债4核实提案 2026-09-15：Cardiff 记录与现判定一致（verified_research_agent；research agent，not human-reviewed）；Cardiff: Quebec Official Reports, King's Bench（Period 1892-1969；Jurisdiction Canada, Quebec）",QC,QC,"Quebec Official Reports, King's Bench || Preferred Abbreviation || Que.K.B. or Que.Q.B. || Alternative Abbreviations || B.R., L.R.K.B., L.R.Q.B., Q.S.C., Que.K.B., Que.K.B. or Que.Q.B., Que.Q.B., Queb.K.B., Queb.Q.B. || Period || 1892-1969 || Jurisdiction || Canada, Quebec"
N.Z.L.R.,nzlr,NZ,,,,,estimated,verified_research_agent,Cardiff Index to Legal Abbreviations,https://legalabbrevs.cardiff.ac.uk/record/new-zealand-law-reports/,2026-09-09,New Zealand Law Reports；债4核实提案 2026-09-15：Cardiff 记录与现判定一致（verified_research_agent；research agent，not human-reviewed）；Cardiff: New Zealand Law Reports（Period 1883-；Jurisdiction New Zealand）,NZ,NZ,"New Zealand Law Reports || Preferred Abbreviation || NZLR || Alternative Abbreviations || L.R.N.Z., N.Z., N.Z.L.R., N.Z.Rep., New Zeal.L., New Zeal.L.R., NZLR || Period || 1883- || Jurisdiction || New Zealand"
Ex.,ex,GB,,,,,estimated,verified_research_agent,Cardiff Index to Legal Abbreviations,https://legalabbrevs.cardiff.ac.uk/record/exchequer-reports/,2026-09-09,Exchequer（英国）；债4核实提案 2026-09-15：Cardiff 记录与现判定一致（verified_research_agent；research agent，not human-reviewed）；Cardiff: Exchequer Reports（Period 1847-1856；Jurisdiction England & Wales）,GB,GB,"Exchequer Reports || Preferred Abbreviation || Exch. || Alternative Abbreviations || Ex., Exch., Exch.Rep., Exch.Rep.W.H.& G., W.H.& G., Welsb.H.& G., Welsb.Hurl.& G. || Period || 1847-1856 || Jurisdiction || England & Wales"
B.C.R.,bcr,BC,,,,,estimated,verified_research_agent,Cardiff Index to Legal Abbreviations,https://legalabbrevs.cardiff.ac.uk/record/british-columbia-reports/,2026-09-09,"British Columbia Reports；债4核实提案 2026-09-15：Cardiff 记录与现判定一致（verified_research_agent；research agent，not human-reviewed）；Cardiff: British Columbia Reports（Period 1867-1947；Jurisdiction Canada, British Columbia）",BC,BC,"British Columbia Reports || Preferred Abbreviation || B.C.R. || Alternative Abbreviations || B.& C.R., B.C.R., B.C.Rep., BCR || Period || 1867-1947 || Jurisdiction || Canada, British Columbia"
R.L.,rl,QC,,,,,estimated,name_inference,临时推断（未核实）,本轮填表者据缩写全称推断，未核对任何权威源；语料实测归一族 rl：367 行 / 187 份判决印此缩写（约束七的键锚）,2026-09-09,Revue légale（魁北克）；债4核实提案 2026-09-15：NOT_VERIFIED——可采源未取得，保持 estimated（未核清单与理由见一页摘要）；可采源未取得（Cardiff 未收录或站内搜索未命中），保持 estimated,QC,QC,
C.B.,cb,GB,,,,,estimated,verified_research_agent,Cardiff Index to Legal Abbreviations,https://legalabbrevs.cardiff.ac.uk/record/common-bench-reports/,2026-09-09,Common Bench（英国 nominate reports）。**归一后与版权委员会中立码 CB 同形**，本行入表会激活 §8.2 两表并查（PROBLEMS #33 的既定解法）；债4核实提案 2026-09-15：Cardiff 记录与现判定一致（verified_research_agent；research agent，not human-reviewed）；Cardiff: Common Bench Reports（Period 1845-1856；Jurisdiction England & Wales）,GB,GB,"Common Bench Reports || Preferred Abbreviation || C.B. || Alternative Abbreviations || C.B., Com.B., M.& S., M.G.& S., Man.& S., Man.& Sc., Man.G.& S., Man.Gr.& S., Mann.G.& S. || Period || 1845-1856 || Jurisdiction || England & Wales"
L.C.R.,lcr,CA,,,,,estimated,verified_research_agent,Cardiff Index to Legal Abbreviations,https://legalabbrevs.cardiff.ac.uk/record/lower-canada-reports/,2026-09-09,"Land Compensation Reports；债4核实提案 2026-09-15：Cardiff 记录与现判定一致（verified_research_agent；research agent，not human-reviewed）；Cardiff: Lower Canada Reports（Period 1850-1867；Jurisdiction Canada, Quebec）",CA,CA,"Lower Canada Reports || Preferred Abbreviation || — || Alternative Abbreviations || L.C.R., Low.Can.R., Low.Can.Rep., Lower Can. || Period || 1850-1867 || Jurisdiction || Canada, Quebec"
H.L. Cas.,hlcas,GB,,,,,estimated,name_inference,临时推断（未核实）,本轮填表者据缩写全称推断，未核对任何权威源；语料实测归一族 hlcas：347 行 / 212 份判决印此缩写（约束七的键锚）,2026-09-09,House of Lords Cases（Clark）；债4核实提案 2026-09-15：NOT_VERIFIED——可采源未取得，保持 estimated（未核清单与理由见一页摘要）；可采源未取得（Cardiff 未收录或站内搜索未命中），保持 estimated,GB,GB,
M.P.R.,mpr,CA,,,,,estimated,verified_research_agent,Cardiff Index to Legal Abbreviations,https://legalabbrevs.cardiff.ac.uk/record/maritime-provinces-reports/,2026-09-09,Maritime Provinces Reports —— 区域性，取国别粒度，同 W.W.R.；债4核实提案 2026-09-15：Cardiff 记录与现判定一致（verified_research_agent；research agent，not human-reviewed）；Cardiff: Maritime Provinces Reports（Period 1931-1968；Jurisdiction Canada）,CA,CA,"Maritime Provinces Reports || Preferred Abbreviation || M.P.R. || Alternative Abbreviations || M.P.R., Mar.Prov. || Period || 1931-1968 || Jurisdiction || Canada"
N.Y.,ny,US,,,,,estimated,verified_research_agent,Cardiff Index to Legal Abbreviations,https://legalabbrevs.cardiff.ac.uk/record/new-york-reports/,2026-09-09,"New York Reports；债4核实提案 2026-09-15：Cardiff 记录与现判定一致（verified_research_agent；research agent，not human-reviewed）；Cardiff: New York Reports（Period 1847-1956；Jurisdiction United States, New York）",US,US,"New York Reports || Preferred Abbreviation || N.Y. || Alternative Abbreviations || N.Y. || Period || 1847-1956 || Jurisdiction || United States, New York"
C.B.N.S.,cbns,GB,,,,,estimated,name_inference,临时推断（未核实）,本轮填表者据缩写全称推断，未核对任何权威源；语料实测归一族 cbns：321 行 / 208 份判决印此缩写（约束七的键锚）,2026-09-09,Common Bench New Series（英国）；债4核实提案 2026-09-15：NOT_VERIFIED——可采源未取得，保持 estimated（未核清单与理由见一页摘要）；可采源未取得（Cardiff 未收录或站内搜索未命中），保持 estimated,GB,GB,
P.D.,pd,GB,,,,,estimated,verified_research_agent,Cardiff Index to Legal Abbreviations,https://legalabbrevs.cardiff.ac.uk/record/law-reports-probate-divorce-admiralty/,2026-09-09,"Probate Division（英国 Law Reports 1875-1890）；债4核实提案 2026-09-15：Cardiff 记录与现判定一致（verified_research_agent；research agent，not human-reviewed）；Cardiff: Law Reports, Probate, Divorce & Admiralty Division（Period 1875-1890；Jurisdiction England & Wales）",GB,GB,"Law Reports, Probate, Divorce & Admiralty Division || Preferred Abbreviation || P.D. || Alternative Abbreviations || L.R.P.D., P.& D., P.D., P.Div., Pr.Div., Prob.Div. || Period || 1875-1890 || Jurisdiction || England & Wales"
Times L.R.,timeslr,GB,,,,,estimated,verified_research_agent,Cardiff Index to Legal Abbreviations,https://legalabbrevs.cardiff.ac.uk/record/times-law-reports/,2026-09-09,Times Law Reports（英国）；债4核实提案 2026-09-15：Cardiff 记录与现判定一致（verified_research_agent；research agent，not human-reviewed）；Cardiff: Times Law Reports（Period 1884-1952；Jurisdiction England & Wales）,GB,GB,"Times Law Reports || Preferred Abbreviation || T.L.R. || Alternative Abbreviations || T.L.R., Times L.R., Times L.Rep. || Period || 1884-1952 || Jurisdiction || England & Wales"
N.S. Rep.,nsrep,NS,,,,,estimated,verified_research_agent,Cardiff Index to Legal Abbreviations,https://legalabbrevs.cardiff.ac.uk/record/nova-scotia-reports/,2026-09-09,"Nova Scotia Reports 的另一印刷形；债4核实提案 2026-09-15：Cardiff 记录与现判定一致（verified_research_agent；research agent，not human-reviewed）；Cardiff: Nova Scotia Reports（Period 1834-1929；Jurisdiction Canada, Nova Scotia）",NS,NS,"Nova Scotia Reports || Preferred Abbreviation || — || Alternative Abbreviations || N.S., N.S.L.R., N.S.R., N.S.Rep., N.Sc.L.R., Nov.Sc.L.R., NSR || Period || 1834-1929 || Jurisdiction || Canada, Nova Scotia"
A.,a,US,,,,,estimated,verified_research_agent,Cardiff Index to Legal Abbreviations,https://legalabbrevs.cardiff.ac.uk/record/atlantic-reporter/,2026-09-09,Atlantic Reporter（美国）；债4核实提案 2026-09-15：Cardiff 记录与现判定一致（verified_research_agent；research agent，not human-reviewed）；Cardiff: Atlantic Reporter（Period 1885-1938；Jurisdiction United States）,US,US,"Atlantic Reporter || Preferred Abbreviation || A. || Alternative Abbreviations || A., A.R., A.Rep., At., Atl., Atl.R. || Period || 1885-1938 || Jurisdiction || United States"
N.E.,ne,US,,,,,estimated,verified_research_agent,Cardiff Index to Legal Abbreviations,https://legalabbrevs.cardiff.ac.uk/record/north-eastern-reporter/,2026-09-09,North Eastern Reporter（美国）；债4核实提案 2026-09-15：Cardiff 记录与现判定一致（verified_research_agent；research agent，not human-reviewed）；Cardiff: North Eastern Reporter（Period 1884-1936；Jurisdiction United States）,US,US,"North Eastern Reporter || Preferred Abbreviation || N.E. || Alternative Abbreviations || N.E., N.E.Rep., NE, No.East Rep. || Period || 1884-1936 || Jurisdiction || United States"
S.C.J.,scj,CA,,,,,estimated,name_inference,临时推断（未核实）,本轮填表者据缩写全称推断，未核对任何权威源；语料实测归一族 scj：290 行 / 241 份判决印此缩写（约束七的键锚）,2026-09-09,Supreme Court Judgments（电子汇编）；债4核实提案 2026-09-15：NOT_VERIFIED——可采源未取得，保持 estimated（未核清单与理由见一页摘要）；可采源未取得（Cardiff 未收录或站内搜索未命中），保持 estimated,CA,CA,
U.S.R.,usr,US,,,,,estimated,verified_research_agent,Cardiff Index to Legal Abbreviations,https://legalabbrevs.cardiff.ac.uk/record/united-states-supreme-court-reports/,2026-09-09,United States Reports 的另一印刷形；债4核实提案 2026-09-15：Cardiff 记录与现判定一致（verified_research_agent；research agent，not human-reviewed）；Cardiff: United States Supreme Court Reports（Period 1790-；Jurisdiction United States）,US,US,"United States Supreme Court Reports || Preferred Abbreviation || U.S. || Alternative Abbreviations || U.S., U.S.S.C.Rep., USSCR || Period || 1790- || Jurisdiction || United States"
F. Supp.,fsupp,US,,,,,estimated,verified_research_agent,Cardiff Index to Legal Abbreviations,https://legalabbrevs.cardiff.ac.uk/record/federal-supplement/,2026-09-09,Federal Supplement（美国联邦地区法院）；债4核实提案 2026-09-15：Cardiff 记录与现判定一致（verified_research_agent；research agent，not human-reviewed）；Cardiff: Federal Supplement（Period 1932-1988；Jurisdiction United States）,US,US,Federal Supplement || Preferred Abbreviation || F.Supp. || Alternative Abbreviations || F.Supp. || Period || 1932-1988 || Jurisdiction || United States
H. & N.,hn,GB,,,,,estimated,verified_research_agent,Cardiff Index to Legal Abbreviations,https://legalabbrevs.cardiff.ac.uk/record/hurlstone-normans-exchequer-reports/,2026-09-09,Hurlstone & Norman（英国 nominate reports）；债4核实提案 2026-09-15：Cardiff 记录与现判定一致（verified_research_agent；research agent，not human-reviewed）；Cardiff: Hurlstone & Norman's Exchequer Reports（Period 1856-1862；Jurisdiction England & Wales）,GB,GB,"Hurlstone & Norman's Exchequer Reports || Preferred Abbreviation || H.& N. || Alternative Abbreviations || H.& N., Hurl.& N., Hurl.& Nor., Hurlst.& N. || Period || 1856-1862 || Jurisdiction || England & Wales"
T.L.R.,tlr,GB,,,,,estimated,verified_research_agent,Cardiff Index to Legal Abbreviations,https://legalabbrevs.cardiff.ac.uk/record/times-law-reports/,2026-09-09,Times Law Reports（英国）；债4核实提案 2026-09-15：Cardiff 记录与现判定一致（verified_research_agent；research agent，not human-reviewed）；Cardiff: Times Law Reports（Period 1884-1952；Jurisdiction England & Wales）,GB,GB,"Times Law Reports || Preferred Abbreviation || T.L.R. || Alternative Abbreviations || T.L.R., Times L.R., Times L.Rep. || Period || 1884-1952 || Jurisdiction || England & Wales"
L.A.C.,lac,CA,,,,,estimated,verified_research_agent,Cardiff Index to Legal Abbreviations,https://legalabbrevs.cardiff.ac.uk/record/labour-arbitration-cases/,2026-09-09,Labour Arbitration Cases；债4核实提案 2026-09-15：Cardiff 记录与现判定一致（verified_research_agent；research agent，not human-reviewed）；Cardiff: Labour Arbitration Cases（Period 1948-1972；Jurisdiction Canada）,CA,CA,Labour Arbitration Cases || Preferred Abbreviation || — || Alternative Abbreviations || L.A.C. || Period || 1948-1972 || Jurisdiction || Canada
B. & C.,bc,GB,,,,,estimated,verified_research_agent,Cardiff Index to Legal Abbreviations,https://legalabbrevs.cardiff.ac.uk/record/barnewall-cresswells-kings-bench-reports/,2026-09-09,Barnewall & Cresswell（英国 nominate reports）；债4核实提案 2026-09-15：Cardiff 记录与现判定一致（verified_research_agent；research agent，not human-reviewed）；Cardiff: Barnewall & Cresswell's King's Bench Reports（Period 1822-1830；Jurisdiction England & Wales）,GB,GB,"Barnewall & Cresswell's King's Bench Reports || Preferred Abbreviation || B.& C. || Alternative Abbreviations || B.& C., Barn.& C., Barn.& Cr., Barn.& Cress. || Period || 1822-1830 || Jurisdiction || England & Wales"
Q.A.C.,qac,QC,,,,,estimated,verified_research_agent,Cardiff Index to Legal Abbreviations,https://legalabbrevs.cardiff.ac.uk/record/quebec-appeal-cases/,2026-09-09,"Quebec Appeal Cases；债4核实提案 2026-09-15：Cardiff 记录与现判定一致（verified_research_agent；research agent，not human-reviewed）；Cardiff: Quebec Appeal Cases（Period 1986-1995；Jurisdiction Canada, Quebec）",QC,QC,"Quebec Appeal Cases || Preferred Abbreviation || — || Alternative Abbreviations || Q.A.C. || Period || 1986-1995 || Jurisdiction || Canada, Quebec"
Ves.,ves,GB,,,,,estimated,verified_research_agent,Cardiff Index to Legal Abbreviations,https://legalabbrevs.cardiff.ac.uk/record/vesey-senior/,2026-09-09,Vesey（英国 nominate reports）；债4核实提案 2026-09-15：Cardiff 记录与现判定一致（verified_research_agent；research agent，not human-reviewed）；Cardiff: Vesey Senior's Chancery Reports（Period 1741-1756；Jurisdiction England & Wales）,GB,GB,"Vesey Senior's Chancery Reports || Preferred Abbreviation || Ves.Sen. || Alternative Abbreviations || Ve., Ves., Ves.Sen., Ves.Sr. || Period || 1741-1756 || Jurisdiction || England & Wales"
Lloyd's Rep.,lloydsrep,GB,,,,,estimated,verified_research_agent,Cardiff Index to Legal Abbreviations,https://legalabbrevs.cardiff.ac.uk/record/lloyds-law-reports/,2026-09-09,Lloyd's Law Reports（英国）；债4核实提案 2026-09-15：Cardiff 记录与现判定一致（verified_research_agent；research agent，not human-reviewed）；Cardiff: Lloyd's Law Reports（Period 1968-；Jurisdiction England & Wales）,GB,GB,"Lloyd's Law Reports || Preferred Abbreviation || Lloyd's Rep. || Alternative Abbreviations || Lloyd L.R., Lloyd's Rep. || Period || 1968- || Jurisdiction || England & Wales"
R.D.J.,rdj,QC,,,,,estimated,verified_research_agent,Cardiff Index to Legal Abbreviations,https://legalabbrevs.cardiff.ac.uk/record/revue-de-droit-judiciaire/,2026-09-09,Revue de droit judiciaire（魁北克）；债4核实提案 2026-09-15：Cardiff 记录与现判定一致（verified_research_agent；research agent，not human-reviewed）；Cardiff: Revue de Droit Judiciaire（Period 1983-；Jurisdiction Canada）,QC,QC,Revue de Droit Judiciaire || Preferred Abbreviation || — || Alternative Abbreviations || R.D.J. || Period || 1983- || Jurisdiction || Canada
E. & B.,eb,GB,,,,,estimated,verified_research_agent,Cardiff Index to Legal Abbreviations,https://legalabbrevs.cardiff.ac.uk/record/ellis-blackburns-queens-bench-reports/,2026-09-09,Ellis & Blackburn（英国 nominate reports）；债4核实提案 2026-09-15：Cardiff 记录与现判定一致（verified_research_agent；research agent，not human-reviewed）；Cardiff: Ellis & Blackburn's Queen's Bench Reports（Period 1852-1858；Jurisdiction England & Wales）,GB,GB,"Ellis & Blackburn's Queen's Bench Reports || Preferred Abbreviation || E.& B. || Alternative Abbreviations || E.& B., El.& B., El.& Bl., Ell.& Bl., Ellis & Bl. || Period || 1852-1858 || Jurisdiction || England & Wales"
R.R.A.,rra,QC,,,,,estimated,name_inference,临时推断（未核实）,本轮填表者据缩写全称推断，未核对任何权威源；语料实测归一族 rra：247 行 / 62 份判决印此缩写（约束七的键锚）,2026-09-09,Recueil en responsabilité et assurance（魁北克）；债4核实提案 2026-09-15：NOT_VERIFIED——可采源未取得，保持 estimated（未核清单与理由见一页摘要）；可采源未取得（Cardiff 未收录或站内搜索未命中），保持 estimated,QC,QC,
B. & S.,bs,GB,,,,,estimated,verified_research_agent,Cardiff Index to Legal Abbreviations,https://legalabbrevs.cardiff.ac.uk/record/best-smiths-queens-bench-reports/,2026-09-09,Best & Smith（英国 nominate reports）；债4核实提案 2026-09-15：Cardiff 记录与现判定一致（verified_research_agent；research agent，not human-reviewed）；Cardiff: Best & Smith's Queen's Bench Reports（Period 1861-1869；Jurisdiction England & Wales）,GB,GB,"Best & Smith's Queen's Bench Reports || Preferred Abbreviation || B.& S. || Alternative Abbreviations || B.& S., B.S., Best & S., Best & Sm. || Period || 1861-1869 || Jurisdiction || England & Wales"
Cox C.C.,coxcc,GB,,,,,estimated,verified_research_agent,Cardiff Index to Legal Abbreviations,https://legalabbrevs.cardiff.ac.uk/record/coxs-criminal-cases/,2026-09-09,Cox's Criminal Cases（英国）；债4核实提案 2026-09-15：Cardiff 记录与现判定一致（verified_research_agent；research agent，not human-reviewed）；Cardiff: Cox's Criminal Cases（Period 1843-1945；Jurisdiction England & Wales）,GB,GB,"Cox's Criminal Cases || Preferred Abbreviation || Cox C.C. || Alternative Abbreviations || C.C.C., Cox, Cox C.C., Cox Cr.Ca., Cox Cr.Cas., Cox Crim.Cas. || Period || 1843-1945 || Jurisdiction || England & Wales"
East,east,GB,,,,,estimated,verified_research_agent,Cardiff Index to Legal Abbreviations,https://legalabbrevs.cardiff.ac.uk/record/easts-term-reports-kings-bench/,2026-09-09,"East's Term Reports（英国 nominate reports）；债4核实提案 2026-09-15：Cardiff 记录与现判定一致（verified_research_agent；research agent，not human-reviewed）；Cardiff: East's Term Reports, King's Bench（Period 1800-1812；Jurisdiction England & Wales）",GB,GB,"East's Term Reports, King's Bench || Preferred Abbreviation || East || Alternative Abbreviations || E., E.R., Ea., East, East's, New Term Rep., T.R.N.S. || Period || 1800-1812 || Jurisdiction || England & Wales"
Moo. P.C.,moopc,GB,,,,,estimated,verified_research_agent,Cardiff Index to Legal Abbreviations,https://legalabbrevs.cardiff.ac.uk/record/moores-privy-council-cases/ ; https://legalabbrevs.cardiff.ac.uk/record/moores-privy-council-cases-new-series/,2026-09-09,"Moore's Privy Council Cases。枢密院案件，来源地属 case_origin.csv 辖区；债4核实提案 2026-09-15：Cardiff 记录与现判定一致（verified_research_agent；research agent，not human-reviewed）；Cardiff: Moore's Privy Council Cases（Period 1836-1862；Jurisdiction England & Wales）；Cardiff: Moore's Privy Council Cases, New Series（Period 1862-1873；Jurisdiction England & Wales）",GB,GB,"Moore's Privy Council Cases || Preferred Abbreviation || Moore P.C. || Alternative Abbreviations || M.P.C., Mo., Mo.P.C., Moo.P.C., Moo.P.C.C., Moore, Moore P.C., Moore P.C.C. || Period || 1836-1862 || Jurisdiction || England & Wales || Moore's Privy Council Cases, New Series || Preferred Abbreviation || Moore P.C.C.N.S. || Alternative Abbreviations || Moo.P.C.(N.S.), Moo.P.C.C.N.S., Moo.P.C.N.S., Moo.P.Cas.N.S., Moore P.C.C.N.S., Moore P.C.N.S. || Period || 1862-1873 || Jurisdiction || England & Wales"
T.T.,tt,QC,,,,,estimated,verified_research_agent,Cardiff Index to Legal Abbreviations,https://legalabbrevs.cardiff.ac.uk/record/jurisprudence-en-droit-du-travail-tribunal-du-travail/,2026-09-09,"Tribunal du travail（魁北克劳动法庭）；债4核实提案 2026-09-15：Cardiff 记录与现判定一致（verified_research_agent；research agent，not human-reviewed）；Cardiff: Jurisprudence en Droit du Travail, Tribunal du Travail（Period 1970-1981；Jurisdiction Canada, Quebec）",QC,QC,"Jurisprudence en Droit du Travail, Tribunal du Travail || Preferred Abbreviation || — || Alternative Abbreviations || T.T. || Period || 1970-1981 || Jurisdiction || Canada, Quebec"
L.J. Ch.,ljch,GB,,,,,estimated,verified_research_agent,Cardiff Index to Legal Abbreviations,https://legalabbrevs.cardiff.ac.uk/record/law-journal-reports/,2026-09-09,"Law Journal Reports, Chancery（英国）；债4核实提案 2026-09-15：Cardiff 记录与现判定一致（verified_research_agent；research agent，not human-reviewed）；Cardiff: Law Journal Reports（Period 1822-1949；Jurisdiction England & Wales）",GB,GB,"Law Journal Reports || Preferred Abbreviation || L.J.R. || Alternative Abbreviations || L.J.R., L.J.Rep., Law J., Law Jour. || Period || 1822-1949 || Jurisdiction || England & Wales"
L.J.Q.B.,ljqb,GB,,,,,estimated,verified_research_agent,Cardiff Index to Legal Abbreviations,https://legalabbrevs.cardiff.ac.uk/record/law-journal-reports/,2026-09-09,"Law Journal Reports, Queen's Bench（英国）；债4核实提案 2026-09-15：Cardiff 记录与现判定一致（verified_research_agent；research agent，not human-reviewed）；Cardiff: Law Journal Reports（Period 1822-1949；Jurisdiction England & Wales）",GB,GB,"Law Journal Reports || Preferred Abbreviation || L.J.R. || Alternative Abbreviations || L.J.R., L.J.Rep., Law J., Law Jour. || Period || 1822-1949 || Jurisdiction || England & Wales"
L.J.K.B.,ljkb,GB,,,,,estimated,verified_research_agent,Cardiff Index to Legal Abbreviations,https://legalabbrevs.cardiff.ac.uk/record/law-journal-reports/,2026-09-09,"Law Journal Reports, King's Bench（英国）；债4核实提案 2026-09-15：Cardiff 记录与现判定一致（verified_research_agent；research agent，not human-reviewed）；Cardiff: Law Journal Reports（Period 1822-1949；Jurisdiction England & Wales）",GB,GB,"Law Journal Reports || Preferred Abbreviation || L.J.R. || Alternative Abbreviations || L.J.R., L.J.Rep., Law J., Law Jour. || Period || 1822-1949 || Jurisdiction || England & Wales"
S.Ct.,sct,US,,,,,estimated,verified_research_agent,Cardiff Index to Legal Abbreviations,https://legalabbrevs.cardiff.ac.uk/record/supreme-court-reporter/,2026-09-09,Supreme Court Reporter（美国）；债4核实提案 2026-09-15：Cardiff 记录与现判定一致（verified_research_agent；research agent，not human-reviewed）；Cardiff: Supreme Court Reporter（Period 1882-；Jurisdiction United States）,US,US,"Supreme Court Reporter || Preferred Abbreviation || S.Ct. || Alternative Abbreviations || S Ct, S.C., S.Ct., Sup.Ct., Sup.Ct.Rep., Supr.Ct.Rep. || Period || 1882- || Jurisdiction || United States"
C.P.D.,cpd,GB,,,,,estimated,verified_research_agent,Cardiff Index to Legal Abbreviations,https://legalabbrevs.cardiff.ac.uk/record/law-reports-common-pleas-division/,2026-09-09,"Common Pleas Division（英国 Law Reports 1875-1890）；债4核实提案 2026-09-15：Cardiff 记录与现判定一致（verified_research_agent；research agent，not human-reviewed）；Cardiff: Law Reports, Common Pleas Division（Period 1875-1880；Jurisdiction England & Wales）",GB,GB,"Law Reports, Common Pleas Division || Preferred Abbreviation || C.P.D. || Alternative Abbreviations || C.P.D., C.P.Div., L.R.C.P.D., L.R.C.P.Div., Law Rep.C.P.D. || Period || 1875-1880 || Jurisdiction || England & Wales"
T.R.,tr,GB,,,,,estimated,verified_research_agent,Cardiff Index to Legal Abbreviations,https://legalabbrevs.cardiff.ac.uk/record/durnford-easts-term-reports-kings-bench/,2026-09-09,"Term Reports（英国 nominate reports）；债4核实提案 2026-09-15：Cardiff 记录与现判定一致（verified_research_agent；research agent，not human-reviewed）；Cardiff: Durnford & East's Term Reports, King's Bench（Period 1785-1800；Jurisdiction England & Wales）",GB,GB,"Durnford & East's Term Reports, King's Bench || Preferred Abbreviation || D.& E. || Alternative Abbreviations || D.& E., Durn.& E., T.R., Term R., Term Rep. || Period || 1785-1800 || Jurisdiction || England & Wales"
Mass.,mass,US,,,,,estimated,verified_research_agent,Cardiff Index to Legal Abbreviations,https://legalabbrevs.cardiff.ac.uk/record/massachusetts-reports/,2026-09-09,"Massachusetts Reports；债4核实提案 2026-09-15：Cardiff 记录与现判定一致（verified_research_agent；research agent，not human-reviewed）；Cardiff: Massachusetts Reports（Period 1867-；Jurisdiction United States, Massachusetts）",US,US,"Massachusetts Reports || Preferred Abbreviation || Mass. || Alternative Abbreviations || Ma., Mas., Mass. || Period || 1867- || Jurisdiction || United States, Massachusetts"
Can. C.C.,cancc,CA,,,,,estimated,verified_research_agent,Cardiff Index to Legal Abbreviations,https://legalabbrevs.cardiff.ac.uk/record/canadian-criminal-cases/,2026-09-09,Canadian Criminal Cases 的旧印刷形；债4核实提案 2026-09-15：Cardiff 记录与现判定一致（verified_research_agent；research agent，not human-reviewed）；Cardiff: Canadian Criminal Cases（Period 1893-1970；Jurisdiction Canada）,CA,CA,"Canadian Criminal Cases || Preferred Abbreviation || C.C.C. || Alternative Abbreviations || C.& C.C., C.C.C., Can.Cr.Cas., Can.Crim.Cas., CCC || Period || 1893-1970 || Jurisdiction || Canada"
Bing.,bing,GB,,,,,estimated,verified_research_agent,Cardiff Index to Legal Abbreviations,https://legalabbrevs.cardiff.ac.uk/record/binghams-common-pleas/,2026-09-09,Bingham（英国 nominate reports）；债4核实提案 2026-09-15：Cardiff 记录与现判定一致（verified_research_agent；research agent，not human-reviewed）；Cardiff: Bingham's Common Pleas Reports（Period 1822-1834；Jurisdiction England & Wales）,GB,GB,Bingham's Common Pleas Reports || Preferred Abbreviation || Bing. || Alternative Abbreviations || Bing. || Period || 1822-1834 || Jurisdiction || England & Wales
Sask. L.R.,sasklr,SK,,,,,estimated,verified_research_agent,Cardiff Index to Legal Abbreviations,https://legalabbrevs.cardiff.ac.uk/record/saskatchewan-law-reports/,2026-09-09,"Saskatchewan Law Reports；债4核实提案 2026-09-15：Cardiff 记录与现判定一致（verified_research_agent；research agent，not human-reviewed）；Cardiff: Saskatchewan Law Reports（Period 1908-1931；Jurisdiction Canada, Saskatchewan）",SK,SK,"Saskatchewan Law Reports || Preferred Abbreviation || — || Alternative Abbreviations || Sask., Sask.L.R. || Period || 1908-1931 || Jurisdiction || Canada, Saskatchewan"
C.C.P.B.,ccpb,CA,,,,,estimated,name_inference,临时推断（未核实）,本轮填表者据缩写全称推断，未核对任何权威源；语料实测归一族 ccpb：181 行 / 77 份判决印此缩写（约束七的键锚）,2026-09-09,Canadian Cases on Pensions and Benefits；债4核实提案 2026-09-15：NOT_VERIFIED——可采源未取得，保持 estimated（未核清单与理由见一页摘要）；可采源未取得（Cardiff 未收录或站内搜索未命中），保持 estimated,CA,CA,
B.R.,br,QC,,,,,estimated,verified_research_agent,LexisNexis Quicklaw 帮助页（出版方文档）,https://help.lexisnexis.com/tabula-rasa/newlexis/citationformats_ref-reference?lbu=CA&locale=en_CA&audience=all,2026-09-09,Banc de la Reine / du Roi（魁北克）；债4核实提案 2026-09-15：Cardiff 记录与现判定一致（verified_research_agent；research agent，not human-reviewed）；表内卷号 15 落在 1–71 加拿大段,QC,QC,"'BR' can stand for either the Canadian Banc de la reine/Banc du roi, or the American Bankruptcy Reporter, with volume-range rules (BR volumes 1–71 treated as Canadian; 72+ as U.S.)"
A.C.W.S.,acws,CA,,,,,estimated,verified_research_agent,Cardiff Index to Legal Abbreviations,https://legalabbrevs.cardiff.ac.uk/record/all-canada-weekly-summaries/,2026-09-09,All Canada Weekly Summaries；债4核实提案 2026-09-15：Cardiff 记录与现判定一致（verified_research_agent；research agent，not human-reviewed）；Cardiff: All Canada Weekly Summaries（Period 1977-；Jurisdiction Canada）,CA,CA,All Canada Weekly Summaries || Preferred Abbreviation || A.C.W.S. || Alternative Abbreviations || A.C.W.S. || Period || 1977- || Jurisdiction || Canada
Imm. L.R.,immlr,CA,,,,,estimated,name_inference,临时推断（未核实）,本轮填表者据缩写全称推断，未核对任何权威源；语料实测归一族 immlr：175 行 / 59 份判决印此缩写（约束七的键锚）,2026-09-09,Immigration Law Reporter；债4核实提案 2026-09-15：NOT_VERIFIED——可采源未取得，保持 estimated（未核清单与理由见一页摘要）；可采源未取得（Cardiff 未收录或站内搜索未命中），保持 estimated,CA,CA,
N.B. Rep.,nbrep,NB,,,,,estimated,verified_research_agent,Cardiff Index to Legal Abbreviations,https://legalabbrevs.cardiff.ac.uk/record/new-brunswick-reports/ ; https://legalabbrevs.cardiff.ac.uk/record/new-brunswick-reports-2nd-series/,2026-09-09,"New Brunswick Reports 的另一印刷形；债4核实提案 2026-09-15：Cardiff 记录与现判定一致（verified_research_agent；research agent，not human-reviewed）；Cardiff: New Brunswick Reports（Period 1825-1929；Jurisdiction Canada, New Brunswick）；Cardiff: New Brunswick Reports, 2nd Series（Period 1969-；Jurisdiction Canada, New Brunswick）",NB,NB,"New Brunswick Reports || Preferred Abbreviation || — || Alternative Abbreviations || N.B., N.B.R., N.B.Rep., N.Bruns., NBR, New Br., New Br.R. || Period || 1825-1929 || Jurisdiction || Canada, New Brunswick || New Brunswick Reports, 2nd Series || Preferred Abbreviation || — || Alternative Abbreviations || N.B.2d., N.B.R.(2d), N.B.R.2d., R.N.-B.(2e) || Period || 1969- || Jurisdiction || Canada, New Brunswick"
L.C.J.,lcj,QC,,,,,estimated,verified_research_agent,Cardiff Index to Legal Abbreviations,https://legalabbrevs.cardiff.ac.uk/record/lower-canada-jurist/,2026-09-09,"Lower Canada Jurist 的另一印刷形；债4核实提案 2026-09-15：Cardiff 记录与现判定一致（verified_research_agent；research agent，not human-reviewed）；Cardiff: Lower Canada Jurist（Period 1848-1891；Jurisdiction Canada, Quebec）",QC,QC,"Lower Canada Jurist || Preferred Abbreviation || — || Alternative Abbreviations || L.C.J., L.C.Jur., Low.Can.Jur., Lower Can.Jur. || Period || 1848-1891 || Jurisdiction || Canada, Quebec"
M.J.,mj,MB,,,,,estimated,name_inference,临时推断（未核实）,本轮填表者据缩写全称推断，未核对任何权威源；语料实测归一族 mj：171 行 / 110 份判决印此缩写（约束七的键锚）,2026-09-09,Manitoba Judgments（电子汇编）；债4核实提案 2026-09-15：NOT_VERIFIED——可采源未取得，保持 estimated（未核清单与理由见一页摘要）；可采源未取得（Cardiff 未收录或站内搜索未命中），保持 estimated,MB,MB,
A. & E.,ae,GB,,,,,estimated,verified_research_agent,Cardiff Index to Legal Abbreviations,https://legalabbrevs.cardiff.ac.uk/record/adolphus-ellis-queens-bench-reports/,2026-09-09,Adolphus & Ellis（英国 nominate reports）；债4核实提案 2026-09-15：Cardiff 记录与现判定一致（verified_research_agent；research agent，not human-reviewed）；Cardiff: Adolphus & Ellis' Queen's Bench Reports（Period 1834-1840；Jurisdiction England & Wales）,GB,GB,"Adolphus & Ellis' Queen's Bench Reports || Preferred Abbreviation || A.& E. || Alternative Abbreviations || A.& E., A.E., Ad.& E., Ad.& El., Adol.& E., Adolph. & E., Q.B., QB || Period || 1834-1840 || Jurisdiction || England & Wales"
L. T. N. S.,ltns,GB,,,,,estimated,verified_research_agent,Cardiff Index to Legal Abbreviations,https://legalabbrevs.cardiff.ac.uk/record/law-times-reports/,2026-09-09,"Law Times Reports, New Series（英国）；债4核实提案 2026-09-15：Cardiff 记录与现判定一致（verified_research_agent；research agent，not human-reviewed）；Cardiff: Law Times Reports（Period 1859-1947；Jurisdiction England & Wales）",GB,GB,"Law Times Reports || Preferred Abbreviation || L.T. || Alternative Abbreviations || L.T., L.T.N.S., L.T.R., L.T.R.N.S., L.T.Rep.N.S., Law T.N.S., Law T.Rep.N.S. || Period || 1859-1947 || Jurisdiction || England & Wales"
N.W.,nw,US,,,,,estimated,verified_research_agent,Cardiff Index to Legal Abbreviations,https://legalabbrevs.cardiff.ac.uk/record/north-western-reporter/,2026-09-09,North Western Reporter（美国）；债4核实提案 2026-09-15：Cardiff 记录与现判定一致（verified_research_agent；research agent，not human-reviewed）；Cardiff: North Western Reporter（Period 1880-1942；Jurisdiction United States）,US,US,"North Western Reporter || Preferred Abbreviation || N.W. || Alternative Abbreviations || N.W., No.West Rep., Northw.Rep., NW || Period || 1880-1942 || Jurisdiction || United States"
S.J.,sj,GB,,,,,estimated,verified_research_agent,Cardiff Index to Legal Abbreviations,https://legalabbrevs.cardiff.ac.uk/record/solicitors-journal/,2026-09-09,Solicitors' Journal（英国）；债4核实提案 2026-09-15：Cardiff 记录与现判定一致（verified_research_agent；research agent，not human-reviewed）；Cardiff: Solicitors' Journal（Period 1857-；Jurisdiction United Kingdom）,GB,GB,"Solicitors' Journal || Preferred Abbreviation || SJ || Alternative Abbreviations || S.J., SJ, Sol.J., Sol.J.& R., Sol.Jo., Solicitors' J. || Period || 1857- || Jurisdiction || United Kingdom"
Ont. W.N.,ontwn,ON,,,,,estimated,verified_research_agent,Cardiff Index to Legal Abbreviations,https://legalabbrevs.cardiff.ac.uk/record/ontario-weekly-notes/,2026-09-09,"Ontario Weekly Notes 的另一印刷形；债4核实提案 2026-09-15：Cardiff 记录与现判定一致（verified_research_agent；research agent，not human-reviewed）；Cardiff: Ontario Weekly Notes（Period 1909-1962；Jurisdiction Canada, Ontario）",ON,ON,"Ontario Weekly Notes || Preferred Abbreviation || — || Alternative Abbreviations || O.W.N., Ont.W.N., Ont.Week.N., Ont.Wkly.N. || Period || 1909-1962 || Jurisdiction || Canada, Ontario"
C.E.L.R.,celr,CA,,,,,estimated,verified_research_agent,Cardiff Index to Legal Abbreviations,https://legalabbrevs.cardiff.ac.uk/record/canadian-environmental-law-reports/,2026-09-09,Canadian Environmental Law Reports；债4核实提案 2026-09-15：Cardiff 记录与现判定一致（verified_research_agent；research agent，not human-reviewed）；Cardiff: Canadian Environmental Law Reports（Period 1978-1986；Jurisdiction Canada）,CA,CA,Canadian Environmental Law Reports || Preferred Abbreviation || C.E.L.R. || Alternative Abbreviations || C.E.L.R. || Period || 1978-1986 || Jurisdiction || Canada
N.S.J.,nsj,NS,,,,,estimated,name_inference,临时推断（未核实）,本轮填表者据缩写全称推断，未核对任何权威源；语料实测归一族 nsj：159 行 / 99 份判决印此缩写（约束七的键锚）,2026-09-09,Nova Scotia Judgments（电子汇编）；债4核实提案 2026-09-15：NOT_VERIFIED——可采源未取得，保持 estimated（未核清单与理由见一页摘要）；可采源未取得（Cardiff 未收录或站内搜索未命中），保持 estimated,NS,NS,
O.A.R.,oar,ON,,,,,estimated,verified_research_agent,Cardiff Index to Legal Abbreviations,https://legalabbrevs.cardiff.ac.uk/record/ontario-appeal-reports/,2026-09-09,"Ontario Appeal Reports 的另一印刷形；债4核实提案 2026-09-15：Cardiff 记录与现判定一致（verified_research_agent；research agent，not human-reviewed）；Cardiff: Ontario Appeal Reports（Period 1876-1900；Jurisdiction Canada, Ontario）",ON,ON,"Ontario Appeal Reports || Preferred Abbreviation || O.A.R. || Alternative Abbreviations || A.R., A.R.Ont., App.Rep., App.Rep.Ont., O.A.R., Ont.A., Ont.App., Tup.App., Tupp., Tupper || Period || 1876-1900 || Jurisdiction || Canada, Ontario"
C.A.R.,car,GB,,,,,estimated,verified_research_agent,Cardiff Index to Legal Abbreviations,https://legalabbrevs.cardiff.ac.uk/record/criminal-appeal-reports/,2026-09-09,Criminal Appeal Reports（英国）；债4核实提案 2026-09-15：Cardiff 记录与现判定一致（verified_research_agent；research agent，not human-reviewed）；Cardiff: Criminal Appeal Reports（Period 1908-；Jurisdiction England & Wales）,GB,GB,"Criminal Appeal Reports || Preferred Abbreviation || Cr.App.R. || Alternative Abbreviations || C.A.R., C.App.R., Cr App R, Cr.App.R., Cr.App.Rep., Crim.App. || Period || 1908- || Jurisdiction || England & Wales"
O'M. & H.,omh,GB,,,,,estimated,verified_research_agent,Cardiff Index to Legal Abbreviations,https://legalabbrevs.cardiff.ac.uk/record/omalley-hardcastle-election-cases/,2026-09-09,O'Malley & Hardcastle（英国选举诉讼汇编）；债4核实提案 2026-09-15：Cardiff 记录与现判定一致（verified_research_agent；research agent，not human-reviewed）；Cardiff: O'Malley & Hardcastle Election Cases（Period 1869-1929；Jurisdiction England & Wales）,GB,GB,"O'Malley & Hardcastle Election Cases || Preferred Abbreviation || O'M.& H. || Alternative Abbreviations || O'M.& H., O'M.& H.El.Cas., O'Mal.& H. || Period || 1869-1929 || Jurisdiction || England & Wales"
Hare,hare,GB,,,,,estimated,name_inference,临时推断（未核实）,本轮填表者据缩写全称推断，未核对任何权威源；语料实测归一族 hare：155 行 / 95 份判决印此缩写（约束七的键锚）,2026-09-09,Hare（英国 nominate reports）；债4核实提案 2026-09-15：NOT_VERIFIED——可采源未取得，保持 estimated（未核清单与理由见一页摘要）；可采源未取得（Cardiff 未收录或站内搜索未命中），保持 estimated,GB,GB,
H.L.C.,hlc,GB,,,,,estimated,name_inference,临时推断（未核实）,本轮填表者据缩写全称推断，未核对任何权威源；语料实测归一族 hlc：150 行 / 86 份判决印此缩写（约束七的键锚）,2026-09-09,House of Lords Cases 的另一印刷形；债4核实提案 2026-09-15：NOT_VERIFIED——可采源未取得，保持 estimated（未核清单与理由见一页摘要）；可采源未取得（Cardiff 未收录或站内搜索未命中），保持 estimated,GB,GB,
Can. Cr. Cas.,cancrcas,CA,,,,,estimated,verified_research_agent,Cardiff Index to Legal Abbreviations,https://legalabbrevs.cardiff.ac.uk/record/canadian-criminal-cases/,2026-09-09,Canadian Criminal Cases 的旧印刷形；债4核实提案 2026-09-15：Cardiff 记录与现判定一致（verified_research_agent；research agent，not human-reviewed）；Cardiff: Canadian Criminal Cases（Period 1893-1970；Jurisdiction Canada）,CA,CA,"Canadian Criminal Cases || Preferred Abbreviation || C.C.C. || Alternative Abbreviations || C.& C.C., C.C.C., Can.Cr.Cas., Can.Crim.Cas., CCC || Period || 1893-1970 || Jurisdiction || Canada"
L.J.P.C.,ljpc,GB,,,,,estimated,verified_research_agent,Cardiff Index to Legal Abbreviations,https://legalabbrevs.cardiff.ac.uk/record/law-journal-reports/,2026-09-09,"Law Journal Reports, Privy Council（英国）；债4核实提案 2026-09-15：Cardiff 记录与现判定一致（verified_research_agent；research agent，not human-reviewed）；Cardiff: Law Journal Reports（Period 1822-1949；Jurisdiction England & Wales）",GB,GB,"Law Journal Reports || Preferred Abbreviation || L.J.R. || Alternative Abbreviations || L.J.R., L.J.Rep., Law J., Law Jour. || Period || 1822-1949 || Jurisdiction || England & Wales"
DeG. M. & G.,degmg,GB,,,,,estimated,name_inference,临时推断（未核实）,本轮填表者据缩写全称推断，未核对任何权威源；语料实测归一族 degmg：144 行 / 99 份判决印此缩写（约束七的键锚）,2026-09-09,"De Gex, Macnaghten & Gordon（英国 nominate reports）；债4核实提案 2026-09-15：NOT_VERIFIED——可采源未取得，保持 estimated（未核清单与理由见一页摘要）；可采源未取得（Cardiff 未收录或站内搜索未命中），保持 estimated",GB,GB,
Grant,grant,ON,,,,,estimated,verified_research_agent,Cardiff Index to Legal Abbreviations,https://legalabbrevs.cardiff.ac.uk/record/grants-upper-canada-chancery-reports/,2026-09-09,"Grant's Chancery Reports（上加拿大）的另一印刷形；债4核实提案 2026-09-15：Cardiff 记录与现判定一致（verified_research_agent；research agent，not human-reviewed）；Cardiff: Grant's Upper Canada Chancery Reports（Period 1849-1882；Jurisdiction Canada, Ontario）",ON,ON,"Grant's Upper Canada Chancery Reports || Preferred Abbreviation || — || Alternative Abbreviations || Gr., Grant, Grant Ch., Grant Ch.(Can.), Grant U.C., U.C.Ch., U.C.Ch.(Can.), U.C.Chan. || Period || 1849-1882 || Jurisdiction || Canada, Ontario"
Ex. D.,exd,GB,,,,,estimated,verified_research_agent,Cardiff Index to Legal Abbreviations,https://legalabbrevs.cardiff.ac.uk/record/law-reports-exchequer-division/,2026-09-09,"Exchequer Division（英国 Law Reports 1875-1890）；债4核实提案 2026-09-15：Cardiff 记录与现判定一致（verified_research_agent；research agent，not human-reviewed）；Cardiff: Law Reports, Exchequer Division（Period 1875-1880；Jurisdiction England & Wales）",GB,GB,"Law Reports, Exchequer Division || Preferred Abbreviation || Ex.D. || Alternative Abbreviations || Ex.D., Ex.Div., Exch.Div., L.R.Ex.D., L.R.Ex.Div., L.R.Exch.D., L.R.Exch.Div., Law Rep.Ex.D. || Period || 1875-1880 || Jurisdiction || England & Wales"
Burr.,burr,GB,,,,,estimated,verified_research_agent,Cardiff Index to Legal Abbreviations,https://legalabbrevs.cardiff.ac.uk/record/burrows-kings-bench-reports-tempore-mansfield/,2026-09-09,Burrow（英国 nominate reports）；债4核实提案 2026-09-15：Cardiff 记录与现判定一致（verified_research_agent；research agent，not human-reviewed）；Cardiff: Burrow's King's Bench Reports tempore Mansfield（Period 1756-1771；Jurisdiction England & Wales）,GB,GB,"Burrow's King's Bench Reports tempore Mansfield || Preferred Abbreviation || Burr. || Alternative Abbreviations || B.M., Bur., Bur.M., Burr., Burr.t.M. || Period || 1756-1771 || Jurisdiction || England & Wales"
N.J.,nj,NL,,,,,estimated,name_inference,临时推断（未核实）,本轮填表者据缩写全称推断，未核对任何权威源；语料实测归一族 nj：135 行 / 95 份判决印此缩写（约束七的键锚）,2026-09-09,Newfoundland Judgments（电子汇编，与 A.J./B.C.J./M.J./N.S.J./O.J./Q.J. 同族体例）。**存疑**：亦可能是美国 New Jersey Reports，须复核；债4核实提案 2026-09-15：NOT_VERIFIED——可采源未取得，保持 estimated（未核清单与理由见一页摘要）；可采源未取得（Cardiff 未收录或站内搜索未命中），保持 estimated,NL,NL,
K.B.,kb,GB,0,4,1901,1952,estimated,verified_research_agent,Cardiff Index to Legal Abbreviations,https://legalabbrevs.cardiff.ac.uk/record/law-reports-kings-bench/,2026-09-11,"King's Bench（英国 Law Reports，1901–1952，[年] 印 1–4 卷或不印卷号）；债4核实提案 2026-09-15：Cardiff 记录与现判定一致（verified_research_agent；research agent，not human-reviewed）；Cardiff: Law Reports, King's Bench（Period 1901-1952；Jurisdiction England & Wales）",GB,GB,"Law Reports, King's Bench || Preferred Abbreviation || K.B. || Alternative Abbreviations || K.B., L.R.K.B. || Period || 1901-1952 || Jurisdiction || England & Wales"
K.B.,kb,QC,5,100,1892,1941,estimated,verified_research_agent,Cardiff Index to Legal Abbreviations,https://legalabbrevs.cardiff.ac.uk/record/quebec-official-reports-kings-bench/,2026-09-11,"Cour du banc du roi（魁北克 Q.R. K.B.；语料 Q.R. 前缀行 vol 10–71 落 1900–1941）。1–4 卷不收：语料里无前缀的 [1893]–[1900] 1/2 K.B. 周围全是英国引证，是英国 Q.B. 的误印，不是魁北克；债4核实提案 2026-09-15：Cardiff 记录与现判定一致（verified_research_agent；research agent，not human-reviewed）；Cardiff: Quebec Official Reports, King's Bench（Period 1892-1969；Jurisdiction Canada, Quebec）",QC,QC,"Quebec Official Reports, King's Bench || Preferred Abbreviation || Que.K.B. or Que.Q.B. || Alternative Abbreviations || B.R., L.R.K.B., L.R.Q.B., Q.S.C., Que.K.B., Que.K.B. or Que.Q.B., Que.Q.B., Queb.K.B., Queb.Q.B. || Period || 1892-1969 || Jurisdiction || Canada, Quebec"
K.B.,kb,QC,0,0,1942,1952,estimated,verified_research_agent,Cardiff Index to Legal Abbreviations,https://legalabbrevs.cardiff.ac.uk/record/quebec-official-reports-kings-bench/,2026-09-11,"魁北克 1942 年起改以年份编卷，印 [年] K.B. 页（语料旁证 [1953] Que. Q.B.、[1962] B.R.）。与英国 [年] K.B. 同年同形，此窗内判不出，不猜；债4核实提案 2026-09-15：Cardiff 记录与现判定一致（verified_research_agent；research agent，not human-reviewed）；Cardiff: Quebec Official Reports, King's Bench（Period 1892-1969；Jurisdiction Canada, Quebec）",QC,QC,"Quebec Official Reports, King's Bench || Preferred Abbreviation || Que.K.B. or Que.Q.B. || Alternative Abbreviations || B.R., L.R.K.B., L.R.Q.B., Q.S.C., Que.K.B., Que.K.B. or Que.Q.B., Que.Q.B., Queb.K.B., Queb.Q.B. || Period || 1892-1969 || Jurisdiction || Canada, Quebec"
Q.B.,qb,GB,1,18,1841,1852,estimated,name_inference,Cardiff Index to Legal Abbreviations,https://legalabbrevs.cardiff.ac.uk/record/adolphus-ellis-queens-bench-reports/ ; https://legalabbrevs.cardiff.ac.uk/record/ellis-blackburns-queens-bench-reports/ ; https://legalabbrevs.cardiff.ac.uk/record/law-reports-queens-bench-1st-series/,2026-09-11,Queen's Bench Reports（Adolphus & Ellis 新辑，1841–1852）；债4核实提案 2026-09-15：UNRESOLVED_FOR_HUMAN——该行区间的展开未单独核到（相邻系列记录已定位，见 evidence_quote），留人工；confidence 维持 estimated；行级展开未单独核到（相邻系列记录已定位），留人工,GB,GB,"Adolphus & Ellis' Queen's Bench Reports || Preferred Abbreviation || A.& E. || Alternative Abbreviations || A.& E., A.E., Ad.& E., Ad.& El., Adol.& E., Adolph. & E., Q.B., QB || Period || 1834-1840 || Jurisdiction || England & Wales || Ellis & Blackburn's Queen's Bench Reports || Preferred Abbreviation || E.& B. || Alternative Abbreviations || E.& B., El.& B., El.& Bl., Ell.& Bl., Ellis & Bl. || Period || 1852-1858 || Jurisdiction || England & Wales || Law Reports, Queen's Bench (1st Series) || Preferred Abbreviation || L.R.Q.B. || Alternative Abbreviations || L.R.Q.B., Law Rep.Q.B., Q.B. || Period || 1865-1875 || Jurisdiction || England & Wales"
Q.B.,qb,GB,1,10,1865,1876,estimated,verified_research_agent,Cardiff Index to Legal Abbreviations,https://legalabbrevs.cardiff.ac.uk/record/law-reports-queens-bench-1st-series/ ; https://legalabbrevs.cardiff.ac.uk/record/law-reports-queens-bench-3rd-series/,2026-09-11,"Law Reports, Queen's Bench（L.R. Q.B.；语料 L.R. 前缀行 vol 1–10 主体落 1865–1875）；债4核实提案 2026-09-15：Cardiff 记录与现判定一致（verified_research_agent；research agent，not human-reviewed）；Cardiff: Law Reports, Queen's Bench (1st Series)（Period 1865-1875；Jurisdiction England & Wales）；Cardiff: Law Reports, Queen's Bench (3rd Series)（Period 1891-1901, 1952-；Jurisdiction England & Wales）",GB,GB,"Law Reports, Queen's Bench (1st Series) || Preferred Abbreviation || L.R.Q.B. || Alternative Abbreviations || L.R.Q.B., Law Rep.Q.B., Q.B. || Period || 1865-1875 || Jurisdiction || England & Wales || Law Reports, Queen's Bench (3rd Series) || Preferred Abbreviation || QB || Alternative Abbreviations || L.R.Q.B., Law Rep.Q.B., Q.B., QB || Period || 1891-1901, 1952- || Jurisdiction || England & Wales"
Q.B.,qb,GB,0,2,1891,1900,estimated,verified_research_agent,Cardiff Index to Legal Abbreviations,https://legalabbrevs.cardiff.ac.uk/record/law-reports-queens-bench-1st-series/ ; https://legalabbrevs.cardiff.ac.uk/record/law-reports-queens-bench-3rd-series/,2026-09-11,"[年] Q.B.（英国 Law Reports，1891–1900，每年 1–2 卷）；债4核实提案 2026-09-15：Cardiff 记录与现判定一致（verified_research_agent；research agent，not human-reviewed）；Cardiff: Law Reports, Queen's Bench (1st Series)（Period 1865-1875；Jurisdiction England & Wales）；Cardiff: Law Reports, Queen's Bench (3rd Series)（Period 1891-1901, 1952-；Jurisdiction England & Wales）",GB,GB,"Law Reports, Queen's Bench (1st Series) || Preferred Abbreviation || L.R.Q.B. || Alternative Abbreviations || L.R.Q.B., Law Rep.Q.B., Q.B. || Period || 1865-1875 || Jurisdiction || England & Wales || Law Reports, Queen's Bench (3rd Series) || Preferred Abbreviation || QB || Alternative Abbreviations || L.R.Q.B., Law Rep.Q.B., Q.B., QB || Period || 1891-1901, 1952- || Jurisdiction || England & Wales"
Q.B.,qb,GB,0,3,1952,2030,estimated,verified_research_agent,Cardiff Index to Legal Abbreviations,https://legalabbrevs.cardiff.ac.uk/record/law-reports-queens-bench-1st-series/ ; https://legalabbrevs.cardiff.ac.uk/record/law-reports-queens-bench-3rd-series/,2026-09-11,"[年] Q.B.（英国 Law Reports，1952 年起；语料旁证 1970 年代起 All E.R./W.L.R.）；债4核实提案 2026-09-15：Cardiff 记录与现判定一致（verified_research_agent；research agent，not human-reviewed）；Cardiff: Law Reports, Queen's Bench (1st Series)（Period 1865-1875；Jurisdiction England & Wales）；Cardiff: Law Reports, Queen's Bench (3rd Series)（Period 1891-1901, 1952-；Jurisdiction England & Wales）",GB,GB,"Law Reports, Queen's Bench (1st Series) || Preferred Abbreviation || L.R.Q.B. || Alternative Abbreviations || L.R.Q.B., Law Rep.Q.B., Q.B. || Period || 1865-1875 || Jurisdiction || England & Wales || Law Reports, Queen's Bench (3rd Series) || Preferred Abbreviation || QB || Alternative Abbreviations || L.R.Q.B., Law Rep.Q.B., Q.B., QB || Period || 1891-1901, 1952- || Jurisdiction || England & Wales"
Q.B.,qb,QC,1,1,1883,1886,estimated,verified_research_agent,Cardiff Index to Legal Abbreviations,https://legalabbrevs.cardiff.ac.uk/record/quebec-official-reports-kings-bench/,2026-09-11,"Montreal Law Reports, Queen's Bench 第 1 卷（语料 M.L.R. 前缀行 vol 1–6 落 1884–1890；逐卷年窗 ±2）；债4核实提案 2026-09-15：Cardiff 记录与现判定一致（verified_research_agent；research agent，not human-reviewed）；Cardiff: Quebec Official Reports, King's Bench（Period 1892-1969；Jurisdiction Canada, Quebec）",QC,QC,"Quebec Official Reports, King's Bench || Preferred Abbreviation || Que.K.B. or Que.Q.B. || Alternative Abbreviations || B.R., L.R.K.B., L.R.Q.B., Q.S.C., Que.K.B., Que.K.B. or Que.Q.B., Que.Q.B., Queb.K.B., Queb.Q.B. || Period || 1892-1969 || Jurisdiction || Canada, Quebec"
Q.B.,qb,QC,2,2,1884,1887,estimated,verified_research_agent,Cardiff Index to Legal Abbreviations,https://legalabbrevs.cardiff.ac.uk/record/quebec-official-reports-kings-bench/,2026-09-11,"Montreal Law Reports, Queen's Bench 第 2 卷（语料 M.L.R. 前缀行 vol 1–6 落 1884–1890；逐卷年窗 ±2）；债4核实提案 2026-09-15：Cardiff 记录与现判定一致（verified_research_agent；research agent，not human-reviewed）；Cardiff: Quebec Official Reports, King's Bench（Period 1892-1969；Jurisdiction Canada, Quebec）",QC,QC,"Quebec Official Reports, King's Bench || Preferred Abbreviation || Que.K.B. or Que.Q.B. || Alternative Abbreviations || B.R., L.R.K.B., L.R.Q.B., Q.S.C., Que.K.B., Que.K.B. or Que.Q.B., Que.Q.B., Queb.K.B., Queb.Q.B. || Period || 1892-1969 || Jurisdiction || Canada, Quebec"
Q.B.,qb,QC,3,3,1885,1888,estimated,verified_research_agent,Cardiff Index to Legal Abbreviations,https://legalabbrevs.cardiff.ac.uk/record/quebec-official-reports-kings-bench/,2026-09-11,"Montreal Law Reports, Queen's Bench 第 3 卷（语料 M.L.R. 前缀行 vol 1–6 落 1884–1890；逐卷年窗 ±2）；债4核实提案 2026-09-15：Cardiff 记录与现判定一致（verified_research_agent；research agent，not human-reviewed）；Cardiff: Quebec Official Reports, King's Bench（Period 1892-1969；Jurisdiction Canada, Quebec）",QC,QC,"Quebec Official Reports, King's Bench || Preferred Abbreviation || Que.K.B. or Que.Q.B. || Alternative Abbreviations || B.R., L.R.K.B., L.R.Q.B., Q.S.C., Que.K.B., Que.K.B. or Que.Q.B., Que.Q.B., Queb.K.B., Queb.Q.B. || Period || 1892-1969 || Jurisdiction || Canada, Quebec"
Q.B.,qb,QC,4,4,1886,1889,estimated,verified_research_agent,Cardiff Index to Legal Abbreviations,https://legalabbrevs.cardiff.ac.uk/record/quebec-official-reports-kings-bench/,2026-09-11,"Montreal Law Reports, Queen's Bench 第 4 卷（语料 M.L.R. 前缀行 vol 1–6 落 1884–1890；逐卷年窗 ±2）；债4核实提案 2026-09-15：Cardiff 记录与现判定一致（verified_research_agent；research agent，not human-reviewed）；Cardiff: Quebec Official Reports, King's Bench（Period 1892-1969；Jurisdiction Canada, Quebec）",QC,QC,"Quebec Official Reports, King's Bench || Preferred Abbreviation || Que.K.B. or Que.Q.B. || Alternative Abbreviations || B.R., L.R.K.B., L.R.Q.B., Q.S.C., Que.K.B., Que.K.B. or Que.Q.B., Que.Q.B., Queb.K.B., Queb.Q.B. || Period || 1892-1969 || Jurisdiction || Canada, Quebec"
Q.B.,qb,QC,5,5,1887,1890,estimated,verified_research_agent,Cardiff Index to Legal Abbreviations,https://legalabbrevs.cardiff.ac.uk/record/quebec-official-reports-kings-bench/,2026-09-11,"Montreal Law Reports, Queen's Bench 第 5 卷（语料 M.L.R. 前缀行 vol 1–6 落 1884–1890；逐卷年窗 ±2）；债4核实提案 2026-09-15：Cardiff 记录与现判定一致（verified_research_agent；research agent，not human-reviewed）；Cardiff: Quebec Official Reports, King's Bench（Period 1892-1969；Jurisdiction Canada, Quebec）",QC,QC,"Quebec Official Reports, King's Bench || Preferred Abbreviation || Que.K.B. or Que.Q.B. || Alternative Abbreviations || B.R., L.R.K.B., L.R.Q.B., Q.S.C., Que.K.B., Que.K.B. or Que.Q.B., Que.Q.B., Queb.K.B., Queb.Q.B. || Period || 1892-1969 || Jurisdiction || Canada, Quebec"
Q.B.,qb,QC,6,6,1888,1891,estimated,verified_research_agent,Cardiff Index to Legal Abbreviations,https://legalabbrevs.cardiff.ac.uk/record/quebec-official-reports-kings-bench/,2026-09-11,"Montreal Law Reports, Queen's Bench 第 6 卷（语料 M.L.R. 前缀行 vol 1–6 落 1884–1890；逐卷年窗 ±2）；债4核实提案 2026-09-15：Cardiff 记录与现判定一致（verified_research_agent；research agent，not human-reviewed）；Cardiff: Quebec Official Reports, King's Bench（Period 1892-1969；Jurisdiction Canada, Quebec）",QC,QC,"Quebec Official Reports, King's Bench || Preferred Abbreviation || Que.K.B. or Que.Q.B. || Alternative Abbreviations || B.R., L.R.K.B., L.R.Q.B., Q.S.C., Que.K.B., Que.K.B. or Que.Q.B., Que.Q.B., Queb.K.B., Queb.Q.B. || Period || 1892-1969 || Jurisdiction || Canada, Quebec"
Q.B.,qb,QC,7,7,1889,1892,estimated,verified_research_agent,Cardiff Index to Legal Abbreviations,https://legalabbrevs.cardiff.ac.uk/record/quebec-official-reports-kings-bench/,2026-09-11,"Montreal Law Reports, Queen's Bench 第 7 卷（语料 M.L.R. 前缀行 vol 1–6 落 1884–1890；逐卷年窗 ±2）；债4核实提案 2026-09-15：Cardiff 记录与现判定一致（verified_research_agent；research agent，not human-reviewed）；Cardiff: Quebec Official Reports, King's Bench（Period 1892-1969；Jurisdiction Canada, Quebec）",QC,QC,"Quebec Official Reports, King's Bench || Preferred Abbreviation || Que.K.B. or Que.Q.B. || Alternative Abbreviations || B.R., L.R.K.B., L.R.Q.B., Q.S.C., Que.K.B., Que.K.B. or Que.Q.B., Que.Q.B., Queb.K.B., Queb.Q.B. || Period || 1892-1969 || Jurisdiction || Canada, Quebec"
Q.B.,qb,QC,1,1,1890,1893,estimated,verified_research_agent,Cardiff Index to Legal Abbreviations,https://legalabbrevs.cardiff.ac.uk/record/quebec-official-reports-kings-bench/,2026-09-11,"Q.R. Q.B. 第 1 卷（语料 Q.R. 前缀行 vol 3–10 落 1894–1900，卷号约为年份减 1890；逐卷年窗 ±2）。与英国 [年] 1 Q.B. 同年同卷，窗内判不出，不猜；债4核实提案 2026-09-15：Cardiff 记录与现判定一致（verified_research_agent；research agent，not human-reviewed）；Cardiff: Quebec Official Reports, King's Bench（Period 1892-1969；Jurisdiction Canada, Quebec）",QC,QC,"Quebec Official Reports, King's Bench || Preferred Abbreviation || Que.K.B. or Que.Q.B. || Alternative Abbreviations || B.R., L.R.K.B., L.R.Q.B., Q.S.C., Que.K.B., Que.K.B. or Que.Q.B., Que.Q.B., Queb.K.B., Queb.Q.B. || Period || 1892-1969 || Jurisdiction || Canada, Quebec"
Q.B.,qb,QC,2,2,1891,1894,estimated,verified_research_agent,Cardiff Index to Legal Abbreviations,https://legalabbrevs.cardiff.ac.uk/record/quebec-official-reports-kings-bench/,2026-09-11,"Q.R. Q.B. 第 2 卷（语料 Q.R. 前缀行 vol 3–10 落 1894–1900，卷号约为年份减 1890；逐卷年窗 ±2）。与英国 [年] 2 Q.B. 同年同卷，窗内判不出，不猜；债4核实提案 2026-09-15：Cardiff 记录与现判定一致（verified_research_agent；research agent，not human-reviewed）；Cardiff: Quebec Official Reports, King's Bench（Period 1892-1969；Jurisdiction Canada, Quebec）",QC,QC,"Quebec Official Reports, King's Bench || Preferred Abbreviation || Que.K.B. or Que.Q.B. || Alternative Abbreviations || B.R., L.R.K.B., L.R.Q.B., Q.S.C., Que.K.B., Que.K.B. or Que.Q.B., Que.Q.B., Queb.K.B., Queb.Q.B. || Period || 1892-1969 || Jurisdiction || Canada, Quebec"
Q.B.,qb,QC,3,3,1892,1895,estimated,verified_research_agent,Cardiff Index to Legal Abbreviations,https://legalabbrevs.cardiff.ac.uk/record/quebec-official-reports-kings-bench/,2026-09-11,"Q.R. Q.B. 第 3 卷（语料 Q.R. 前缀行 vol 3–10 落 1894–1900，卷号约为年份减 1890；逐卷年窗 ±2）；债4核实提案 2026-09-15：Cardiff 记录与现判定一致（verified_research_agent；research agent，not human-reviewed）；Cardiff: Quebec Official Reports, King's Bench（Period 1892-1969；Jurisdiction Canada, Quebec）",QC,QC,"Quebec Official Reports, King's Bench || Preferred Abbreviation || Que.K.B. or Que.Q.B. || Alternative Abbreviations || B.R., L.R.K.B., L.R.Q.B., Q.S.C., Que.K.B., Que.K.B. or Que.Q.B., Que.Q.B., Queb.K.B., Queb.Q.B. || Period || 1892-1969 || Jurisdiction || Canada, Quebec"
Q.B.,qb,QC,4,4,1893,1896,estimated,verified_research_agent,Cardiff Index to Legal Abbreviations,https://legalabbrevs.cardiff.ac.uk/record/quebec-official-reports-kings-bench/,2026-09-11,"Q.R. Q.B. 第 4 卷（语料 Q.R. 前缀行 vol 3–10 落 1894–1900，卷号约为年份减 1890；逐卷年窗 ±2）；债4核实提案 2026-09-15：Cardiff 记录与现判定一致（verified_research_agent；research agent，not human-reviewed）；Cardiff: Quebec Official Reports, King's Bench（Period 1892-1969；Jurisdiction Canada, Quebec）",QC,QC,"Quebec Official Reports, King's Bench || Preferred Abbreviation || Que.K.B. or Que.Q.B. || Alternative Abbreviations || B.R., L.R.K.B., L.R.Q.B., Q.S.C., Que.K.B., Que.K.B. or Que.Q.B., Que.Q.B., Queb.K.B., Queb.Q.B. || Period || 1892-1969 || Jurisdiction || Canada, Quebec"
Q.B.,qb,QC,5,5,1894,1897,estimated,verified_research_agent,Cardiff Index to Legal Abbreviations,https://legalabbrevs.cardiff.ac.uk/record/quebec-official-reports-kings-bench/,2026-09-11,"Q.R. Q.B. 第 5 卷（语料 Q.R. 前缀行 vol 3–10 落 1894–1900，卷号约为年份减 1890；逐卷年窗 ±2）；债4核实提案 2026-09-15：Cardiff 记录与现判定一致（verified_research_agent；research agent，not human-reviewed）；Cardiff: Quebec Official Reports, King's Bench（Period 1892-1969；Jurisdiction Canada, Quebec）",QC,QC,"Quebec Official Reports, King's Bench || Preferred Abbreviation || Que.K.B. or Que.Q.B. || Alternative Abbreviations || B.R., L.R.K.B., L.R.Q.B., Q.S.C., Que.K.B., Que.K.B. or Que.Q.B., Que.Q.B., Queb.K.B., Queb.Q.B. || Period || 1892-1969 || Jurisdiction || Canada, Quebec"
Q.B.,qb,QC,6,6,1895,1898,estimated,verified_research_agent,Cardiff Index to Legal Abbreviations,https://legalabbrevs.cardiff.ac.uk/record/quebec-official-reports-kings-bench/,2026-09-11,"Q.R. Q.B. 第 6 卷（语料 Q.R. 前缀行 vol 3–10 落 1894–1900，卷号约为年份减 1890；逐卷年窗 ±2）；债4核实提案 2026-09-15：Cardiff 记录与现判定一致（verified_research_agent；research agent，not human-reviewed）；Cardiff: Quebec Official Reports, King's Bench（Period 1892-1969；Jurisdiction Canada, Quebec）",QC,QC,"Quebec Official Reports, King's Bench || Preferred Abbreviation || Que.K.B. or Que.Q.B. || Alternative Abbreviations || B.R., L.R.K.B., L.R.Q.B., Q.S.C., Que.K.B., Que.K.B. or Que.Q.B., Que.Q.B., Queb.K.B., Queb.Q.B. || Period || 1892-1969 || Jurisdiction || Canada, Quebec"
Q.B.,qb,QC,7,7,1896,1899,estimated,verified_research_agent,Cardiff Index to Legal Abbreviations,https://legalabbrevs.cardiff.ac.uk/record/quebec-official-reports-kings-bench/,2026-09-11,"Q.R. Q.B. 第 7 卷（语料 Q.R. 前缀行 vol 3–10 落 1894–1900，卷号约为年份减 1890；逐卷年窗 ±2）；债4核实提案 2026-09-15：Cardiff 记录与现判定一致（verified_research_agent；research agent，not human-reviewed）；Cardiff: Quebec Official Reports, King's Bench（Period 1892-1969；Jurisdiction Canada, Quebec）",QC,QC,"Quebec Official Reports, King's Bench || Preferred Abbreviation || Que.K.B. or Que.Q.B. || Alternative Abbreviations || B.R., L.R.K.B., L.R.Q.B., Q.S.C., Que.K.B., Que.K.B. or Que.Q.B., Que.Q.B., Queb.K.B., Queb.Q.B. || Period || 1892-1969 || Jurisdiction || Canada, Quebec"
Q.B.,qb,QC,8,8,1897,1900,estimated,verified_research_agent,Cardiff Index to Legal Abbreviations,https://legalabbrevs.cardiff.ac.uk/record/quebec-official-reports-kings-bench/,2026-09-11,"Q.R. Q.B. 第 8 卷（语料 Q.R. 前缀行 vol 3–10 落 1894–1900，卷号约为年份减 1890；逐卷年窗 ±2）；债4核实提案 2026-09-15：Cardiff 记录与现判定一致（verified_research_agent；research agent，not human-reviewed）；Cardiff: Quebec Official Reports, King's Bench（Period 1892-1969；Jurisdiction Canada, Quebec）",QC,QC,"Quebec Official Reports, King's Bench || Preferred Abbreviation || Que.K.B. or Que.Q.B. || Alternative Abbreviations || B.R., L.R.K.B., L.R.Q.B., Q.S.C., Que.K.B., Que.K.B. or Que.Q.B., Que.Q.B., Queb.K.B., Queb.Q.B. || Period || 1892-1969 || Jurisdiction || Canada, Quebec"
Q.B.,qb,QC,9,9,1898,1901,estimated,verified_research_agent,Cardiff Index to Legal Abbreviations,https://legalabbrevs.cardiff.ac.uk/record/quebec-official-reports-kings-bench/,2026-09-11,"Q.R. Q.B. 第 9 卷（语料 Q.R. 前缀行 vol 3–10 落 1894–1900，卷号约为年份减 1890；逐卷年窗 ±2）；债4核实提案 2026-09-15：Cardiff 记录与现判定一致（verified_research_agent；research agent，not human-reviewed）；Cardiff: Quebec Official Reports, King's Bench（Period 1892-1969；Jurisdiction Canada, Quebec）",QC,QC,"Quebec Official Reports, King's Bench || Preferred Abbreviation || Que.K.B. or Que.Q.B. || Alternative Abbreviations || B.R., L.R.K.B., L.R.Q.B., Q.S.C., Que.K.B., Que.K.B. or Que.Q.B., Que.Q.B., Queb.K.B., Queb.Q.B. || Period || 1892-1969 || Jurisdiction || Canada, Quebec"
Q.B.,qb,QC,10,10,1899,1902,estimated,verified_research_agent,Cardiff Index to Legal Abbreviations,https://legalabbrevs.cardiff.ac.uk/record/quebec-official-reports-kings-bench/,2026-09-11,"Q.R. Q.B. 第 10 卷（语料 Q.R. 前缀行 vol 3–10 落 1894–1900，卷号约为年份减 1890；逐卷年窗 ±2）；债4核实提案 2026-09-15：Cardiff 记录与现判定一致（verified_research_agent；research agent，not human-reviewed）；Cardiff: Quebec Official Reports, King's Bench（Period 1892-1969；Jurisdiction Canada, Quebec）",QC,QC,"Quebec Official Reports, King's Bench || Preferred Abbreviation || Que.K.B. or Que.Q.B. || Alternative Abbreviations || B.R., L.R.K.B., L.R.Q.B., Q.S.C., Que.K.B., Que.K.B. or Que.Q.B., Que.Q.B., Queb.K.B., Queb.Q.B. || Period || 1892-1969 || Jurisdiction || Canada, Quebec"
Q.B.,qb,QC,0,0,1952,1970,estimated,verified_research_agent,Cardiff Index to Legal Abbreviations,https://legalabbrevs.cardiff.ac.uk/record/quebec-official-reports-kings-bench/,2026-09-11,魁北克 Cour du banc de la reine 年份系列 [年] Q.B./B.R.（语料旁证 [1953] Que. Q.B.、[1962] B.R.；1970 起改 C.A.）。与英国同形，窗内不猜；债4核实提案 2026-09-15：法域证据已取得（见 evidence_quote）；表内区间与来源 Period 边界不完全重合，区间留人工；confidence 维持 estimated；法域证据已取得，但表内区间与 Cardiff Period 边界不完全重合，区间留人工,QC,QC,"Quebec Official Reports, King's Bench || Preferred Abbreviation || Que.K.B. or Que.Q.B. || Alternative Abbreviations || B.R., L.R.K.B., L.R.Q.B., Q.S.C., Que.K.B., Que.K.B. or Que.Q.B., Que.Q.B., Queb.K.B., Queb.Q.B. || Period || 1892-1969 || Jurisdiction || Canada, Quebec"
S.C.,sc,QC,1,100,1878,1941,estimated,name_inference,临时推断（未核实）,区间据语料印刷结构实测（前缀标注行与各形状的卷号/年份分布，仪器 audit/disambiguation_audit.py）与该系列出版史推定，未核对权威源,2026-09-11,Cour supérieure（魁北克；语料 M.L.R. 前缀行 vol 1–6 落 1878–1890，Q.R. 前缀行 vol 1–79 落 1892–1941）；债4核实提案 2026-09-15：NOT_VERIFIED——可采源未取得，保持 estimated（未核清单与理由见一页摘要）；可采源未取得（Cardiff 未收录或站内搜索未命中），保持 estimated,QC,QC,
S.C.,sc,QC,0,0,1942,1986,estimated,name_inference,临时推断（未核实）,区间据语料印刷结构实测（前缀标注行与各形状的卷号/年份分布，仪器 audit/disambiguation_audit.py）与该系列出版史推定，未核对权威源,2026-09-11,魁北克 Cour supérieure 年份系列 [年] S.C./C.S.。与苏格兰同形，窗内不猜；债4核实提案 2026-09-15：NOT_VERIFIED——可采源未取得，保持 estimated（未核清单与理由见一页摘要）；可采源未取得（Cardiff 未收录或站内搜索未命中），保持 estimated,QC,QC,
S.C.,sc,GB,0,0,1907,2030,estimated,verified_research_agent,Cardiff Index to Legal Abbreviations,https://legalabbrevs.cardiff.ac.uk/record/session-cases/,2026-09-11,Session Cases（苏格兰，1907 起以 [年] S.C. 引、不印卷号）；债4核实提案 2026-09-15：Cardiff 记录与现判定一致（verified_research_agent；research agent，not human-reviewed）；Cardiff: Session Cases（Period 1822-；Jurisdiction Scotland）,GB,GB,"Session Cases || Preferred Abbreviation || S.C. || Alternative Abbreviations || S.C., SC, Sess.Ca., Sess.Cas. || Period || 1822- || Jurisdiction || Scotland"
P.,p,GB,0,0,1891,1971,estimated,verified_research_agent,Cardiff Index to Legal Abbreviations,https://legalabbrevs.cardiff.ac.uk/record/law-reports-probate/,2026-09-11,"Probate（英国 Law Reports 1891–1971，以 [年] P. 引、不印卷号；语料旁证 1940–50 年代 All E.R./A.C.）；债4核实提案 2026-09-15：Cardiff 记录与现判定一致（verified_research_agent；research agent，not human-reviewed）；Cardiff: Law Reports, Probate（Period 1891-1971；Jurisdiction England & Wales）",GB,GB,"Law Reports, Probate || Preferred Abbreviation || P. || Alternative Abbreviations || L.R.P., Law Rep.P., P, P., Prob. || Period || 1891-1971 || Jurisdiction || England & Wales"
P.,p,US,1,999,1883,2030,estimated,verified_research_agent,Cardiff Index to Legal Abbreviations,https://legalabbrevs.cardiff.ac.uk/record/pacific-reporter/,2026-09-11,Pacific Reporter（美国，P./P.2d/P.3d，恒印卷号）；债4核实提案 2026-09-15：Cardiff 记录与现判定一致（verified_research_agent；research agent，not human-reviewed）；Cardiff: Pacific Reporter（Period 1880-1931；Jurisdiction United States）,US,US,"Pacific Reporter || Preferred Abbreviation || P. || Alternative Abbreviations || P, P., P.R., Pac., Pac.R., Pac.Rep. || Period || 1880-1931 || Jurisdiction || United States"
C.L.R.,clr,AU,1,100,1903,1960,estimated,verified_research_agent,Cardiff Index to Legal Abbreviations,https://legalabbrevs.cardiff.ac.uk/record/commonwealth-law-reports/,2026-09-11,Commonwealth Law Reports（澳大利亚，1903 起；第 100 卷约 1958 年）；债4核实提案 2026-09-15：Cardiff 记录与现判定一致（verified_research_agent；research agent，not human-reviewed）；Cardiff: Commonwealth Law Reports（Period 1903-；Jurisdiction Australia）,AU,AU,"Commonwealth Law Reports || Preferred Abbreviation || CLR || Alternative Abbreviations || Austr.C.L.R., CLR, Comm.L.R., Commonw.L.R. || Period || 1903- || Jurisdiction || Australia"
C.L.R.,clr,AU,101,500,1957,2030,estimated,verified_research_agent,Cardiff Index to Legal Abbreviations,https://legalabbrevs.cardiff.ac.uk/record/commonwealth-law-reports/,2026-09-11,Commonwealth Law Reports 第 101 卷起；债4核实提案 2026-09-15：Cardiff 记录与现判定一致（verified_research_agent；research agent，not human-reviewed）；Cardiff: Commonwealth Law Reports（Period 1903-；Jurisdiction Australia）,AU,AU,"Commonwealth Law Reports || Preferred Abbreviation || CLR || Alternative Abbreviations || Austr.C.L.R., CLR, Comm.L.R., Commonw.L.R. || Period || 1903- || Jurisdiction || Australia"
C.L.R.,clr,CA,1,100,1975,2030,estimated,name_inference,临时推断（未核实）,区间据语料印刷结构实测（前缀标注行与各形状的卷号/年份分布，仪器 audit/disambiguation_audit.py）与该系列出版史推定，未核对权威源,2026-09-11,Construction Law Reports（加拿大，分辑 2d/3d/4th，各辑卷号不过百；语料旁证 1980 年代起 B.C.L.R./Sask. R./R.P.R.）；债4核实提案 2026-09-15：NOT_VERIFIED——可采源未取得，保持 estimated（未核清单与理由见一页摘要）；可采源未取得（Cardiff 未收录或站内搜索未命中），保持 estimated,CA,CA,
A.L.R.,alr,AU,0,0,1895,1973,estimated,verified_research_agent,Cardiff Index to Legal Abbreviations,https://legalabbrevs.cardiff.ac.uk/record/australian-law-reports/,2026-09-11,Argus Law Reports（澳大利亚，以 [年] A.L.R. 引、不印卷号）；债4核实提案 2026-09-15：法域证据已取得（见 evidence_quote）；表内区间与来源 Period 边界不完全重合，区间留人工；confidence 维持 estimated；法域证据已取得，但表内区间与 Cardiff Period 边界不完全重合，区间留人工,AU,AU,"Australian Law Reports || Preferred Abbreviation || ALR || Alternative Abbreviations || A.L.R., ALR || Period || 1973- || Jurisdiction || Australia"
A.L.R.,alr,AU,1,500,1973,2030,estimated,verified_research_agent,Cardiff Index to Legal Abbreviations,https://legalabbrevs.cardiff.ac.uk/record/australian-law-reports/,2026-09-11,Australian Law Reports（1973 起）；债4核实提案 2026-09-15：Cardiff 记录与现判定一致（verified_research_agent；research agent，not human-reviewed）；Cardiff: Australian Law Reports（Period 1973-；Jurisdiction Australia）,AU,AU,"Australian Law Reports || Preferred Abbreviation || ALR || Alternative Abbreviations || A.L.R., ALR || Period || 1973- || Jurisdiction || Australia"
A.L.R.,alr,US,1,200,1919,2030,estimated,verified_research_agent,Cardiff Index to Legal Abbreviations,https://legalabbrevs.cardiff.ac.uk/record/american-law-reports/,2026-09-11,American Law Reports（1919 起，含 2d–6th 各辑，恒印卷号）。1973 年后与澳大利亚两边都落，不猜；债4核实提案 2026-09-15：Cardiff 记录与现判定一致（verified_research_agent；research agent，not human-reviewed）；Cardiff: American Law Reports（Period 1918-；Jurisdiction United States）,US,US,"American Law Reports || Preferred Abbreviation || ALR || Alternative Abbreviations || A.L.R., ALR || Period || 1918- || Jurisdiction || United States"
W.L.R.,wlr,GB,0,4,1953,2030,estimated,verified_research_agent,Cardiff Index to Legal Abbreviations,https://legalabbrevs.cardiff.ac.uk/record/weekly-law-reports/,2026-09-11,Weekly Law Reports（英国，1953 起，每年 1–3 卷；语料旁证 All E.R.）；债4核实提案 2026-09-15：Cardiff 记录与现判定一致（verified_research_agent；research agent，not human-reviewed）；Cardiff: Weekly Law Reports（Period 1953-；Jurisdiction England & Wales）,GB,GB,"Weekly Law Reports || Preferred Abbreviation || WLR || Alternative Abbreviations || W.L.R., Week.L.R., Weekly L.R., WLR || Period || 1953- || Jurisdiction || England & Wales"
W.L.R.,wlr,CA,1,40,1905,1916,estimated,verified_research_agent,Cardiff Index to Legal Abbreviations,https://legalabbrevs.cardiff.ac.uk/record/western-law-reporter/,2026-09-11,Western Law Reporter（加拿大，1905–1916；语料旁证 C.C.C.）；债4核实提案 2026-09-15：Cardiff 记录与现判定一致（verified_research_agent；research agent，not human-reviewed）；Cardiff: Western Law Reporter（Period 1905-1916；Jurisdiction Canada）,CA,CA,"Western Law Reporter || Preferred Abbreviation || — || Alternative Abbreviations || W.L.R., West.L.R., West.L.R.(Can.) || Period || 1905-1916 || Jurisdiction || Canada"
C. & P.,cp,GB,1,9,1823,1841,estimated,verified_research_agent,Cardiff Index to Legal Abbreviations,https://legalabbrevs.cardiff.ac.uk/record/law-reports-common-pleas/ ; https://legalabbrevs.cardiff.ac.uk/record/carrington-payne/,2026-09-11,"Carrington & Payne（英国 nominate reports，1823–1841）。归一后与 C.P. 同形（nk 均为 cp），故须带区间；债4核实提案 2026-09-15：Cardiff 记录与现判定一致（verified_research_agent；research agent，not human-reviewed）；Cardiff: Law Reports, Common Pleas（Period 1865-1875；Jurisdiction England & Wales）；Cardiff: Carrington & Payne's Nisi Prius Reports（Period 1823-1841；Jurisdiction England & Wales）",GB,GB,"Law Reports, Common Pleas || Preferred Abbreviation || L.R.C.P. || Alternative Abbreviations || C.P., Com.P.Div., Com.Pl., L.R.C.P., Law Rep.C.P. || Period || 1865-1875 || Jurisdiction || England & Wales || Carrington & Payne's Nisi Prius Reports || Preferred Abbreviation || C.& P. || Alternative Abbreviations || C.& P., Car.& P. || Period || 1823-1841 || Jurisdiction || England & Wales"
C.P.,cp,GB,1,10,1865,1877,estimated,verified_research_agent,Cardiff Index to Legal Abbreviations,https://legalabbrevs.cardiff.ac.uk/record/law-reports-common-pleas/ ; https://legalabbrevs.cardiff.ac.uk/record/carrington-payne/,2026-09-11,"Law Reports, Common Pleas（语料 L.R. 前缀行 vol 1–10 落 1866–1877）；债4核实提案 2026-09-15：Cardiff 记录与现判定一致（verified_research_agent；research agent，not human-reviewed）；Cardiff: Law Reports, Common Pleas（Period 1865-1875；Jurisdiction England & Wales）；Cardiff: Carrington & Payne's Nisi Prius Reports（Period 1823-1841；Jurisdiction England & Wales）",GB,GB,"Law Reports, Common Pleas || Preferred Abbreviation || L.R.C.P. || Alternative Abbreviations || C.P., Com.P.Div., Com.Pl., L.R.C.P., Law Rep.C.P. || Period || 1865-1875 || Jurisdiction || England & Wales || Carrington & Payne's Nisi Prius Reports || Preferred Abbreviation || C.& P. || Alternative Abbreviations || C.& P., Car.& P. || Period || 1823-1841 || Jurisdiction || England & Wales"
C.P.,cp,QC,0,0,1965,1988,estimated,verified_research_agent,Cardiff Index to Legal Abbreviations,https://legalabbrevs.cardiff.ac.uk/record/recueils-de-jurisprudence-cour-provinciale/,2026-09-11,Cour provinciale（魁北克省级法院，以 [年] C.P. 引、不印卷号）。入表前 [1981] C.P. 292 类经归一键误落 C. & P.（英国），见 PROBLEMS #52；债4核实提案 2026-09-15：法域证据已取得（见 evidence_quote）；表内区间与来源 Period 边界不完全重合，区间留人工；confidence 维持 estimated；法域证据已取得，但表内区间与 Cardiff Period 边界不完全重合，区间留人工,QC,QC,"Recueils de Jurisprudence, Cour Provinciale || Preferred Abbreviation || — || Alternative Abbreviations || C.P. || Period || 1975-1985 || Jurisdiction || Canada, Quebec"
H.L.,hl,GB,,,,,estimated,verified_research_agent,Cardiff Index to Legal Abbreviations,https://legalabbrevs.cardiff.ac.uk/record/law-reports-english-irish-appeals/,2026-09-11,"House of Lords（L.R. H.L. 1866–1875 与 Clark 的 H.L. 1847–1866）；债4核实提案 2026-09-15：Cardiff 记录与现判定一致（verified_research_agent；research agent，not human-reviewed）；Cardiff: Law Reports, English & Irish Appeals（Period 1866-1875；Jurisdiction England & Ireland）",GB,GB,"Law Reports, English & Irish Appeals || Preferred Abbreviation || L.R.H.L. || Alternative Abbreviations || E.& I.App., Eng.& Ir.App., H.L., L.R.E.& I.App., L.R.Eng.& Ir.App., L.R.H.L., Law Rep.H.L. || Period || 1866-1875 || Jurisdiction || England & Ireland"
Eq.,eq,GB,,,,,estimated,verified_research_agent,Cardiff Index to Legal Abbreviations,https://legalabbrevs.cardiff.ac.uk/record/law-reports-equity-cases/,2026-09-11,"Law Reports, Equity Cases（L.R. Eq.，1865–1875）；债4核实提案 2026-09-15：Cardiff 记录与现判定一致（verified_research_agent；research agent，not human-reviewed）；Cardiff: Law Reports, Equity Cases（Period 1865-1875；Jurisdiction England & Wales）",GB,GB,"Law Reports, Equity Cases || Preferred Abbreviation || L.R.Eq. || Alternative Abbreviations || Eq., L.R.Eq., L.R.Rep.Eq. || Period || 1865-1875 || Jurisdiction || England & Wales"
P.C.,pc,GB,,,,,estimated,verified_research_agent,Cardiff Index to Legal Abbreviations,https://legalabbrevs.cardiff.ac.uk/record/law-reports-privy-council-appeal-cases/,2026-09-11,"Law Reports, Privy Council Appeals（L.R. P.C.，1865–1875）。枢密院案件的来源地属 case_origin.csv 辖区；债4核实提案 2026-09-15：Cardiff 记录与现判定一致（verified_research_agent；research agent，not human-reviewed）；Cardiff: Law Reports, Privy Council Appeal Cases（Period 1865-1875；Jurisdiction United Kingdom）",GB,GB,"Law Reports, Privy Council Appeal Cases || Preferred Abbreviation || L.R.P.C. || Alternative Abbreviations || L.R.P.C., Law Rep.P.C., P.C., P.C.App. || Period || 1865-1875 || Jurisdiction || United Kingdom"
P.D.,pd,GB,,,,,estimated,verified_research_agent,Cardiff Index to Legal Abbreviations,https://legalabbrevs.cardiff.ac.uk/record/law-reports-probate-divorce-admiralty/,2026-09-11,"Probate Division（L.R. P.D.，1875–1890）；P. & D.（1865–1875）归一后同族；债4核实提案 2026-09-15：Cardiff 记录与现判定一致（verified_research_agent；research agent，not human-reviewed）；Cardiff: Law Reports, Probate, Divorce & Admiralty Division（Period 1875-1890；Jurisdiction England & Wales）",GB,GB,"Law Reports, Probate, Divorce & Admiralty Division || Preferred Abbreviation || P.D. || Alternative Abbreviations || L.R.P.D., P.& D., P.D., P.Div., Pr.Div., Prob.Div. || Period || 1875-1890 || Jurisdiction || England & Wales"
